-1.05345,6.04444,-3.57130,-2.79807,1
4.35263,8.72794,-5.54533,-3.33503,0
4.01867,3.92545,-0.94336,0.81326,0
0.89855,8.69949,-2.30402,-4.62202,0
1.48096,7.94051,-1.43129,-3.55665,0
-0.99621,3.29713,-2.98979,-6.16673,1
0.50991,-0.84038,6.41909,0.85426,0
8.12045,6.69105,-7.64179,-0.87494,0
-1.47132,2.78214,-2.04514,-3.77994,1
0.04342,2.07265,5.99163,-0.47736,0
2.52803,7.71819,-1.07065,-0.54582,0
-1.60238,1.14870,-0.23825,-0.62083,1
3.45509,5.29800,-2.63588,-0.08741,0
-2.03058,12.81157,0.44910,-6.18529,0
0.53967,10.15588,0.83626,-4.20832,0
-3.94228,4.39905,0.62880,-1.74876,1
3.34175,-6.21614,3.79148,-0.54075,0
-5.28238,-14.30041,17.48302,-3.06319,1
-0.52279,5.11487,-3.39168,-4.63596,1
-1.69310,-1.52047,1.69372,1.61833,1
-1.35817,-9.11618,6.97414,0.26759,1
1.40742,7.04397,0.62045,-1.24750,0
0.58562,9.60779,-0.79481,-5.18212,0
-2.89682,-7.49720,9.99775,-1.78319,1
-1.13958,10.28156,0.38900,-3.93463,0
-4.03381,-8.21818,12.17626,-0.17437,1
5.37022,1.50093,1.23884,2.39395,0
-0.11817,1.15540,-0.45129,0.88109,1
-0.77565,5.67739,-2.70061,-3.63420,1
-2.13663,-7.82630,6.38463,-0.82342,1
4.78937,-5.49744,-0.50973,1.48896,0
1.23959,3.98536,0.62862,-0.73950,0
-0.74557,11.67853,-1.52477,-6.30489,0
-3.27979,9.27127,2.47019,-4.42946,0
-1.06416,0.41568,0.81009,-0.19300,1
0.59250,6.95107,17.13538,7.46990,0
3.20536,10.51407,-2.17818,-13.02986,0
0.98487,0.04396,2.48424,-0.14889,0
-2.52824,11.98880,2.09120,-7.32265,0
-4.85110,-19.04693,0.72278,-13.07764,1
1.74110,10.16313,-1.38598,-4.55769,0
2.14224,-0.99666,6.70315,-0.10913,0
-0.02937,-1.09999,-0.23419,-0.08646,1
-1.23885,-2.90961,5.52284,-1.37726,0
12.38271,-4.77666,0.69719,1.72461,1
1.78227,-4.89703,6.00270,-1.51652,0
-1.83514,7.99411,1.66695,-3.54060,0
0.37863,6.69978,0.82222,-0.83513,0
3.21867,6.52459,-1.43873,-0.59070,0
3.21501,5.04229,-0.50231,-0.84039,0
0.61470,10.12566,-0.84042,-5.39714,0
-0.55107,0.82343,-0.35422,-0.79678,1
3.09877,9.47780,-4.76286,-3.92726,0
0.79717,0.53811,-1.36570,-0.46183,1
3.19400,1.43509,2.39024,1.23259,0
-0.17107,0.49044,-1.21390,0.43727,1
2.12979,3.37185,1.47650,0.31345,0
-2.73684,-11.73352,12.19205,-2.40270,1
-0.33397,3.61411,5.26241,0.33702,0
3.04026,5.42252,-1.15974,0.10975,0
2.11874,-6.16764,8.12019,-0.05096,0
0.08372,0.92823,-1.85179,0.83574,1
-0.38765,3.98747,-3.14618,-5.39927,1
0.60191,-3.72349,5.34188,-1.48081,0
1.65807,0.44137,1.89538,-0.28130,0
-2.14853,-2.34959,3.47019,1.57568,1
3.96246,3.89066,-0.19765,1.34079,0
-2.08881,-7.33242,8.59116,0.84844,1
-2.99961,4.28425,-0.95380,-4.14486,1
0.72476,7.80621,-0.16526,-1.37385,0
2.05335,8.36242,-4.98796,-4.63314,0
1.01046,-2.45168,5.15952,0.44371,0
5.35463,2.89243,-1.91241,0.68820,0
2.24121,4.26934,1.18117,0.36929,0
2.12713,7.67692,-0.50341,-1.45130,0
-0.93016,0.92646,-1.69464,0.44381,1
0.28002,-2.24864,5.67948,-0.41564,0
-0.23341,5.07082,-3.97808,-4.33548,1
-0.87595,1.86635,-1.67723,0.02019,1
3.85595,0.90756,2.93852,2.05837,0
-2.78436,-7.83659,7.21415,-0.83113,1
4.26896,-3.66163,5.73947,-0.34421,0
2.65313,9.56189,-3.05080,-1.95099,0
4.48353,9.05594,-1.97171,-2.49509,0
-2.59213,4.89396,-0.56170,-2.16202,1
2.89918,1.91479,0.80948,0.50612,0
-1.97039,8.41386,3.36377,-1.78383,0
2.77345,0.52604,3.18615,0.96827,0
-2.43312,-12.43950,12.34858,-0.76354,1
-1.59177,-0.20719,1.51693,0.03389,1
0.80995,0.10318,-2.87184,0.50997,1
-0.37491,2.91268,-3.40889,-0.90529,1
-0.39240,-5.28801,3.93842,1.16957,1
2.32308,-1.35372,5.40613,1.69294,0
3.61736,3.25043,1.08833,0.85590,0
5.60979,7.74313,-2.18355,-0.81477,0
-0.21841,-3.30526,1.42661,1.07025,1
-1.05919,0.25204,0.22132,-0.24885,1
0.94031,-0.11029,-1.53749,-0.27406,1
-0.12644,1.97981,-1.45622,-0.38420,1
2.38332,-1.32258,3.63919,-0.08858,0
2.71095,12.38475,-0.44239,-3.34282,0
1.76520,10.68718,-1.76716,-5.49841,0
-1.39568,-1.50794,0.10039,1.28862,1
-1.14094,0.97236,-1.14129,-0.36631,1
2.62079,3.71252,2.20254,0.68133,0
2.80511,1.80956,3.28067,0.97694,0
-2.11768,0.45139,0.20132,-0.78311,1
-4.33619,-9.39095,14.59013,-1.10117,1
4.15543,7.52315,-3.24762,0.12884,0
1.64015,10.62366,-0.96335,-4.41288,0
1.82497,5.56302,-6.65655,-5.33105,1
3.78035,9.18167,-5.04465,-2.91414,0
3.23539,-3.70888,8.55011,0.34920,0
-4.05750,-15.45315,16.53447,-2.52528,1
-2.03708,11.10944,1.15917,-2.42625,0
1.32426,-0.03995,-1.59426,-0.34174,1
2.00217,-6.59986,4.95668,-1.61574,0
4.45524,4.71579,-0.64525,0.61687,0
1.58178,6.91841,1.64149,-1.72158,0
-0.38947,5.28396,-4.31603,-6.20079,1
1.47341,10.71817,-0.28441,-4.87927,0
0.59940,2.16880,-4.89294,-0.78387,1
-4.59994,4.66817,-0.71221,-4.89354,1
3.66024,2.13868,2.08756,1.01866,0
1.40682,7.23838,-0.85831,-0.26572,0
2.68719,1.36727,0.99395,0.61305,0
1.63988,6.42626,-0.59938,-1.06428,0
-3.01183,-11.19118,11.34035,-1.94749,1
4.32615,-2.97352,3.09718,0.73347,0
-6.73248,6.55653,0.82820,-8.11003,1
5.54372,1.04532,0.09351,1.16325,0
1.38140,-4.52770,7.27306,-0.59149,0
3.97572,9.21440,-1.07546,-2.88222,0
-1.37607,0.39370,1.58270,0.19317,1
0.04126,-8.59396,5.69586,-0.01682,1
2.31837,0.30168,3.39574,1.46712,0
0.18636,6.46648,-5.02754,-7.03197,1
0.52992,-3.77741,6.48884,0.28369,0
-2.48988,-9.79781,11.23978,-1.45137,1
4.56503,-2.05991,3.72735,1.47820,0
-1.05771,-1.54497,2.49369,1.90223,1
-2.66165,2.79102,-0.28124,-0.03596,1
2.91418,-28.48476,3.72654,-9.57909,0
-1.17265,-0.60798,1.47696,1.69857,1
-0.42063,5.51365,-4.72193,-6.24963,1
2.92756,11.45910,-6.36428,-5.41999,0
3.64824,-3.86585,2.34069,0.35528,0
2.36460,-2.15221,5.37124,1.19888,0
1.33526,10.86870,-1.66996,-4.97917,0
0.05522,3.30409,-2.85188,-2.96928,1
-3.32971,2.74545,0.36773,-1.12310,1
2.24205,6.47733,0.32668,-3.84128,0
0.78510,1.58467,-2.30396,-1.23370,1
-3.00665,9.87893,0.52176,-5.77492,0
-0.89407,2.76221,-3.34857,-2.55182,1
3.19521,9.41545,-3.16910,-4.09128,0
3.78363,-1.26134,4.02280,1.03265,0
-0.69092,8.18566,-0.33776,-4.64946,0
-2.66105,-13.20883,0.96269,-7.41584,0
1.98908,-0.53050,1.90046,-0.90195,0
1.20085,11.01907,-1.17393,-5.35622,0
-1.94951,-0.89681,1.14097,-0.39137,1
4.22248,-0.92891,2.26270,-1.08675,0
3.76628,3.15386,0.46288,1.36002,0
4.83565,1.40885,0.93031,0.64723,0
-3.75275,-10.18128,16.05775,-0.42935,1
-1.16211,-9.66749,10.56278,0.71708,1
-1.75035,1.01460,-1.34191,-0.95456,1
3.87475,4.09096,-1.22062,0.14729,0
-0.20270,-1.17484,7.47695,-1.19449,0
-0.84824,-6.38275,5.36585,-0.28569,1
-3.82598,0.33166,1.48415,-1.41222,1
-4.25497,5.54530,-0.92200,-6.51576,1
2.86538,-1.01283,3.21447,0.70426,0
2.20378,-5.46987,5.20998,-0.27705,0
4.63125,3.54178,-1.72952,0.75386,0
-3.51249,-12.90721,14.68867,-2.13622,1
2.40495,9.90514,-4.42100,-4.72816,0
1.63956,0.36372,-2.62561,0.24922,1
0.28380,0.43699,-1.96127,0.36558,1
4.25384,-26.33095,3.28230,1.49756,0
0.51170,8.00457,-3.08247,-5.48672,0
0.98122,11.71902,-3.94328,-7.97041,0
3.96067,7.15164,-1.57825,-1.53852,0
-2.86236,0.16349,-0.17012,-1.57236,1
4.65411,-1.74690,0.32816,0.29997,0
-1.37321,0.97022,-0.81360,-0.50993,1
4.91641,-1.96644,1.97368,2.08662,0
2.07743,-4.35655,3.90823,-0.79949,0
2.06705,0.63279,-2.01102,0.10637,1
4.96365,1.95694,2.23087,2.18356,0
-0.84079,11.12641,0.20579,-3.70400,0
3.50419,4.26831,0.08011,0.54432,0
-1.09136,1.68709,-0.17383,-1.04352,1
1.09469,8.70075,-1.97552,-4.06738,0
0.84837,0.41091,3.05670,0.07287,0
0.12225,5.30726,1.52518,-0.81244,0
3.08102,-1.88519,6.59387,0.85622,0
0.22465,9.14542,-0.09449,-3.23846,0
7.21710,7.06899,-3.72714,-1.17595,0
-2.48684,-3.60439,4.45290,0.84066,1
0.23417,1.42990,2.46502,0.07477,0
1.27538,11.07977,-1.25173,-4.78790,0
-1.97259,-4.98649,6.36074,-0.07668,1
3.97960,-4.54568,3.33907,1.17713,0
-2.74534,0.67072,-0.46306,-0.88089,1
0.26814,-0.77424,7.03865,-0.45339,0
-0.56940,0.34153,-0.29696,-1.03673,1
3.31739,-1.94253,0.80504,0.66340,0
7.11795,-0.18042,-0.03866,1.95608,0
-1.97805,-2.63537,3.50703,0.78111,1
-2.56031,-2.18356,2.36644,0.38263,1
-2.49347,-12.44851,11.51282,-2.32306,1
-0.00553,11.32321,-1.20399,-6.60642,0
-0.74688,0.05781,0.06435,-0.25735,1
-3.18067,6.55280,-2.11637,-4.23919,1
-2.17623,3.95237,-1.63635,-1.75213,1
-1.19049,-1.98886,3.19059,1.49684,1
1.96402,7.42842,-0.41993,-0.18786,0
-3.27918,-0.24378,2.06650,-0.07832,1
-7.19348,6.43170,1.14204,-5.34476,1
2.00611,1.78064,-2.55160,0.13373,1
2.00601,-2.10802,5.88001,0.22299,0
-2.33147,-10.72913,10.45168,-1.06724,1
-1.62201,9.21359,-0.45097,-4.10524,0
-0.48134,0.30323,-1.33227,0.39485,1
-0.41340,0.74675,-1.27969,0.18432,1
4.74532,4.38398,-0.50676,0.09061,0
-1.25425,9.75625,2.91834,-3.86001,0
1.38661,0.81703,5.32775,0.52611,0
1.11206,-0.15878,5.48556,-0.10300,0
-0.09343,9.29813,-0.30056,-2.86358,0
-4.05732,7.97941,-1.04914,-6.11529,1
0.01075,9.13609,-0.99063,-2.72052,0
5.71554,8.00620,-3.66925,-3.06029,0
-0.18465,0.35317,4.09767,-0.50041,0
2.86832,3.70404,0.23323,-0.08295,0
0.80033,2.90852,-4.61768,-3.37871,1
-2.26605,-7.17921,7.74583,-1.23597,1
-2.01168,0.50625,0.75606,-0.55192,1
3.04664,8.05322,-1.95545,-1.50133,0
3.61354,-4.99106,1.47909,0.15376,0
-3.57730,12.36337,0.95775,-5.84534,0
4.03515,-1.91893,4.15315,2.04164,0
-1.55310,-0.85738,6.01483,-1.52666,0
-4.14614,5.49117,0.61530,-3.23787,1
2.68317,4.04425,1.43399,-0.20465,0
2.11796,6.10359,-0.59718,-0.57241,0
3.00182,8.89330,-1.08981,-3.59492,0
-0.95117,1.17270,-0.04095,0.55684,1
-1.65528,0.62674,5.20738,-1.53132,0
-2.46355,-7.62955,10.01791,-0.28343,1
4.62302,-0.35705,-7.11458,-1.65434,1
5.82706,8.97255,-3.56027,-1.00995,0
-1.20860,-0.16899,0.56975,-0.69296,1
-1.97919,11.14977,-1.23486,-4.83927,0
1.06366,0.61406,-2.28504,1.97930,1
1.48898,10.16375,-5.19481,-4.45980,0
1.81300,9.76449,-0.69528,-0.92574,0
1.09437,10.60931,1.13975,-3.59731,0
1.41595,0.50564,-4.15227,-0.12668,1
-3.35630,15.75583,-7.68161,-2.67545,1
4.28956,8.38141,-3.66908,-0.42976,0
4.25255,-0.86729,-0.53614,0.96541,0
5.63628,6.84555,-0.89339,0.96310,0
-0.78826,0.75429,0.46637,-0.36620,1
4.88512,7.71986,-5.03196,-2.45692,0
6.89340,-2.13458,2.36334,3.97723,0
-0.08495,4.83050,4.61593,-0.34704,0
1.52764,10.64853,-1.98545,-3.95371,0
-4.98803,-11.94542,17.42181,-3.24102,1
-1.67350,-4.65260,4.93972,0.36768,1
-2.54381,1.96952,0.19805,-0.53057,1
1.17108,0.33569,6.09592,0.61779,0
-1.45806,3.84717,-3.11497,-4.92316,1
-0.57160,-0.01113,0.20980,1.39027,1
2.49318,5.38529,-0.44301,-0.26693,0
-0.18789,0.71811,-0.82825,0.86207,1
0.70824,11.07243,-0.56890,-2.16913,0
0.03448,0.98462,-2.72074,-2.80667,1
2.65909,-2.27251,3.86130,-0.66995,0
-3.54831,-4.36995,6.88457,-0.10571,1
-2.49124,-6.55955,4.58147,0.26446,1
-2.20100,-7.33445,10.53848,0.51349,1
-3.31339,6.36800,-1.73163,-4.20198,1
0.92176,2.41395,3.43330,0.94647,0
0.42543,1.72901,4.29257,0.26465,0
1.38544,6.53663,-0.13852,-0.36403,0
5.15606,8.26031,-2.45320,-3.38617,0
3.69013,10.16842,-1.54088,-4.05572,0
-2.18368,5.15902,-2.33831,-3.61453,1
-1.73688,-0.92207,3.12766,0.86335,1
1.40237,10.04752,-1.91720,-1.63483,0
-1.98262,0.86554,1.51890,0.26279,1
-4.17489,6.48884,-1.26189,-3.76790,1
-1.01655,-0.69665,0.38475,0.66717,1
-1.08137,4.96294,-2.83250,-2.76059,1
-0.19059,-5.46530,7.55307,-1.72610,0
-2.32564,2.21420,-0.38615,-1.18674,1
-2.34293,4.54829,-1.36656,-3.10682,1
1.63622,3.08119,19.84767,1.27471,0
-0.96958,3.03385,-3.23143,-1.11935,1
0.68780,6.96523,-0.11695,-0.43712,0
3.46959,2.47052,1.99385,1.84669,0
1.23117,9.84031,-2.14798,-4.13074,0
0.05392,0.95154,-1.73449,0.14232,1
-1.48210,3.92573,-1.90182,-4.41023,1
0.42838,-4.01862,9.72842,-0.37862,0
4.49406,8.91294,-1.36408,-2.85256,0
-3.56284,-5.95510,8.44333,-0.49746,1
0.45841,1.69566,-2.92214,0.11671,1
-0.20280,-8.24135,6.73936,-0.00993,1
-4.06642,6.85572,-1.69941,-5.71796,1
2.04079,-3.00308,3.44624,-0.17183,0
-5.14069,7.58407,0.29783,-4.04157,1
1.96675,9.23033,-2.16891,-4.51794,0
-5.08233,6.54863,-0.45063,-4.77808,1
0.32542,2.28504,-2.22956,-0.80918,1
-0.64438,10.94684,-3.07740,-5.58003,0
-3.01916,-0.43392,2.46148,-0.70592,1
7.98225,6.84959,-2.33111,0.82283,0
-2.73782,6.14473,-1.97608,-5.19026,1
-0.53471,0.21870,-0.48457,-0.53970,1
-3.03097,6.52159,-0.44849,-3.96204,1
-4.29764,4.35298,0.08446,-4.40981,1
5.02232,11.03578,-4.02598,-4.87249,0
1.08686,0.17694,-1.35687,0.90984,1
-0.53068,-1.78432,1.11018,0.73951,1
1.94713,6.20345,0.30969,-0.20765,0
5.10508,4.05870,-1.46800,0.99654,0
5.57266,8.63941,-3.91781,-1.35931,0
6.29936,4.60382,-2.49604,1.37617,0
3.46086,7.38511,-2.88410,-0.62927,0
-0.12894,1.45860,-1.66527,-0.53307,1
3.66003,8.35360,-1.64980,-2.58730,0
0.54876,5.75862,2.63920,0.15946,0
-1.39035,-1.68612,2.54629,1.36803,1
-4.31309,3.85132,-0.60486,-3.14293,1
2.06389,8.53062,-19.13689,-11.73470,0
-0.32767,11.77052,1.03661,-4.84236,0
-0.36781,-0.02797,0.15462,-0.30253,1
3.51028,10.18854,-3.31314,-4.06411,0
-0.05996,0.80039,-0.48704,0.96636,1
0.43113,0.60962,-3.16130,-0.79184,1
3.21869,8.59013,-1.66767,-1.05226,0
-1.53085,10.80740,-0.27268,-6.01731,0
-0.81148,-0.47980,1.77347,0.06545,1
-0.33690,-0.10834,-1.35642,-0.18538,1
-4.53179,4.31724,-0.18651,-2.08455,1
-0.75207,0.13250,0.45743,-0.93386,1
0.18692,3.83071,3.53502,1.06385,0
1.23013,-0.40818,1.73171,-0.46490,0
3.34288,4.92831,-0.72440,-0.63025,0
-2.21017,-5.08019,4.60854,-0.91687,1
-0.81627,11.72990,-0.37109,-3.81870,0
2.53406,7.26743,-1.74477,-1.79706,0
2.89014,12.57992,-3.89786,-5.24133,0
-3.98549,-9.54076,12.74789,-1.05304,1
0.38258,5.40483,2.03164,0.42612,0
2.07279,8.22119,-1.86157,-0.82838,0
1.44682,12.89443,-2.24227,-6.43964,0
4.62855,7.79953,-1.13130,-1.54322,0
-0.09703,1.45924,-1.64870,-0.30985,1
3.31248,7.65329,-4.03866,-2.47051,0
1.44014,1.65042,-2.04895,0.08745,1
1.12511,1.84516,-3.62525,-0.74820,1
0.07633,-7.07823,2.67453,1.95123,1
0.02239,10.71963,-2.76489,-6.86498,0
5.70529,0.45916,-0.85785,1.46089,0
3.71802,3.46605,-0.37548,1.03600,0
-0.98225,0.54915,-0.25914,0.60642,1
1.89558,7.21587,-2.03411,-1.32379,0
1.30539,-0.29316,4.22464,-0.57911,0
1.38903,5.71617,0.36844,-1.25941,0
-0.29861,0.63124,-2.30851,-0.21817,1
-2.76671,-1.15587,2.41670,1.03683,1
3.96040,2.08843,0.91255,0.37727,0
1.87548,-4.14901,8.13010,0.41775,0
2.75325,-1.10699,4.23311,2.21511,0
-1.23496,5.09664,-3.79077,-5.14723,1
-2.13146,3.54964,-1.88211,-3.25481,1
1.05416,7.89127,1.07907,-0.67725,0
4.28321,1.48751,0.93827,1.01241,0
1.30287,-7.89942,9.74735,-1.22388,0
-2.18514,4.36941,-1.88428,-2.07987,1
-1.19965,-7.98012,6.49243,0.16991,1
2.55418,8.17273,-3.06448,-3.62975,0
3.82817,10.51225,-3.13428,-3.17016,0
1.88630,8.87531,-0.83358,-0.77926,0
-3.43046,-0.01138,1.57414,-0.23742,1
-0.71906,-0.38926,0.22309,0.07632,1
1.58197,11.26164,-4.38296,-2.31367,0
2.55061,2.36115,2.12761,-0.38027,0
0.34315,7.69360,0.45044,-2.83611,0
-0.07113,4.22343,-4.52704,-5.14212,1
-1.68422,5.49289,-2.83766,-4.51771,1
3.84518,4.11981,-1.72285,0.40176,0
1.70815,10.87144,-3.59048,-1.81560,0
3.77254,-3.00624,5.03984,0.13042,0
-0.40383,8.80744,1.34419,-2.28182,0
-1.88945,3.56811,-2.16914,-3.85085,1
-2.75592,-7.46467,8.62185,-0.14579,1
-4.07167,-9.21537,13.89749,-2.13333,1
1.83383,7.57339,-3.89965,-4.31693,0
-0.84699,-0.60626,3.30118,-0.53093,0
4.96299,5.03980,-1.07088,1.50577,0
-7.09368,10.99121,-0.26312,-8.53909,1
1.76349,2.67081,2.31238,0.80931,0
3.26585,-3.48028,4.31768,0.18475,0
-1.47610,3.14094,-3.18091,-3.91950,1
4.07058,9.57047,-6.31344,-1.55632,0
2.15995,6.98507,1.15678,0.10392,0
-2.12216,5.76392,-2.75858,-5.05015,1
-3.59550,-11.59218,14.39128,-2.19661,1
0.40397,-3.36179,-0.94222,0.92171,1
0.48624,-2.54238,6.86872,-1.02224,0
0.38315,8.00056,-1.89054,-5.21790,0
-1.70130,-7.58783,6.80342,-0.08146,1
-0.48932,-0.01681,-0.60561,0.37776,1
-1.87960,5.15054,-2.49217,-4.65525,1
2.45792,0.86207,1.47976,-0.13156,0
2.63197,9.47341,-0.71293,-3.19990,0
-0.53972,-1.00624,1.93168,1.01720,1
-1.28641,-8.41589,8.42300,-0.10618,1
-0.18802,2.68583,-3.77226,-0.70611,1
-2.79982,-0.91968,3.45926,0.88987,1
3.76360,-6.88898,5.68461,-1.02407,0
-2.86248,-6.06653,6.68342,-0.63474,1
-1.50941,-4.65234,5.56531,0.64403,1
3.55982,3.73289,0.88253,0.18511,0
5.78086,8.82766,-6.73584,-3.73659,0
2.39957,-2.46728,5.15219,0.62547,0
0.98715,6.93470,-0.88430,-2.11714,0
-0.05105,0.53190,-1.21845,-0.60083,1
1.32450,12.32046,-1.10418,-5.36364,0
1.92286,4.03454,-5.05475,-4.36123,1
1.99830,8.21971,-1.19932,-1.97942,0
1.46565,-2.95168,4.63186,-0.99645,0
-3.85361,5.68943,-0.57408,-5.68818,1
0.39796,7.77046,1.18083,-3.23046,0
-5.61176,5.86734,1.90910,-2.97663,1
-2.92843,-7.79077,9.90992,-1.43704,1
2.32649,9.11733,-2.42780,-0.92353,0
1.96996,0.12726,0.89545,1.20049,0
6.12492,7.94536,-3.72895,-3.60524,0
1.91005,9.43038,-2.43584,-3.99635,0
-0.12726,9.93785,-2.59450,-5.92383,0
4.06630,-3.11826,5.25013,0.89215,0
5.25806,7.78937,-3.46972,-0.02017,0
2.26252,-0.72512,1.25183,0.21562,0
-2.35240,-11.16266,10.44283,-1.84619,1
2.81410,8.97827,-2.11551,-0.71827,0
-0.34346,-1.23015,0.24101,0.68154,1
3.03187,-4.10062,5.21554,0.56430,0
1.14201,-1.96078,5.27277,-1.14936,0
2.68659,3.83624,0.14754,-0.56483,0
0.75510,2.19687,-3.05235,-3.03922,1
2.24846,-4.01268,5.58496,1.43611,0
1.70189,-1.03196,4.11926,0.76418,0
0.35455,2.55744,-3.55975,-4.64193,1
-1.27649,-6.82362,4.78965,0.28778,1
2.89222,-3.51353,2.17913,-0.97994,0
-3.31567,-0.27262,3.47310,-0.06815,1
-2.14986,2.11962,-0.89073,-1.10134,1
-1.21463,-9.64098,9.19946,-0.49532,1
-1.73212,-1.28351,1.85849,0.77605,1
3.39467,6.64658,-0.55832,0.39589,0
4.02180,7.56207,-2.67334,-0.69573,0
0.47273,-2.04444,5.37591,-0.92589,0
4.03068,7.26162,-2.42968,0.50617,0
3.04642,-2.08404,2.93028,-0.12281,0
-1.07042,9.49486,1.21139,-1.77277,0
-1.28541,-0.48483,0.48651,0.23977,1
4.42789,-5.91881,1.35408,0.46864,0
4.81534,9.64572,-4.05564,-4.53318,0
-1.50148,3.34876,-2.97552,-3.51987,1
-2.32029,-8.02514,7.81468,0.12696,1
-0.16433,9.63688,-0.59586,-2.89371,0
-2.55863,3.60171,-1.33738,-3.47577,1
3.69031,3.34192,0.35174,0.31476,0
3.73112,-4.64359,5.95442,-0.62786,0
14.89300,5.23451,18.84787,-0.01672,0
5.28089,7.44695,-4.75142,-2.15575,0
-0.64253,-1.52715,6.53189,0.31393,0
-3.39729,5.34436,-0.35996,-4.91394,1
-4.12958,5.72043,-0.05478,-3.49286,1
0.72835,-0.85012,6.85337,-0.25368,0
-3.37674,-0.18202,8.67241,-1.36312,0
0.94273,4.11070,1.09919,0.26763,0
3.82862,-1.29998,0.80981,0.11995,0
-2.31207,-7.82045,10.46316,-0.66264,1
-0.18525,-0.69803,0.75470,0.86973,1
-2.89976,-2.93520,7.16272,0.34194,1
3.85438,4.13414,-1.06155,0.23706,0
0.56981,11.61640,-1.62224,-6.57138,0
-0.86888,2.17847,-2.71144,-3.36429,1
5.52730,-2.79676,1.99869,2.63002,0
1.01971,6.01929,1.16525,-1.04133,0
-5.12703,4.32249,0.24638,-4.55201,1
-3.01803,4.54350,-0.18553,-3.02739,1
-3.28623,4.74999,-1.86577,-4.12513,1
-3.17781,5.15380,-0.84178,-5.29844,1
0.09503,1.68018,-2.70377,-0.44726,1
2.81499,-1.71287,3.18222,0.55718,0
5.77781,-6.73284,1.42375,-0.08339,0
-4.39115,3.28231,-0.05428,-4.54683,1
-1.63777,-6.26553,5.93413,-0.75211,1
5.24423,-8.60248,3.51145,-0.60666,0
1.96192,5.42115,0.70216,-1.36746,0
1.26431,8.26046,-1.84159,-1.16126,0
-1.07936,11.41433,-1.34726,-2.90834,0
-1.17436,-1.71496,1.25043,0.26039,1
0.86369,0.33140,-0.63177,0.64254,1
-1.81076,1.47875,-0.37186,1.39138,1
1.68738,6.34783,1.26579,-0.28135,0
-0.77136,10.31196,0.14702,-3.75146,0
0.95054,8.34681,-2.32437,-3.98485,0
2.23694,7.02853,-1.59933,-2.12202,0
-2.63861,3.45476,-2.59317,-5.18433,1
-1.07496,2.92241,-2.86431,-2.05657,1
4.23638,8.62657,-4.03399,-4.60179,0
1.26143,-0.40214,5.93757,-0.11618,0
-2.73480,11.49123,1.00632,-7.28976,0
3.36126,7.40999,-1.55696,-2.17139,0
1.93549,7.70773,-0.10296,-0.73093,0
2.74644,8.39041,-2.90123,-0.50019,0
-4.28346,5.45080,-0.28183,-14.09905,1
5.24567,-1.54273,0.63572,1.21690,0
-2.69395,11.34851,1.18161,-4.76163,0
2.62116,4.52667,0.38179,0.87605,0
-0.11274,1.12299,-0.91013,-0.31373,1
4.90547,-0.06797,1.33802,2.12703,0
-1.24135,-6.89161,6.21113,1.52082,1
3.08764,2.68693,0.98201,0.48694,0
-2.80032,-9.43629,11.13381,-0.98842,1
-2.92280,0.32607,1.75516,0.14417,1
1.47505,-3.80621,8.39609,-1.05185,0
2.04732,-2.25384,4.70935,-1.71211,0
-1.27420,-4.44241,5.43259,-0.28100,1
-1.09719,0.54922,-0.61607,0.08135,1
3.74000,11.94239,-4.86846,-5.96262,0
-2.28371,-15.94750,13.31071,-1.96400,1
3.84669,6.17786,-2.11259,-1.45314,0
0.88723,0.50428,-1.64626,-0.30084,1
-3.50709,-11.16895,14.32631,-0.61828,1
0.71421,9.39583,-0.66110,-3.00959,0
-2.90350,-7.43842,8.38604,-0.78312,1
-2.95335,-12.26937,12.30447,-1.99284,1
1.97396,5.05196,1.28761,1.21845,0
3.02401,6.54623,-0.72442,-0.65411,0
-0.95957,24.61523,-1.00470,0.41020,1
1.56125,9.12778,-3.33237,-1.62616,0
3.89303,7.88898,-5.10692,-1.13148,0
-2.79039,-9.36114,11.00111,-1.21539,1
-4.87464,3.02060,0.85849,-3.77018,1
1.30680,8.53716,0.33552,-3.31351,0
-2.02177,-7.28060,6.16529,1.10038,1
-1.41664,-8.59756,6.69414,-0.61287,1
-0.54398,8.31803,2.44882,-3.62923,0
-3.25089,-12.96490,14.18258,-3.01790,1
-3.41815,2.85040,0.00156,-2.19328,1
0.48639,9.01871,-0.76883,-1.62132,0
-3.25184,-12.60605,17.01248,-2.35714,1
-1.29200,-8.97707,6.34901,-0.39956,1
1.39843,7.18990,0.02429,0.43951,0
-2.69881,7.95747,-0.74448,-3.23659,0
2.14307,2.78293,-4.33137,-3.15760,1
3.38790,2.55061,-1.08941,-0.15328,0
1.29766,-1.85157,2.77902,1.11662,0
3.26761,9.98951,-0.94311,-2.80390,0
-1.14845,0.57409,-0.54515,0.40948,1
-0.38269,-2.73104,-0.60316,1.37084,1
4.29837,9.71129,-1.40581,-1.47543,0
-1.94785,-8.76079,7.92602,-0.77018,1
-2.52276,-0.19553,1.22878,0.16595,1
0.49135,-3.57503,1.84075,1.66654,1
-2.33707,-4.07529,3.95845,-1.06802,1
-6.78782,5.87901,2.25871,-4.46800,1
-3.55919,-7.34582,9.52833,-0.67640,1
1.42926,2.44245,-5.43030,-2.70296,1
2.12195,8.34548,-1.31145,-1.37177,0
1.96100,-0.40925,-2.59101,0.61967,1
3.22061,5.90306,-0.68369,-0.92341,0
0.82936,-3.24496,5.76054,-0.87479,0
1.59982,10.63827,-1.74348,-3.81192,0
5.05057,10.05564,-4.53137,-1.14748,0
0.97081,7.96635,-0.71711,-3.93503,0
2.14487,9.09734,-2.45622,-3.92799,0
6.17277,-1.85511,1.57391,1.62387,0
5.83633,0.11453,2.14291,2.42576,0
-1.32778,7.04825,-4.52069,-6.18451,1
-3.29134,4.92708,-0.28877,-5.30100,1
-2.28738,-6.28457,8.17386,0.36236,1
0.70847,10.50338,0.17534,-5.27091,0
-4.36330,-10.14717,14.25420,-1.80802,1
-0.95937,9.91554,0.53776,-5.67650,0
1.43683,-3.41733,3.39042,-0.32267,0
3.64520,3.10248,1.40288,0.58088,0
1.98920,-6.81009,4.44583,-1.36365,0
1.22602,-5.53551,5.66841,-0.91212,0
-2.40621,3.70789,-1.21810,-3.83250,1
-5.93922,-11.10627,17.05754,-2.42179,1
1.86156,6.39682,-0.11414,-0.18544,0
0.00607,8.60277,0.62267,-0.79092,0
1.16847,0.13031,5.23698,0.69843,0
2.61060,7.92242,-2.41917,-0.93705,0
-1.88602,0.13300,0.50712,0.86917,1
-1.44066,-2.00891,1.61863,1.32094,1
-1.66377,1.95129,-1.52658,-1.17009,1
0.53606,4.56906,-4.09998,-2.85003,1
2.09296,3.95830,1.83913,-0.03017,0
2.95904,-1.69471,2.08447,-0.82498,0
4.28667,5.91049,-3.29794,-0.00607,0
-0.17878,-3.43796,9.17540,-1.54199,0
-3.78058,7.24746,-1.58657,-4.37284,1
5.82149,8.70644,-8.24074,-4.14524,0
4.01411,8.69214,-3.17991,0.29621,0
4.85782,8.98789,-4.02337,-2.29395,0
0.48454,0.13128,3.37543,-1.00078,0
-0.87325,12.45753,-1.99299,-5.53575,0
1.79537,-1.54965,1.77898,0.10677,0
-1.17592,-1.78421,1.39676,1.07493,1
4.83203,6.27855,-3.70980,-0.21041,0
0.01250,-2.32120,4.91710,-0.17781,0
-2.45770,-5.70673,7.97148,-0.64996,1
1.39549,7.11060,0.17322,-1.03086,0
1.14651,4.96749,0.65850,-0.15333,0
8.34134,6.23148,-7.43681,-1.57831,0
0.01970,8.16603,1.50439,-2.33725,0
1.12326,2.41579,3.13095,0.42848,0
2.34003,3.24817,0.90904,-0.91769,0
-7.28286,4.86883,1.73860,-3.94558,1
3.86391,3.27707,-0.10443,0.97751,0
-1.26264,-6.72292,5.20123,-1.41655,1
-1.78613,-8.99194,7.88080,-0.23666,1
-0.12831,7.06354,0.91850,-0.96387,0
1.01506,8.94657,0.80516,-2.74709,0
-0.81863,3.06143,-1.82058,-2.15225,1
2.40505,4.68383,-0.54093,-0.07846,0
4.53776,-3.34222,2.91243,1.32903,0
3.21624,10.65206,-2.18223,-5.19578,0
-1.78865,1.97866,0.46630,-0.77315,1
1.01119,8.72494,0.30281,-3.78476,0
1.45164,-1.21110,7.98474,0.09205,0
-6.72090,8.15814,0.55184,-7.03245,1
-2.70058,1.39366,0.01447,-0.42202,1
0.37760,4.59300,0.91982,-0.82668,0
7.19766,7.48069,-6.18599,-3.10308,0
-1.14053,11.80634,-0.40763,-5.10482,0
0.37352,-4.87254,6.96619,-1.10367,0
-2.57123,0.39434,0.74922,-0.24467,1
2.10228,-0.84631,3.83559,1.14955,0
0.03206,2.62566,2.17299,-0.28002,0
-1.38328,-9.73998,10.03393,-1.44010,1
-1.10871,-4.77698,5.20616,0.33360,1
1.82638,-5.14883,7.37169,-0.79424,0
1.07304,-0.90367,0.62939,1.28577,1
-1.19539,-0.32326,0.17126,0.15772,1
-0.38421,1.33598,5.09955,-0.31623,0
-0.51150,1.39761,3.74199,-0.42994,0
0.42500,8.90332,0.09283,-2.00741,0
0.06645,-1.60035,7.16401,-0.87876,0
4.39664,5.20665,-1.89873,0.22894,0
5.22810,7.83258,-3.13239,-1.31804,0
-0.36925,-3.40963,5.86459,-0.51276,0
2.18803,1.61767,-4.84762,-4.16486,1
2.29268,0.12672,4.36391,1.02483,0
3.85772,-3.02285,0.38411,0.60105,0
-1.11875,7.21123,-3.99736,-5.76290,1
-2.50167,-1.60679,1.37277,-0.04380,1
-3.70671,-2.57534,4.83326,0.27948,1
-1.26571,0.72539,-0.33802,0.08164,1
-3.77167,5.71453,-0.79376,-3.73068,1
-0.81614,-1.29997,-0.27247,1.66816,1
-1.16038,-5.20876,3.86260,1.37700,1
6.13572,-2.15798,1.89307,2.80621,0
1.92629,9.96687,-0.97468,-4.51712,0
2.90861,3.56124,2.43633,0.90394,0
3.51868,2.10965,2.32185,1.13076,0
1.48334,5.98332,-0.93609,-1.82634,0
5.24424,-1.38165,0.90906,1.38667,0
-3.53294,5.34716,-0.27825,-2.79199,1
-2.51642,26.65267,-1.59674,-1.78394,1
-0.45676,-15.61905,-0.16154,-2.52071,0
1.24412,-6.30269,2.64551,2.07575,1
-0.16993,2.15976,-2.68281,-0.90419,1
3.68473,-3.50944,5.57947,-0.17108,0
-1.65710,-3.56218,5.25688,0.85455,1
1.57213,3.32395,3.50764,0.33940,0
-1.59768,-0.99287,1.28990,1.23370,1
2.38782,9.73913,-1.40574,-2.78157,0
3.72220,5.04882,-1.07318,0.14986,0
-0.92894,-0.25049,-0.95487,-0.88886,1
-1.06502,-9.51918,7.10032,-0.55345,1
4.32544,2.32381,0.61179,0.71292,0
3.40293,9.55457,-2.73801,-1.12436,0
4.95429,-3.44063,3.20234,1.71305,0
-0.53184,-7.63707,5.36543,0.71255,1
0.79277,-1.00591,7.50383,-0.20530,0
-3.03000,5.71313,-3.34277,-5.35416,1
-3.09088,-5.35558,6.69144,-0.30822,1
-0.18118,0.55639,0.37943,-0.01459,1
0.36281,-0.84640,-2.07139,1.16666,1
4.97768,7.56918,-2.65056,-0.95193,0
-3.18954,-10.13688,9.95022,-1.76100,1
-3.22680,4.50170,-1.36997,-2.99495,1
-1.30366,3.04485,-2.94132,-3.47499,1
3.42250,-4.33073,6.18440,0.26757,0
-1.53053,-1.98341,2.81901,1.69982,1
-0.84248,1.58703,-1.16350,-0.58474,1
-1.11636,1.27033,5.49181,-0.95633,0
-3.79852,-1.48811,3.69957,1.25489,1
1.03708,-1.04898,4.70233,-0.16150,0
-1.05125,-2.74092,3.88855,2.19319,1
-14.09533,21.61949,4.22131,1.80177,1
2.54534,10.33238,-0.45127,-3.56984,0
0.12602,2.74439,-2.96660,-1.00993,1
-0.22388,0.40458,-0.62377,-0.75644,1
-1.67122,-11.43030,9.70191,-0.97244,1
-1.22617,-0.48063,-0.01023,-0.76720,1
-4.01290,2.89337,0.06482,-2.19116,1
0.97794,11.01468,-0.02552,-4.88472,0
0.79691,-1.90269,5.17914,-0.04361,0
-2.37143,-1.10727,2.94282,1.45832,1
-2.89005,12.77260,0.21533,-8.53824,0
0.12037,0.39570,-0.94785,-0.55191,1
1.51450,9.35435,-4.85707,-5.72787,0
2.43313,2.42321,1.96353,1.33534,0
4.93648,6.88984,-2.27232,-0.32899,0
-1.42005,-7.01457,5.95676,1.42899,1
2.02157,0.36905,-1.79985,0.57020,1
5.29134,4.04774,-2.03045,0.94315,0
-0.91516,-1.54693,1.27246,2.49890,1
1.67852,8.79887,-1.20847,-3.26718,0
1.53986,7.56824,-0.14476,-0.70581,0
2.27476,-1.88424,4.87536,0.47549,0
2.60650,-3.98761,5.98219,2.06558,0
1.15793,9.88357,-3.13090,-5.60991,0
-2.77119,0.35158,0.11460,-0.16432,1
-1.21767,3.67303,-4.17981,-3.70264,1
0.47064,2.73746,4.89882,0.81710,0
3.14865,-1.95355,1.54785,0.67118,0
4.44878,1.19557,1.04260,1.10274,0
4.44954,2.58387,-0.97940,0.56006,0
2.35866,5.23003,0.60932,-0.54193,0
2.45714,10.13189,-3.26003,-2.69048,0
5.25323,-1.67253,2.13668,2.03088,0
2.11811,8.35027,-0.87154,-0.43652,0
-1.13082,-8.80656,6.20581,-0.68211,1
-1.70024,-6.80365,6.87329,-0.75447,1
2.01479,-0.44266,4.16789,1.82166,0
-0.02226,10.48610,-0.30024,-5.87726,0
-1.80181,-7.86158,8.79067,-0.12341,1
2.84513,5.82835,-1.29039,-0.98901,0
1.39575,-1.93082,-1.82225,3.93119,1
1.30212,5.32053,1.32964,-0.63779,0
-0.36033,4.10571,-3.10332,-3.17703,1
0.79420,-1.35582,3.54285,-0.80126,0
-3.91978,-3.05574,9.24643,1.03194,1
4.52546,5.31069,-1.49092,-7.95811,0
2.71746,3.84594,1.21437,1.26789,0
3.02373,2.63092,1.30463,1.51696,0
-0.49613,4.17871,-3.93419,-3.91360,1
2.64204,-3.61601,2.77375,0.71823,0
-1.32777,-0.67748,0.87414,-0.22207,1
-0.01657,-6.14309,8.72372,-1.53500,0
-1.88840,2.96007,-1.19736,-0.79539,1
2.89009,6.28278,-0.56830,-0.03819,0
0.65794,9.08504,-1.66081,-3.58868,0
-1.16926,-10.74061,9.81498,-0.34315,1
-0.06875,11.80368,-1.68574,-5.21134,0
-2.09548,-6.95279,7.22489,-0.28222,1
3.72098,-5.14653,6.39217,-0.35316,0
2.85940,9.91715,1.30347,-3.68401,0
2.01188,3.52761,-4.64532,-1.73968,1
5.22370,1.10738,0.96106,1.65418,0
2.41648,6.03677,-0.74928,0.16558,0
-3.33007,-7.91154,11.05142,-0.33957,1
2.32410,0.66763,-2.28249,0.03876,1
4.15798,2.53341,-0.12516,0.04020,0
1.90145,-0.51245,-1.50545,0.21931,1
-2.96424,-8.15727,10.05188,-0.45018,1
5.01464,9.85462,-2.96490,-2.41250,0
-2.46771,-7.19655,6.59065,-1.10446,1
5.66082,6.71402,-0.87876,-0.17872,0
-1.09481,0.75380,-1.44839,-0.61839,1
-3.19439,5.22745,-1.39930,-4.99001,1
2.01607,-0.02115,2.90237,-0.53787,0
-5.09072,9.55137,2.29135,-4.45792,0
-0.84927,1.54864,-0.94339,-0.26677,1
-4.17282,-11.12645,14.67899,-1.60599,1
-0.49327,-0.44381,-1.37649,-0.48002,1
7.23115,2.24402,-2.50162,0.66634,0
0.76286,-0.75374,2.80732,-0.15806,0
0.85667,2.71540,3.36615,0.16479,0
-0.46039,1.77414,-2.61319,-0.86449,1
-1.79516,-4.51394,5.72696,0.77869,1
4.49830,-1.02445,-1.50767,0.59497,0
4.59138,0.74898,2.16272,2.85613,0
-5.56486,4.84227,0.41994,-4.65921,1
-1.95582,-34.98010,26.08354,-1.88619,1
1.59278,-0.34964,-2.64089,-0.34101,1
2.33136,8.19056,-0.73950,-0.41340,0
2.29768,9.28376,-0.00714,-3.18331,0
2.43221,8.66572,-1.83172,-0.41685,0
2.19222,10.12233,-0.37381,-2.62009,0
-1.33159,-0.67228,2.87534,0.75986,1
-0.49150,3.30615,-2.26953,-0.97836,1
1.48067,-1.60461,5.00697,-0.36869,0
3.61887,-4.08390,5.52514,0.41655,0
5.24180,-0.13275,3.12672,1.62214,0
4.29965,3.28514,-0.24058,-0.00865,0
-3.18996,-9.08416,11.33949,-1.71919,1
-3.24686,-7.24221,7.63696,-1.35022,1
4.35567,-2.93711,2.65567,-0.48112,0
-1.72007,5.39790,-3.55942,-7.52233,1
3.78087,8.18632,-3.56899,-3.85517,0
-1.54322,-3.48908,6.43904,1.32791,1
3.42080,6.89741,-2.53810,-0.18171,0
2.44285,-3.59455,6.29144,-0.35264,0
-3.67266,4.56917,0.13351,-3.75244,1
-1.08969,-4.91915,2.99529,1.58012,1
0.31008,9.02380,-1.08079,-3.70391,0
-0.27351,11.51413,0.67860,-3.71063,0
-4.54524,-13.47413,18.90678,-2.89093,1
0.77586,10.10748,-0.78628,-5.10643,0
-1.59723,6.30865,-3.59141,-4.96181,1
2.36731,2.53272,1.18113,0.24634,0
-3.14639,-6.85406,9.65131,-0.11049,1
-4.48658,-0.43866,2.85055,-1.15972,1
3.38753,20.87405,5.57202,1.05094,0
-0.79759,4.74234,-2.80128,-0.93119,1
2.94317,9.47415,-2.82684,-2.03734,0
3.31184,5.10047,-0.23214,0.00364,0
4.52001,8.79640,-3.53907,-3.18495,0
0.32618,9.86879,-0.55647,-4.52764,0
2.50456,8.09531,-2.15355,-3.08306,0
-0.50072,-1.57758,-0.07662,0.63091,1
0.67908,2.52859,-4.20055,-3.27360,1
-3.54325,-11.15700,14.01919,-1.64482,1
-1.01505,-1.02594,1.88749,0.81226,1
-2.45185,2.24263,-0.06727,-2.57065,1
6.35835,-2.00281,-2.47138,0.62311,0
-2.51538,-7.24415,9.53933,1.04344,1
-0.47945,-0.68694,0.14805,-0.43290,1
1.64224,9.93321,-2.11991,-1.62109,0
-1.57757,-6.56460,6.71877,-1.47665,1
-3.59556,-8.19289,10.87941,-1.53348,1
-4.92685,3.17839,1.84541,-1.93415,1
4.95500,2.50828,0.51461,0.60322,0
-0.96061,1.55995,-1.10179,-1.53574,1
4.78484,2.89369,-1.44761,-0.04052,0
2.56391,5.58302,-0.44393,-0.35674,0
-2.18263,2.68384,-0.86608,-3.10772,1
1.71790,-6.91189,8.42767,-0.78325,0
3.15651,-7.84488,5.37154,-1.23582,0
-3.35297,5.64667,-0.63889,-4.42353,1
0.39131,5.13134,1.66830,0.01917,0
-6.22924,6.77549,0.21517,-5.17072,1
-1.45346,-10.20214,9.67980,-1.18258,1
1.81319,1.05574,5.82850,0.65012,0
-0.70436,1.05664,0.05693,0.40415,1
4.55772,9.49087,-1.75503,-1.45387,0
1.39322,10.07907,-2.06035,-2.62473,0
5.33922,-0.26586,2.33439,1.61615,0
-3.49773,-11.02263,13.21424,-0.98272,1
6.41313,1.66918,-0.83727,1.63962,0
1.30030,6.48732,-0.59575,-1.21806,0
-0.64354,10.59412,-0.71998,-5.92161,0
-1.00466,-1.20235,1.09660,0.13140,1
2.96306,2.39052,2.65586,-0.00989,0
3.63775,0.05120,1.47977,1.20522,0
0.10599,1.57593,-2.79035,-3.79885,1
-1.43172,0.09723,1.12413,-0.37243,1
-3.06853,-2.20799,3.99641,1.26037,1
4.55099,-2.63504,4.04967,1.74527,0
1.53718,0.44580,-2.57898,0.23763,1
-4.48258,0.79303,1.17179,-1.03028,1
3.17354,7.70967,-1.84205,-0.39570,0
2.36205,8.63540,-0.19096,-2.61050,0
-5.27899,7.73293,0.61457,-5.55025,1
3.30821,0.60231,4.38551,2.02718,0
0.05711,-0.81097,6.06050,-0.37766,0
-0.76467,10.04533,-1.35855,-5.18460,0
-1.06884,-0.03353,0.76289,0.59825,1
-2.46922,3.19700,-1.36458,-3.86878,1
2.92631,-0.05518,2.16172,1.28390,0
3.07848,-2.07494,1.25942,-0.31940,0
1.54959,7.55579,-3.86531,-3.41062,0
-3.59058,5.64233,-0.33105,-4.64201,1
1.29682,7.91845,0.31371,-0.77802,0
0.48672,-0.58266,-0.62281,0.81055,1
4.17322,-1.50705,1.60467,-0.01267,0
-1.81149,4.29141,-1.08012,-2.13435,1
-2.69312,-7.87428,11.07136,-0.10312,1
4.70714,9.41683,-5.44764,-4.33062,0
2.45134,-2.64845,1.04460,-0.08883,0
-0.00970,2.35136,1.63504,-0.14384,0
-0.02641,-1.18582,7.87451,-0.33952,0
2.36399,7.33616,-1.04879,-1.31826,0
3.10217,4.62408,-0.32646,0.85408,0
4.16352,-5.73179,2.85031,0.05011,0
4.85600,3.19669,0.13938,0.55909,0
-1.39585,-0.78732,-0.51585,-0.81051,1
2.93692,2.44503,2.74801,1.12294,0
0.68679,4.29001,-4.52458,-4.05340,1
3.50154,8.27579,-3.72094,-2.24497,0
1.30512,-1.71182,2.72142,0.90141,0
3.37838,-1.71733,3.23632,-0.39809,0
-4.94712,-12.83876,34.21945,-11.06670,1
-0.46761,2.41234,-2.78919,-0.46669,1
4.70053,11.84048,-4.67147,-6.26619,0
-0.61212,0.09096,1.21349,0.58279,1
2.13650,6.88199,-1.09585,-0.71006,0
-0.07402,10.49593,1.50821,-5.59469,0
-0.17912,2.02485,5.42065,0.79776,0
3.45442,2.17224,-5.11353,-3.12866,1
2.00707,-2.41580,4.63216,-0.60016,0
-1.95158,3.77186,-1.60126,-2.72050,1
3.14185,4.67212,-1.65168,0.37615,0
2.25515,4.43287,-0.28853,0.00056,0
4.71831,2.23286,0.42052,2.14187,0
-0.22608,1.17750,-1.47115,-0.70662,1
-1.67028,3.46783,-2.24264,-2.25267,1
3.03107,6.76367,0.68135,0.19110,0
2.70114,2.70173,3.37501,0.74895,0
-0.03443,6.25215,1.84890,-1.10229,0
2.09148,13.34307,-2.83683,-6.37826,0
6.01843,8.52451,-5.71686,-2.28743,0
-0.82751,-2.51547,1.02424,2.23883,1
6.52830,7.25399,-7.84023,-2.99177,0
-2.70590,-8.31897,9.84208,0.37019,1
1.55053,-2.49911,5.80606,-0.76209,0
-1.10942,-1.07836,0.13518,0.49957,1
-3.19522,-5.47005,9.51755,1.04881,1
-1.56925,0.23714,-0.41276,0.07341,1
-0.69498,7.19548,1.67509,-0.94036,0
-6.30779,6.86510,0.38510,-7.49348,1
2.09244,8.70250,-5.27049,-2.88753,0
3.55332,10.08540,-1.23034,-3.70290,0
5.25679,1.89626,-1.70127,1.37822,0
3.80010,1.41678,2.37412,1.92848,0
0.80528,-3.85714,4.90815,-0.79453,0
-4.02700,13.26652,1.69532,-7.44269,0
2.56424,9.88647,-2.07740,-2.66286,0
0.63375,-0.23895,5.50284,1.20008,0
3.49537,10.58739,-1.18871,-4.70215,0
-3.00841,-2.58820,4.42628,1.58889,1
-1.88964,11.37092,1.10770,-5.75114,0
-1.49081,-7.72777,4.82675,0.59545,1
-0.74302,3.35177,4.73211,0.20167,0
-0.11996,-3.48361,6.69437,-0.50325,0
5.96915,12.54135,-4.76039,-4.29163,0
3.36132,-3.67566,5.74949,0.24687,0
-1.11095,7.18320,-3.34380,-5.60418,1
1.99926,0.69181,2.24716,0.57057,0
-5.22656,3.14350,0.68288,-3.88661,1
0.97827,-1.98999,8.49424,0.22146,0
2.43048,-4.88651,5.88503,0.22104,0
0.98627,2.09839,3.62846,0.01028,0
3.47473,-1.59650,3.04981,2.22770,0
0.87969,7.67590,0.26698,-0.86684,0
0.06329,9.64360,2.33736,-3.13983,0
-0.26322,-1.23780,2.05790,0.65134,1
-3.52156,7.42743,3.70523,-3.46013,0
4.34844,7.66260,-4.53365,-3.49468,0
-4.86566,5.08759,0.08964,-3.41926,1
-0.83510,-6.29698,4.31218,0.48820,1
-2.93800,-1.76522,2.51086,0.72449,1
-2.19166,-4.75807,5.24828,0.46647,1
-1.09810,-7.77270,5.12023,0.65708,1
2.22945,3.60480,1.23754,-0.32773,0
2.72216,4.38390,-0.02258,-0.43668,0
-2.71469,-1.55350,1.99953,-0.37239,1
3.49988,-0.29979,-3.06666,-0.02407,0
2.88670,2.52872,-0.10801,0.13026,0
2.65257,8.95532,-2.15660,-4.34550,0
7.14908,11.95802,-6.57967,-5.05228,0
2.03610,2.68364,1.91887,0.66353,0
-1.59383,-1.42481,-0.10996,0.21186,1
3.36557,11.84758,-3.66538,-4.46705,0
-0.43188,-1.48506,-0.29388,-0.09166,1
-2.63653,-7.18894,9.32903,-0.17749,1
0.03001,1.52523,-2.60267,-0.48747,1
5.05215,0.85244,-0.74992,1.55662,0
-3.82908,-8.12539,11.40538,-1.37024,1
1.94817,5.44811,0.58379,-0.59362,0
-1.01953,7.25479,2.18258,-2.52946,0
-3.61707,-7.69092,8.91603,-1.00395,1
-2.63247,-7.57614,10.55044,0.35063,1
-0.69741,-10.88951,8.49682,-0.98353,1
-0.79084,1.87145,-3.00423,-0.55743,1
4.31832,-4.67281,4.65116,1.39010,0
5.32778,1.17637,-1.10014,0.30997,0
1.26189,9.12147,-1.73595,-5.28914,0
-3.97753,5.02075,-0.46679,-4.38281,1
3.83741,7.52440,-3.37409,-0.78373,0
0.92520,6.42336,0.92562,-1.25442,0
0.24217,0.38236,-0.40028,-1.56547,1
-2.91214,11.02220,2.31094,-6.62709,0
1.52036,12.27943,-1.88838,-7.90585,0
2.00898,-1.45165,3.13283,0.06593,0
2.95875,6.00332,-0.90701,-0.46605,0
-3.55191,-11.19123,13.41503,-1.26105,1
-1.75369,-8.75402,10.41750,-1.48032,1
-0.82904,0.52141,0.21839,-0.81169,1
-1.60188,-0.98427,0.46534,0.50494,1
4.88055,5.39325,-1.71371,0.89665,0
-0.60018,2.52533,-2.39983,-1.41725,1
1.13989,-3.72937,6.33166,-0.61958,0
4.74374,7.65247,-4.28500,-2.14114,0
3.48061,5.28154,-2.15560,0.83516,0
2.94130,-0.83522,4.70646,0.71274,0
1.27479,9.61187,-1.95436,-5.79724,0
-3.32578,-8.05767,12.08082,-0.46828,1
0.61889,0.46563,3.81061,0.49643,0
2.03156,9.96532,-1.91356,-3.78147,0
0.92048,12.65168,-1.54238,-7.82262,0
3.17328,-2.67591,3.66966,-0.68138,0
-5.31328,5.22375,0.51011,-3.90996,1
-4.48962,-10.45388,14.87698,-1.39090,1
4.93733,-0.93960,1.64075,1.19522,0
0.96483,-0.66413,3.06002,-0.27872,0
-3.15635,-9.36935,9.84397,-1.07787,1
-1.65433,-7.35147,6.39910,0.28849,1
-1.02305,10.95876,1.21353,-4.84011,0
-3.24283,5.77787,-1.43450,-4.31663,1
2.65057,8.25973,-2.06292,-0.60335,0
3.24556,9.40797,-2.05231,-3.93420,0
-0.51581,10.55263,-0.95301,-5.25471,0
0.07324,3.79508,3.29810,0.39452,0
0.74051,11.25594,-1.37187,-4.89798,0
2.56977,8.32610,-3.78143,-3.79153,0
-3.39497,-11.13355,14.63982,-0.49127,1
1.78920,7.02262,2.26930,0.53704,0
2.15866,0.89658,0.40819,-0.31889,0
5.55195,4.07954,-1.00517,1.02948,0
1.81742,6.10146,0.12722,-0.58039,0
-1.31065,-7.12660,5.10044,-0.04717,1
-0.36790,2.46860,4.75284,0.46627,0
-3.00145,6.07105,-1.73862,-4.03890,1
-0.29356,0.10344,-0.14239,-0.36355,1
-4.37582,-6.39168,9.46373,-1.44090,1
3.91845,3.29156,1.10229,-0.71846,0
2.26468,7.19359,-5.69600,-1.73275,0
0.13382,9.17788,-0.17365,-3.36149,0
-2.73893,-1.14973,2.76005,0.50176,1
3.60325,7.86457,-2.10672,-0.54523,0
1.47829,5.76715,-0.40090,-0.27937,0
-6.80214,5.51665,2.64170,-3.87926,1
1.42258,11.18394,-2.20776,-5.29524,0
1.00832,4.50743,2.83454,0.21700,0
2.06579,4.76179,1.51273,0.42453,0
0.67930,0.63108,3.43147,-0.35805,0
-0.83709,-2.82512,7.75746,-1.57993,0
5.80959,7.54632,-5.40913,-1.84840,0
2.01643,9.70422,-4.13245,-4.31791,0
-1.65117,6.20662,-3.20889,-4.55168,1
-2.62483,-0.03524,0.93494,-1.39626,1
1.89628,-3.11502,5.59295,0.10407,0
2.05573,13.78633,-4.99279,-6.82373,0
5.14243,2.01417,-0.04339,1.52987,0
-2.87593,-10.81308,10.89847,-1.61482,1
3.96884,-4.84555,2.57339,-0.13015,0
0.61504,9.18451,0.39162,-2.57431,0
2.26025,-3.23363,1.76370,-1.39560,0
-1.75751,-0.39345,0.89956,-0.41353,1
1.23774,8.20511,1.01015,-1.98347,0
-2.54875,3.33168,-1.19963,-2.26588,1
4.54086,-5.90262,3.61181,0.58384,0
-0.60250,9.28627,-1.97043,-4.68486,0
-0.54026,-4.76352,4.36367,2.02391,1
0.88668,10.12759,-2.19078,-3.87453,0
1.48875,9.26169,-2.15981,-3.47593,0
0.05659,-0.45394,4.00148,-1.64928,0
-2.51136,-8.92789,12.32389,-1.24233,1
5.08354,6.69372,-3.85976,-1.53215,0
0.80237,12.07869,-3.18213,-5.27821,0
-0.25651,9.57120,0.50623,-3.54421,0
4.98337,7.07138,-3.74693,-1.53175,0
5.97087,7.42232,-3.97546,-1.10389,0
2.78748,-1.65447,4.90604,0.37504,0
-1.05485,1.28908,-1.65855,0.92880,1
-1.50002,-0.67547,0.51084,0.05164,1
5.70495,10.63495,14.34293,-4.23564,0
2.96448,8.26670,-3.14770,-1.47809,0
-1.46204,5.28685,-3.21778,-1.64064,1
2.00636,6.43265,0.27717,-0.07056,0
-7.53456,30.03786,-1.21392,0.29282,0
-1.45135,4.89623,-2.44189,-3.20133,1
3.37799,5.13224,-0.15033,1.03365,0
4.16998,4.83800,-2.53462,0.40926,0
-2.18139,-3.12516,6.78678,0.98694,1
-1.43202,-8.15613,10.00736,-0.30431,1
2.26843,9.36524,-2.02230,-1.37603,0
-1.90784,-6.44040,8.10905,-0.81580,1
2.31223,7.16227,-1.29033,-0.08089,0
-2.57017,11.98988,-0.47222,-6.31422,0
2.12563,6.14103,-0.28646,-0.68813,0
4.08614,9.70253,-3.64878,-4.66566,0
0.31758,9.31277,-2.59116,-3.90318,0
-0.38182,3.05557,-3.36687,-1.62954,1
-2.86005,2.15346,-1.00803,-0.23479,1
1.81924,12.21486,-3.52999,-5.85993,0
1.50933,7.07491,-0.77910,-1.28665,0
2.82155,8.36607,-1.29729,-2.73245,0
1.17217,5.38701,1.80405,-0.59233,0
2.72680,1.44580,-4.45158,-0.74618,1
-0.79591,2.85686,-2.82372,-3.07010,1
-0.50501,11.90289,2.70731,-6.84402,0
2.13124,8.87923,-1.72536,-3.60550,0
-2.29100,-10.61143,13.87484,-0.14339,1
2.73240,8.16966,-1.63914,-1.72783,0
3.72101,-2.26542,1.41932,1.15728,0
3.05919,0.07344,3.26351,2.20009,0
-3.08541,0.12800,1.16200,0.14528,1
3.04245,2.82325,1.78339,0.13829,0
-1.71459,-7.66776,6.75692,-0.64976,1
1.28959,10.13254,-1.35281,-0.96050,0
-2.68211,8.99843,-4.13498,-7.54301,1
4.32811,7.19185,-5.12423,-3.52058,0
3.16794,8.19890,-1.49103,-1.91628,0
3.16776,1.16000,1.73165,1.51040,0
-0.77414,8.03581,1.66784,-3.91918,0
-4.39398,4.57649,0.56643,-3.04595,1
-6.41566,5.97390,1.69974,-3.04641,1
4.78195,-1.74605,0.84629,0.04582,0
3.69367,4.18410,-0.77147,-0.36254,0
-1.15288,2.08168,-3.18102,-1.11459,1
3.78111,0.49416,2.11494,1.75364,0
2.65176,4.02791,0.22668,-0.11308,0
-1.86405,5.82791,-3.21842,-7.26019,1
-0.14294,-1.91207,1.31006,1.06782,1
-0.08995,7.67384,0.36284,-1.95225,0
1.08446,6.30340,-0.29910,-0.30298,0
1.31160,10.04692,-2.48886,-3.26314,0
2.62168,0.42721,2.34237,1.12750,0
-0.45893,-0.63644,0.96325,1.84908,1
-5.04447,5.70676,1.11698,-3.01649,1
-3.92129,-8.40699,13.07933,-0.62053,1
5.00440,9.62834,-6.69366,-3.57963,0
2.34091,0.27966,-1.43668,0.83331,1
-1.40382,3.32156,-2.97384,-4.46706,1
2.44051,10.06936,-2.00160,-3.85117,0
2.82781,9.57325,-2.28922,-4.06675,0
5.41998,-5.48495,2.61180,0.63925,0
-3.20466,-11.87585,11.92495,-0.76304,1
-0.16064,-1.94338,2.12696,1.75838,1
-2.42155,3.96932,-1.33279,-3.71765,1
3.34572,1.83872,0.72558,0.16551,0
0.82351,-1.93241,2.56246,2.07145,1
1.13075,-0.98381,5.22225,-0.82827,0
3.03251,6.40790,-0.51478,0.50322,0
-3.63952,-0.10392,1.86212,-0.23588,1
2.93964,-6.30440,8.23918,-0.79873,0
-1.49096,9.32529,1.85926,-4.62752,0
-4.68429,-9.09055,13.87990,-1.78007,1
-2.75861,-0.06740,0.19513,-0.44351,1
2.06924,7.63533,-1.77107,-3.58335,0
1.75775,-4.69754,4.50900,0.37090,0
2.78754,2.36585,1.50996,1.35249,0
-2.96962,-11.39253,11.75091,-2.03289,1
-3.67051,11.33102,-2.09564,-6.45072,0
1.08884,-2.79000,6.04742,1.13707,0
-2.27643,-2.29305,2.72958,0.82727,1
3.14578,2.18336,0.50214,0.03907,0
1.49604,5.79826,1.36526,-0.83243,0
-2.20078,-11.37122,9.85857,-1.46370,1
2.73905,7.31371,-1.57036,-1.14085,0
-3.23522,10.52246,1.48184,-5.81593,0
-3.54906,5.65393,-1.33195,-8.03976,1
-0.46765,0.52217,-0.67900,-0.14492,1
2.14237,9.69877,-1.80080,-1.79040,0
1.60167,8.02776,0.55191,-4.59985,0
3.06088,9.44462,-1.39278,-1.40297,0
1.04821,11.34180,-2.15393,-4.96327,0
-3.01128,-7.19126,9.08188,-1.59343,1
-0.26929,1.02639,-1.57890,-0.91640,1
2.46625,3.14171,1.62129,-0.86269,0
4.19389,0.41298,2.48076,1.11592,0
2.81550,4.69451,0.01259,-0.15309,0
-2.19361,-1.33899,2.43210,0.50066,1
5.29934,9.87344,-3.63915,-0.71047,0
4.44859,-1.26008,2.08600,2.05725,0
3.64990,4.70885,-19.31840,0.85118,0
-10.80573,-3.22857,4.78697,-1.61327,0
0.87156,5.32624,0.88641,-0.65749,0
1.17113,10.55722,-1.44907,-5.38061,0
-1.76101,-2.23711,2.40809,0.62731,1
1.94832,0.09515,-2.99944,-0.78528,1
6.86289,5.75009,-2.14901,0.34970,0
-12.96830,13.21227,10.33777,-1.02612,1
-0.53416,-2.54513,11.65956,0.64927,0
-0.77220,1.95979,-0.99138,-0.59942,1
5.19954,0.63516,0.64643,1.27332,0
4.02467,6.89558,-3.04604,-0.05013,0
1.77512,-5.61159,9.34912,-1.16487,0
-1.25450,1.23330,-0.25511,0.28581,1
0.16839,-25.60650,0.85946,0.54210,1
0.07629,1.68595,3.41147,0.02286,0
2.89564,0.01597,3.28629,0.67156,0
1.02178,7.54232,0.57938,-0.49035,0
5.00216,6.45185,-4.79928,-0.63990,0
1.42251,12.50920,-2.15387,-5.77005,0
-0.80468,0.35880,-0.57420,1.17403,1
-2.14527,-0.19595,1.00324,0.38178,1
2.89455,4.13543,-2.13606,-1.10921,0
2.34953,6.70175,-0.81917,-0.36993,0
2.06999,0.41336,4.75331,-0.07646,0
-1.91607,-8.74640,8.38698,0.08746,1
-4.30016,7.11457,-1.40187,-6.47134,1
-1.95363,3.54844,-2.43194,-4.10674,1
1.74048,-3.39263,7.16605,-0.36168,0
2.83334,2.71397,1.76228,0.90355,0
4.58900,1.73422,-0.14531,1.23028,0
-2.98215,3.19759,-0.39338,0.34049,1
-3.98042,-9.67091,13.06705,-0.96746,1
2.18550,-3.41536,4.71611,-0.31603,0
5.68535,8.93580,-3.81398,-1.80298,0
0.43833,-6.36970,3.06975,0.99471,1
-1.15386,16.60228,-10.91792,-0.77418,1
1.38742,1.05504,2.09794,0.38612,0
-1.37268,-0.10938,6.16671,-0.55718,0
2.37965,8.22739,-1.32690,-0.67228,0
1.93316,-5.72984,1.52414,-1.23139,0
-0.93980,-3.09900,3.30141,1.26688,1
-4.02577,-0.74437,3.88299,-0.16366,1
4.47445,9.77749,-3.92653,-3.96521,0
1.85735,7.72099,-2.21798,-1.63250,0
1.34130,4.62069,1.63509,-0.04801,0
-3.32890,-2.46324,5.51308,0.67518,1
-4.77532,-10.25263,13.25933,-1.57893,1
0.44602,1.04016,1.46894,0.71285,0
-4.09754,-13.34948,15.74040,-2.96686,1
0.63154,-2.35422,4.25620,-0.60385,0
1.95744,7.44248,-0.03371,-0.08591,0
-0.94537,-1.00331,0.85514,0.74744,1
0.12878,1.80951,-2.51872,-1.21658,1
-6.49436,5.93829,1.87006,-5.28362,1
-0.43451,-0.97314,7.20713,-0.00531,0
2.53172,5.01301,1.67085,-0.36053,0
-3.16183,-9.24849,10.22225,-1.53917,1
-1.71118,1.37348,-0.97167,-1.63571,1
-1.78280,0.66097,-0.33281,-0.65545,1
4.90081,3.19372,-0.38465,-0.01632,0
-1.29509,6.53400,-4.03366,-6.76142,1
2.83572,9.28786,-2.76656,-1.16293,0
-3.17804,-10.33544,10.16506,-0.98701,1
0.41633,0.31858,4.25662,-0.25429,0
5.12260,-2.81589,0.40897,0.66028,0
-0.00808,4.60089,3.54557,0.01721,0
-3.59975,2.57988,-0.76528,-2.98030,1
3.59301,10.73746,-3.26096,-2.70741,0
-1.78085,0.21401,1.44084,-0.65268,1
5.05759,-1.30774,0.57951,-0.07949,0
-0.45770,3.88634,15.06719,-3.82302,1
-1.75833,-7.32184,8.18011,0.38903,1
0.12928,10.07561,-0.30039,-4.14166,0
2.07329,10.82701,-2.44408,-5.12061,0
0.48342,9.15744,3.93227,-2.16224,0
1.36481,0.64183,3.24944,0.58674,0
-5.89726,7.64719,0.46327,-7.05276,1
-0.61250,9.14840,-2.11544,-3.62473,0
2.82316,3.45613,0.78100,0.43725,0
3.57655,1.04200,1.65070,1.67547,0
1.89943,0.45137,4.07053,0.51308,0
-2.89795,-2.14327,3.43043,0.61212,1
-2.64969,-6.54075,7.86544,-0.73502,1
-4.37483,-12.25266,13.49854,-1.13927,1
-4.12403,12.39911,1.91057,-9.32168,0
3.95165,-5.62039,3.26180,0.64798,0
1.07976,1.10997,3.54983,0.06940,0
-3.94881,-3.02854,4.27372,0.05261,1
-1.01633,1.03287,-0.48621,-0.72554,1
-0.87331,-1.06775,7.89769,-0.48450,0
2.10679,7.15057,-0.75184,-2.82872,0
2.46626,6.84301,1.63241,0.02570,0
2.68009,4.32735,-0.01684,0.34027,0
-6.66476,8.03775,1.37347,-4.82274,1
3.88068,-2.21679,-1.59358,-0.09552,0
4.43708,-6.22693,3.37052,-0.74673,0
-1.79327,1.04010,-0.45296,0.32398,1
-3.79952,4.55169,0.61358,-2.75171,1
3.58790,10.92457,-1.16281,-4.33320,0
2.15180,8.42885,-1.55081,-1.01206,0
4.54369,3.78418,-1.13903,0.89714,0
-2.32307,-2.87815,5.43016,0.69625,1
6.48951,1.67057,-1.48049,0.98138,0
-2.59608,9.88711,-0.85070,-5.61252,0
4.38200,4.56466,-1.24077,-0.52752,0
-2.55022,0.53155,0.42745,-0.66542,1
3.54348,7.78643,-3.26039,-0.83294,0
2.24784,0.84568,5.00584,-0.46593,0
1.69495,3.21249,2.19795,0.96328,0
2.37906,6.68470,1.06736,0.17604,0
-1.04516,3.55247,-2.86712,-1.64907,1
-2.10684,0.34725,-0.45464,-0.54331,1
-2.50198,8.99297,1.74991,-4.59943,0
-2.33604,0.68996,0.52271,0.23425,1
1.98952,8.63269,-2.83555,-5.05471,0
5.22024,8.10384,-4.12502,-0.36026,0
-1.74059,-7.58688,5.90877,-1.87139,1
1.75023,8.92916,-0.42852,-1.74603,0
-4.13128,3.79630,0.30455,-3.56003,1
2.77864,-1.49174,4.76115,0.75614,0
4.64277,0.61824,-0.09279,1.77457,0
0.27019,2.62218,4.38324,0.65420,0
0.88411,10.65178,-2.06081,-1.28841,0
2.62734,6.54338,0.27071,-0.63405,0
1.25220,4.61463,1.88169,0.59721,0
-3.73484,5.47880,-0.94797,-5.52949,1
-3.96296,2.02035,-0.13772,-3.58118,1
3.23784,4.20416,-0.46835,0.55715,0
2.78018,-2.10849,0.09327,-0.61671,0
0.15067,9.83275,-1.87807,-4.20689,0
-2.62311,-11.09120,11.56092,0.13036,1
2.41333,3.17117,1.48722,0.86989,0
-1.48121,4.08355,-2.34799,-3.32143,1
2.28827,5.80062,1.52030,-0.28448,0
4.92971,1.74288,-1.52688,1.08599,0
3.52621,8.93597,-2.81989,-4.64441,0
3.26967,-3.42714,6.10992,0.15094,0
-3.28138,5.15394,-0.92416,-4.44982,1
3.27695,5.91148,-1.37965,-0.27297,0
3.57182,-3.31171,4.89883,0.31140,0
-2.32832,-8.81229,9.64817,-0.75698,1
-2.84808,2.62676,-0.06028,-1.32042,1
2.35538,4.32929,0.07199,0.76044,0
-2.00216,-4.11511,4.39440,-0.62880,1
-0.64167,4.78716,-2.80425,-2.73558,1
2.59837,8.77100,-3.41537,-1.87583,0
-2.44912,9.19818,-0.02400,-3.83987,0
-2.91950,1.61888,6.39003,-1.50131,0
3.66434,-3.92942,4.15210,0.05591,0
4.80032,2.30065,-1.15661,1.07617,0
-0.41253,1.10622,-0.33333,0.19250,1
-1.84053,2.74196,-1.62580,-2.67757,1
0.29870,-7.46744,4.28455,0.43037,1
0.19465,4.42574,-3.03312,-2.16119,1
0.19151,2.06384,-2.70028,-3.53447,1
-2.10044,0.70978,-0.86979,-0.46162,1
0.13850,1.59302,-3.01509,-0.15845,1
2.38942,9.07887,-3.80881,-1.72609,0
3.88347,9.29889,-3.98851,-4.12430,0
-0.88311,4.87476,-3.50180,-4.37413,1
2.56875,8.08628,-0.98143,-2.07066,0
3.54238,-3.89831,3.69390,0.60830,0
-3.47255,3.95055,-0.04085,-3.26068,1
-2.97763,-11.41791,13.91747,-1.97731,1
-2.90390,2.33971,-0.59541,-2.18124,1
-2.78347,-3.61483,7.58319,0.42983,1
2.12083,-5.37094,4.83178,-1.21685,0
-4.68139,-8.23159,11.63972,-2.91010,1
-0.51630,-0.91780,8.13809,-0.28571,0
-4.46667,-12.69209,17.91752,-1.66824,1
-0.68637,3.44276,-2.36822,-2.58706,1
1.17536,8.29357,-3.75852,-4.73078,0
2.87351,-0.79945,4.07532,0.34999,0
4.22047,1.28585,0.98100,1.05305,0
-1.82257,9.72878,1.20083,-4.08946,0
3.45873,9.60710,-1.98295,-2.53529,0
-4.33134,-5.38059,11.91781,-0.77017,1
-1.02879,3.53820,-2.32522,-2.23120,1
-0.70265,2.36713,-3.18478,-0.82964,1
0.33576,-4.37440,6.70520,-1.77880,0
-4.34940,-10.64997,16.62583,-1.12992,1
-1.76991,4.35248,-2.38143,-2.05028,1
0.53575,-0.49440,2.45961,1.36827,0
1.36293,0.01383,3.45126,0.30019,0
2.09964,10.21358,-2.34161,-6.43522,0
-2.42332,3.95184,-1.54101,-3.46566,1
3.13291,3.47913,0.66108,1.03128,0
1.24888,-2.26540,4.13434,0.37126,0
-2.81778,-0.69689,3.75049,-0.40853,1
3.51025,5.68382,-1.20755,0.11011,0
0.40220,15.35885,-1.92546,-8.10861,0
-11.38760,6.10269,5.73926,-3.19136,1
1.97036,-5.20625,6.51047,-1.01474,0
-0.78946,3.94753,-3.22416,-3.26853,1
0.10267,13.51049,-2.91198,-6.80937,0
1.48705,0.17696,-1.19611,-0.02849,1
3.03471,6.24038,-1.15439,0.25833,0
3.60345,4.92959,-0.74404,0.01404,0
-0.17650,-0.06317,-0.47392,-0.14436,1
-1.74053,6.50385,-2.85970,-5.37286,1
4.42283,9.34095,-4.47230,-2.59878,0
-2.11911,1.05254,-0.90995,-0.94431,1
2.91706,-6.63615,9.13897,-0.62966,0
1.11014,1.66628,4.17327,1.79339,0
4.19916,-1.38911,2.33688,1.27037,0
-4.03160,-10.93436,12.75951,-1.59798,1
0.45079,-4.68294,5.79292,-0.84692,0
-4.93156,6.93767,0.09119,-4.43846,1
5.14187,-4.34311,1.77544,0.46935,0
-2.06664,-5.28196,4.84288,1.17657,1
1.70634,-0.47329,4.28870,-0.13783,0
5.34838,7.03656,-2.13359,-0.68134,0
2.28067,8.14736,-0.91025,-3.84743,0
-1.68228,4.24931,-2.53039,-2.09756,1
-3.26395,-10.97248,11.29781,-1.59254,1
-4.14463,2.90558,0.12803,-4.07986,1
2.34457,-0.54101,3.38673,1.61174,0
5.43433,-29.91744,6.43081,-0.48054,0
1.51170,-0.19211,4.22368,0.70500,0
1.30904,-4.91697,4.90260,-2.19759,0
-5.74630,13.36566,0.69003,-10.05819,0
4.78275,7.68271,-3.71039,-0.87527,0
2.19723,8.29199,-0.84737,-0.42399,0
-0.72733,5.82852,-4.03528,-6.01029,1
-4.28697,-0.25240,3.46593,0.79678,1
-1.92725,4.52648,-2.25049,-5.98586,1
-0.25822,0.24707,-1.40037,0.06765,1
1.84323,2.53159,3.28586,0.31632,0
-1.88209,10.20587,-0.38604,-5.55315,0
-2.41961,-8.63186,9.71383,0.39767,1
-2.01796,0.62954,0.27737,-1.16430,1
-0.86027,10.14316,-0.26287,-4.00771,0
3.96055,3.51261,-0.81069,-0.01993,0
0.06483,4.01325,-3.90075,-2.29493,1
5.20431,0.43832,1.71936,1.53182,0
-2.84763,0.79991,0.21030,0.14873,1
-0.08116,7.82815,1.70993,-2.46860,0
4.10979,1.38761,0.75971,0.89281,0
-5.30670,2.89269,2.56361,-0.94792,1
2.30150,7.11273,-1.77293,0.38844,0
1.44949,4.99525,-0.48028,-1.27577,0
-1.13808,11.70602,1.31943,-5.43137,0
1.53370,0.52731,-2.24174,0.54903,1
1.11020,-0.27858,-0.79723,0.91791,1
-5.34524,5.80822,-0.70970,-5.62005,1
-2.58332,-0.64626,1.12634,-0.04917,1
-1.38931,0.98901,-0.54772,-1.11569,1
-8.28520,6.76744,-14.13511,-3.46423,1
-0.77034,-0.21549,0.81756,0.41579,1
0.92286,1.67819,-2.53620,0.29370,1
3.98681,4.07581,-1.09193,0.07315,0
-1.47036,2.95408,-1.75933,-1.30308,1
0.69512,6.49241,1.43181,-0.47013,0
3.14556,7.84355,-3.24216,-3.33367,0
-0.39574,1.33773,-0.96613,-3.76040,1
-0.35869,3.57920,-3.33719,-3.44872,1
4.98621,-6.06726,3.19993,0.03993,0
3.99211,-1.55253,2.65558,0.16782,0
0.90479,0.97566,5.47593,0.04021,0
-1.58860,-8.46841,8.34928,-0.30777,1
2.60660,6.94039,-2.06774,-0.56707,0
-2.09976,-3.00006,3.10665,0.87501,1
-0.71205,6.50133,-4.08804,-4.48544,1
-3.49397,0.50804,0.63257,-0.25376,1
4.14559,5.66153,-2.51573,0.11014,0
9.56805,6.23815,-6.57567,-2.01713,0
0.05604,11.89842,-1.05585,-4.55894,0
-0.24327,10.98496,-3.02520,-6.71911,0
2.49887,8.04881,-1.03011,0.08672,0
-2.74771,5.49273,-2.02664,-6.68675,1
-0.91434,6.16556,-4.02512,-5.48986,1
2.32625,8.66165,-2.10862,-1.01048,0
15.29787,-3.36894,-13.89574,1.89351,0
-2.05272,-9.51295,8.93460,-0.55245,1
2.02678,3.80877,2.50031,-0.80052,0
1.83607,3.38346,1.84956,0.84397,0
0.65459,0.67133,-2.95993,0.21498,1
0.63896,-1.20148,-3.14136,1.49522,1
1.18140,0.08622,4.75775,0.08057,0
-3.33321,-5.51107,8.88462,-1.92496,1
-1.07157,1.04883,-0.77139,-1.21212,1
3.39317,-5.23387,3.56518,-0.41255,0
3.50765,3.29391,0.53882,-0.05213,0
-0.92202,-8.78665,7.83951,-0.65409,1
4.20930,2.64754,-0.39201,0.22237,0
3.46506,4.24866,0.03219,0.52828,0
3.45858,-7.76538,7.66442,-0.61309,0
1.95892,-4.49631,4.74187,0.30677,0
-2.51278,-8.97874,8.93573,-1.60975,1
5.99227,0.22986,-0.38355,2.69329,0
-3.10605,0.34790,1.53981,0.20532,1
5.16656,6.62320,-2.86909,-0.04258,0
-0.57702,8.00188,0.23809,-3.37843,0
-1.52151,-6.71257,6.16101,-0.52031,1
0.90629,8.37266,-1.91949,-1.45762,0
0.10257,10.82480,1.15606,-3.71508,0
-2.15316,7.03958,-3.19925,-6.88291,1
4.51369,-3.72586,3.89663,0.10760,0
2.72894,9.87008,-2.61298,-3.69447,0
-0.49686,-0.07742,-0.48808,0.05009,1
-2.33224,-5.68109,5.64789,0.71194,1
2.42624,-3.30687,1.13766,-0.19496,0
-3.27274,-8.70620,12.01328,-1.04489,1
4.06866,9.01201,-3.23738,-2.94041,0
2.76810,-3.27879,3.23709,-0.45437,0
-0.72697,5.05278,-2.98373,-1.38453,1
1.80945,-3.02600,4.71718,-1.06408,0
3.87812,5.33695,-1.83780,-0.70756,0
0.94882,0.29687,-20.45998,0.28561,1
5.19958,-4.69293,1.72977,1.23535,0
-5.50042,6.41517,1.20896,-5.33748,1
1.58495,1.96375,-4.79709,-4.85954,1
0.78731,1.11308,-3.38332,-1.37406,1
-0.14695,3.65509,3.76706,0.67478,0
-3.47765,-7.38698,9.97015,0.90506,1
2.73521,7.88815,-2.48403,-0.05339,0
-5.13899,-12.75414,17.96390,-3.25474,1
0.60393,2.72305,-3.54892,-3.16132,1
4.38850,-21.01636,-0.21484,0.59866,0
0.16462,3.46816,-3.90298,-1.16542,1
-3.78514,5.55183,-0.45468,-6.31200,1
1.15241,10.06445,-2.83431,-2.54917,0
-1.66019,-2.13840,1.94908,1.44360,1
1.81966,3.19401,-4.63076,-2.30501,1
2.72774,-5.98558,5.16667,-0.36009,0
1.16185,9.20631,-0.62795,-3.77206,0
-0.81882,2.32499,-0.62161,-0.25571,1
2.66550,-0.88929,3.78404,0.66601,0
2.91327,-0.84434,5.87480,-0.01024,0
4.31635,9.65040,-2.36264,-3.66235,0
-1.47564,-9.40876,9.03613,-0.34976,1
3.81508,4.05443,0.01323,0.81075,0
2.73262,6.90069,-2.21264,-3.02038,0
0.22085,-4.14179,0.62671,0.07061,1
-3.95629,11.37125,2.04965,-4.33005,0
1.80663,-4.26602,5.75491,-0.68801,0
2.40668,-3.06670,-3.37241,1.88083,1
2.12943,9.12555,0.39687,-3.39548,0
0.91431,-1.50701,7.42450,0.14742,0
-1.89400,11.00950,-0.03892,-5.46296,0
-4.15161,-7.64782,10.23398,-0.72166,1
-1.51914,-1.25617,1.29181,1.78644,1
0.18405,1.37523,-1.37859,0.75505,1
-1.72919,-3.51892,6.35848,1.26061,1
1.52849,4.66166,1.09307,0.57816,0
3.58285,-0.02588,3.91109,1.18904,0
4.44290,6.77780,-3.98199,-0.81396,0
-11.85928,-2.85190,5.34612,0.51506,0
-0.94935,9.81573,-0.35607,-3.82753,0
-6.08788,5.96209,0.76754,-4.91965,1
3.29610,-0.87586,2.82539,-0.17293,0
1.90732,9.24972,0.99979,-1.72888,0
2.05959,3.24252,1.75618,-0.33258,0
-2.14105,9.54705,1.89607,-1.79873,0
3.99767,-7.40089,6.27219,0.29540,0
4.05133,0.42687,0.60225,2.01527,0
1.80329,10.60844,-2.01578,-3.32247,0
-3.45642,5.85949,-0.23072,-2.72872,1
-3.20180,-0.01355,2.71528,-0.15583,1
2.70216,9.11931,-3.08102,-5.66537,0
2.60499,9.09260,-0.80723,-3.46555,0
2.07605,3.08123,-4.19194,-3.07164,1
4.37831,7.70603,-4.12261,-0.31585,0
4.09906,10.65145,-2.20892,-5.37457,0
1.89125,9.65300,-2.22674,-3.04797,0
1.91511,5.38367,-5.83911,-6.25772,1
0.63363,-3.24816,8.43245,0.59260,0
5.27802,0.49637,0.73886,2.02924,0
0.93745,2.53932,2.34684,0.25866,0
-0.94534,-0.30899,0.17214,0.41098,1
-4.04051,-5.98837,9.26431,-0.65539,1
3.46766,0.97242,1.96809,0.96456,0
2.06329,7.52521,-1.08234,0.40207,0
4.27819,5.28557,-3.05862,0.24896,0
3.73766,1.99590,2.29855,1.94569,0
2.77609,3.51922,0.76715,-0.25098,0
-0.79222,0.94176,-1.99575,-0.53975,1
1.35882,10.34256,0.02094,-4.58855,0
3.68976,8.66632,-0.74635,-1.85328,0
2.94176,-3.55641,4.24233,-0.02880,0
2.78561,6.75341,-4.05479,-4.45399,0
4.78709,10.68280,-3.85066,-3.94588,0
5.10212,7.41326,-1.80080,-2.01327,0
-2.69715,-10.45574,13.01114,-0.23536,1
2.18494,2.64826,2.12059,0.47910,0
4.28268,2.89898,-0.21841,-0.00214,0
-1.34198,-4.30682,3.41374,1.65343,1
-0.44068,12.42689,0.31757,-6.69927,0
-1.56182,24.66408,1.71999,0.06098,1
-3.82681,-5.56080,7.49093,0.37369,1
-0.35190,11.51753,-0.17411,-4.53847,0
-1.16814,-11.13435,11.06844,1.40366,1
-1.46776,0.24173,0.08082,-0.32833,1
4.19512,7.24873,-1.84808,-0.76499,0
1.86281,1.20456,6.54800,1.09687,0
-0.07621,-7.92986,4.37302,0.68758,1
1.48309,5.07461,-0.09406,-0.44473,0
3.06658,4.33243,-0.70521,-0.98839,0
4.85623,-2.04063,0.56546,0.95233,0
-2.63526,5.31593,-2.77299,-5.32434,1
2.86751,2.55523,1.24381,0.19471,0
-2.76378,-0.32739,2.08090,0.59143,1
-0.42400,4.25590,-3.77841,-4.80621,1
-2.08767,9.06397,2.74819,-3.72882,0
-1.36878,-7.00411,7.78335,0.49905,1
4.30110,-4.30902,1.73767,0.77349,0
2.24941,0.29305,3.11592,1.30244,0
2.41294,8.11350,-1.33010,-2.48588,0
2.19583,0.13094,3.77056,1.23590,0
3.32548,0.15236,2.63333,1.65046,0
1.18378,-1.73357,6.74187,1.38118,0
-2.42960,2.87737,-1.27686,-3.34021,1
-0.01952,12.11485,-0.75762,-6.67552,0
1.19073,9.89286,-0.59517,-4.27794,0
2.78012,-1.51817,2.15833,0.87751,0
-1.74510,6.76949,2.37054,-1.30427,0
2.33893,10.99415,-4.60069,-5.44125,0
1.74938,-5.44624,6.51775,-1.28384,0
2.63608,7.35772,-1.19806,0.10636,0
-12.56906,-15.93407,-0.59794,-4.13386,0
0.64016,8.61714,2.41009,-3.45095,0
-0.65102,3.38469,-2.22466,-1.58534,1
5.42130,11.54653,-6.59670,-4.36086,0
4.40596,7.38266,-1.63274,-2.77858,0
-2.70556,4.88069,-1.02636,-3.26911,1
2.31153,5.81668,-0.40757,0.20865,0
2.37572,9.50035,-3.67688,-2.01855,0
-1.90938,0.37239,-1.36861,-0.78164,1
-0.70301,1.34691,-0.71614,-0.16226,1
2.31551,-3.15916,1.58794,0.83582,0
-3.16257,4.89090,0.07844,-1.12068,1
0.89731,0.69445,-1.46992,-0.48416,1
3.17288,-3.14376,3.78310,1.47515,0
3.55825,9.37207,-4.38497,-3.05441,0
-2.14153,1.23337,-0.28868,-0.75873,1
-2.75291,-9.38432,10.73603,-2.01092,1
-1.68721,9.88476,-0.03421,-5.48683,0
-0.56928,0.30460,-1.27767,-0.74408,1
4.75435,-2.09863,2.40039,1.51024,0
2.77692,-4.48061,3.49453,-0.51143,0
1.96652,7.44100,0.06532,-0.30739,0
-3.56405,4.60183,-0.46473,-4.05223,1
-3.53667,-7.77942,11.01800,-1.31755,1
3.60210,3.18058,0.08884,0.76703,0
3.57526,8.14692,-3.18214,-3.91115,0
3.84470,0.51123,-0.00135,1.28363,0
4.60232,7.42112,-5.58591,-0.86090,0
1.78057,-4.84368,7.75986,-1.15640,0
2.93335,-4.31595,6.00144,0.64654,0
-0.41862,-0.99657,6.45521,-0.52914,0
2.52253,8.33568,-1.02079,-2.86794,0
-3.06293,1.52391,0.27694,-3.81132,1
2.70156,9.20159,-0.49643,-2.79695,0
4.06575,-0.44508,2.48068,1.58957,0
4.00585,2.44497,0.19466,1.46792,0
-1.05572,-0.26591,0.44316,0.32668,1
-2.71184,4.73951,-1.66776,-4.88556,1
1.30045,6.29526,0.48303,-0.17094,0
2.42663,4.02042,-0.34013,0.57088,0
1.82052,5.67204,1.64128,-0.50496,0
-0.52289,0.38823,-0.16894,0.41181,1
-1.82213,-8.77863,8.68108,0.10446,1
-2.94192,0.45519,6.37786,-2.77512,0
-3.05361,6.11715,-2.31479,-5.05438,1
1.63380,-1.99408,5.10536,0.08195,0
-2.00969,4.01333,-0.48609,-2.18758,1
-4.11929,4.88503,0.73477,-4.08783,1
-2.64826,4.22635,-0.87659,-4.30965,1
4.24150,1.38655,0.58629,0.36462,0
4.38680,5.95152,-0.84769,1.08169,0
5.32879,3.15262,-1.58109,0.19334,0
-1.39524,8.24179,2.54574,-3.10802,0
3.20114,5.86851,-0.71303,-0.29603,0
1.97142,0.78917,-0.07147,0.55995,0
2.82046,1.57956,-5.65090,-4.50974,1
-2.67410,5.03047,-1.77639,-3.72018,1
-0.50595,0.24290,-0.87060,0.14797,1
3.97853,-1.91702,4.08595,0.09856,0
-0.88440,9.64289,1.18065,-1.50084,0
-0.71962,-7.58981,3.96820,-0.29127,1
-1.01662,9.50567,0.42853,-2.99863,0
2.37548,-1.03668,2.66942,-0.11553,0
2.94567,-4.54170,5.46479,-0.78707,0
-2.01411,-6.80481,7.19444,-0.22076,1
5.47456,9.43371,-5.51366,-2.95595,0
3.21091,-3.48138,2.31835,0.77930,0
-3.05294,4.82982,-1.48829,-2.92848,1
-1.70850,-11.42293,8.86482,-1.62054,1
-2.25541,-4.49695,6.53715,0.92709,1
-3.62432,-1.45652,2.26462,0.47346,1
-1.02749,-6.91876,4.50915,0.44095,1
-0.57078,0.37710,-1.09141,0.59654,1
-2.05674,-6.86984,9.14681,1.29512,1
-0.49109,0.46176,-1.08441,-1.17704,1
2.14439,-0.75597,0.65980,0.17357,0
2.49103,9.04776,-1.28874,-1.05523,0
-2.76678,-0.18732,1.74077,0.15293,1
2.12499,-4.49833,4.17252,0.06996,0
-0.80846,-2.88819,2.59255,1.29927,1
5.92317,-4.65709,2.91624,1.40814,0
3.79066,1.82786,1.46783,0.85849,0
-1.47271,-11.40278,9.78148,-0.39273,1
3.67629,-6.02008,4.56849,0.00470,0
2.63063,11.01641,-1.72118,-4.98406,0
0.82173,4.17272,-3.98214,-2.18894,1
-1.07889,6.62884,1.42151,-0.62014,0
-1.33017,7.53143,-0.23186,-2.05437,0
1.73141,1.59926,-4.11112,-2.25371,1
-1.28434,-8.50108,8.80861,-1.15687,1
1.17272,-0.81278,-2.22671,0.55579,1
-1.53952,-1.37614,2.06182,0.28484,1
0.41116,1.85592,-3.61247,-0.64491,1
1.36761,-5.44608,9.01971,-0.27562,0
2.04936,-1.54054,6.95119,0.76352,0
0.62384,11.48761,-2.22586,-5.43094,0
-1.85298,-8.17522,8.22184,0.06062,1
-3.93697,-13.14249,17.35623,-2.21294,1
-0.58218,0.61037,1.03784,-0.53383,1
4.08156,7.36330,-1.13856,-3.02072,0
1.44822,4.82168,1.06725,-0.28084,0
2.93786,9.16592,-4.13074,-0.82600,0
1.78009,3.66461,1.66043,0.34400,0
-4.17622,-7.84957,10.58755,-1.40548,1
-1.94082,8.30888,1.85496,-3.49333,0
-0.32748,4.52370,2.36303,-0.10052,0
-1.20096,-6.93210,5.45978,-0.72177,1
4.87261,-0.71041,-0.62681,1.97964,0
-3.05638,4.52768,-0.90721,-3.02940,1
4.46705,1.68308,0.18334,1.21157,0
2.07479,3.81511,1.01869,0.88178,0
2.01438,7.94187,-0.29207,-0.43120,0
2.43951,8.04589,-2.96351,-0.81948,0
-1.19761,5.38367,-2.60959,-3.95340,1
5.91128,4.36307,-0.69227,1.67762,0
2.24133,6.42976,-2.21162,-2.90684,0
2.58319,-0.66147,2.88438,0.61889,0
-1.93176,8.80326,1.78265,-4.31875,0
-4.84676,2.88324,1.32057,-0.63724,1
-1.93685,-6.36050,7.61299,1.21651,1
3.99978,-3.47478,4.02700,0.45793,0
3.62694,1.35967,0.96807,1.07854,0
4.85583,3.50581,-0.32913,0.24908,0
0.17676,9.86718,-0.18522,-5.26920,0
3.14511,3.13304,0.90531,0.19433,0
-0.56161,-7.99089,4.97219,-0.35297,1
-1.81012,11.61459,1.01331,-6.59628,0
2.32776,-1.05749,3.77442,0.80266,0
-0.01126,-3.80231,5.46896,-0.48072,0
7.52126,7.06730,-5.61809,-1.10158,0
4.46874,1.73674,-0.16744,0.30337,0
-2.31866,5.61308,-1.53215,-4.69648,1
-2.72738,-5.20540,7.04665,-0.27578,1
2.01289,-3.56028,4.78748,-1.01306,0
-1.80420,2.19180,-1.00656,-1.09092,1
-2.03184,-11.82083,8.37779,-1.67036,1
-0.00798,-1.31357,0.35871,1.47358,1
-1.96414,-8.45358,9.89534,0.13692,1
1.57641,0.64427,1.98104,0.91299,0
1.86121,5.47281,1.67033,-0.19140,0
1.63121,3.79840,1.35829,-0.30542,0
-0.55169,0.39724,-1.06349,-0.36002,1
4.50236,2.95940,-0.26893,0.69552,0
3.04644,-3.56363,2.90080,0.39936,0
1.08199,-4.74353,5.62519,-0.60737,0
2.90727,1.97308,-5.51626,-0.26946,1
-4.61969,3.90063,0.56002,-3.45110,1
2.25495,-6.36416,4.84685,-2.08161,0
3.37858,-3.18463,0.37713,-0.29261,0
-2.04707,1.23390,-0.91539,0.08128,1
-2.33982,-8.25775,6.92610,0.30475,1
5.71756,-7.17259,3.91046,-0.82164,0
5.72838,8.45160,-5.26427,-2.00551,0
3.98730,-1.57441,-0.94488,-0.09472,0
2.18141,-0.08487,-3.96601,-0.93871,1
-1.13260,0.94757,0.37961,0.38719,1
-2.60426,-10.08666,9.92475,-1.84959,1
-2.54633,2.77138,-0.11157,-2.59715,1
2.55763,-3.91638,5.29593,-0.74114,0
1.29017,9.52027,-2.44369,-4.24900,0
2.78439,8.28666,-1.14284,0.14994,0
-3.51192,-0.81661,1.64766,0.44940,1
-3.19931,-7.62773,7.17186,-1.39826,1
-3.37924,7.13081,-1.45170,-5.96698,1
2.22774,-1.70857,4.75693,1.36319,0
-0.66182,0.79298,-3.29367,-1.55788,1
-0.73229,2.24575,-1.51840,-0.16196,1
-1.26996,-4.87608,3.06269,0.80768,1
3.76720,5.98142,-1.12854,-0.41176,0
1.17139,9.99068,-1.65956,-4.02164,0
2.14069,10.65308,-3.99877,-2.03609,0
-2.73360,-2.42938,4.46725,2.14880,1
1.17765,0.15973,3.12775,-0.64291,0
1.86317,-3.58598,3.13527,-0.57969,0
16.54141,-24.93057,2.38153,1.60695,0
6.94609,8.22787,-2.96634,-0.94179,0
2.39377,-0.90053,5.53630,0.71862,0
1.95279,7.18322,-0.52330,-3.18920,0
0.94629,9.20929,-0.44253,-3.46053,0
-1.87668,8.98814,0.41460,-3.00949,0
4.18413,7.42143,-0.74103,-2.42818,0
-1.55002,-11.16498,10.00727,0.96603,1
6.24914,5.74412,-3.55667,0.41937,0
0.13272,6.99117,0.34334,-1.23570,0
1.66259,8.90358,-2.10584,-3.56362,0
-1.09027,-8.83851,8.37709,-0.20817,1
-0.31163,1.68427,-1.06580,0.32317,1
-3.49135,-7.41428,9.41657,-0.75215,1
1.62540,5.45924,0.57541,0.67873,0
-0.04383,8.97022,-0.71535,-3.66387,0
5.86710,8.38777,-2.31042,-0.83791,0
-0.33627,10.59243,-1.16182,-2.10442,0
0.94674,11.52140,-2.62094,-2.16720,0
1.22851,3.04050,-5.53038,-5.67184,1
-3.74708,0.02039,1.14207,0.63655,1
-2.37373,4.97566,-2.76445,-3.08690,1
1.83889,4.35801,0.48435,-0.42342,0
7.06307,7.03478,-2.87363,-1.42296,0
3.28752,6.79772,-2.34423,-1.02400,0
-2.10398,10.21631,-1.64515,-7.11345,0
-1.01935,-0.14662,-0.73107,0.32380,1
1.31957,2.38594,-4.29917,-2.72530,1
3.43718,10.42106,-2.65339,-3.21486,0
1.81128,7.83729,-0.65072,-1.01178,0
4.23494,7.01556,-2.55703,-2.13067,0
-2.38481,12.38152,-0.42813,-5.02384,0
1.55275,4.10652,1.80912,-0.22201,0
0.95146,9.29109,-0.10781,-1.20256,0
1.24328,5.70482,0.23289,0.98935,0
-1.49489,-7.73514,9.76784,-0.56463,1
5.99606,4.63252,-4.69168,0.52223,0
1.88103,10.02911,-0.52963,-3.79480,0
-0.22795,10.18544,0.09990,-1.26400,0
-2.55721,-8.89768,9.19521,0.05037,1
-4.74743,-12.67062,15.95320,-1.83290,1
2.64371,8.56697,-0.74289,-0.69163,0
-3.53806,5.98514,-1.23906,-4.60423,1
-4.32268,3.33172,-0.10282,-0.89167,1
-1.59476,9.42212,0.86261,-4.71374,0
-0.17151,3.16155,-4.00797,-4.06810,1
-1.34069,0.79991,0.56584,0.56855,1
-1.31958,-0.97260,0.43355,0.22654,1
3.18653,7.35372,-1.86599,-0.23862,0
-0.25773,-3.39559,2.96462,2.46538,1
-3.64707,-9.50260,11.06500,-2.20436,1
-2.11852,-8.96036,8.47044,-0.54750,1
2.74972,7.76777,-0.28185,-0.91335,0
3.76422,2.53346,0.29923,-0.20488,0
-0.45277,10.38758,0.29673,-6.75901,0
-0.78209,-0.24506,0.56731,1.04784,1
1.57068,10.43085,-1.46110,-4.88182,0
0.96058,1.20353,-2.03061,1.26217,1
6.67630,-5.16325,0.75326,0.63550,0
-2.93343,3.87686,-0.82279,-4.05125,1
-2.18432,-4.79039,6.35161,0.62001,1
3.45350,7.22287,-1.65497,-1.09681,0
0.52119,-1.11766,-0.44422,1.24952,1
2.16104,7.67280,-0.72579,-0.58684,0
-2.08318,-0.15394,1.11653,-0.37875,1
-1.78935,-12.46976,11.71809,-1.75765,1
-3.85741,-8.42234,13.87785,-0.71694,1
1.63838,7.89826,-2.99007,-0.97778,0
-1.56413,-7.98555,7.52992,-1.01217,1
2.01483,0.65191,2.40611,0.44850,0
3.91968,3.31552,0.22302,0.80598,0
-3.61659,-0.23943,1.57223,0.06910,1
2.98260,-6.01527,4.52109,0.06035,0
-2.37575,6.20489,-1.34018,-3.03154,1
6.33631,4.92651,-3.41606,0.17248,0
0.20663,0.77198,-0.22804,0.47588,1
0.84118,6.59366,1.25495,0.53741,0
2.75857,5.24819,-0.80433,-0.78809,0
-0.40686,2.03201,-2.62036,-0.40940,1
-1.81923,6.29550,-3.28490,-5.58427,1
4.44355,3.19986,0.33832,1.56023,0
0.03675,11.05377,-2.79009,-6.11796,0
5.85843,6.31754,-4.82748,-0.10113,0
0.19702,10.16848,-1.09512,-1.38635,0
-1.74116,-1.10948,4.49830,1.65156,1
4.58183,8.15173,-2.35189,-1.33134,0
-0.21657,-5.54005,2.72828,0.81251,1
-0.34786,-2.44387,0.84159,1.79041,1
-3.32644,-6.18494,8.44692,0.25619,1
-0.16930,6.78617,0.88393,-0.49465,0
2.05144,-2.37895,5.35684,-0.72723,0
-3.15251,3.48979,-1.44661,-1.66412,1
-3.55972,-12.53572,16.03524,-1.06712,1
2.02483,32.10894,0.20033,-1.64558,0
-8.50840,6.88684,2.84830,-4.60656,1
1.11640,-3.31174,9.05973,-0.84400,0
1.02933,4.00144,-4.35959,-4.88896,1
-0.65943,8.67874,0.34925,-1.17366,0
3.37694,6.77187,-1.77680,-0.24415,0
0.44481,7.94907,0.60799,-2.91059,0
-4.14903,-0.48209,3.21942,-0.26100,1
-2.56131,2.45758,-1.23927,-2.97589,1
4.89823,0.83249,-2.09580,1.14494,0
0.81557,5.87657,-4.48330,-5.14654,1
-0.73797,4.03564,-3.43007,-4.99749,1
3.05307,8.91435,-2.05583,-2.41820,0
2.61015,11.24121,-0.83104,-3.73693,0
-1.11891,2.43302,-1.77578,-3.70162,1
3.63596,7.68950,-4.00026,-1.19724,0
-1.75957,7.17016,2.22109,-2.27448,0
-2.46663,-4.88300,8.90072,0.30855,1
0.50125,6.57309,0.83941,-0.95732,0
0.97851,3.58141,1.47281,-0.28639,0
-5.48073,5.81796,0.62361,-4.82017,1
2.70276,-6.11275,5.95353,-0.95881,0
-1.97974,0.52853,-0.34717,-0.16511,1
-1.57243,4.76983,-2.08935,-3.15886,1
2.84692,5.12228,0.14576,0.83209,0
4.15668,5.11570,-0.67638,0.24388,0
1.51756,-0.12796,0.05790,1.25590,0
4.39041,8.17702,-1.30910,-1.14980,0
3.60020,7.26361,-3.07462,-1.07534,0
-4.26039,-10.34758,12.38141,-1.09901,1
-3.49692,0.24588,1.83388,-0.38111,1
4.28945,9.14203,-3.46591,-4.40532,0
0.64106,-4.59817,9.26123,-1.37150,0
1.57300,-4.20095,5.40424,-0.35368,0
1.30219,6.30534,0.44135,-0.09256,0
-3.33238,-5.63136,6.37169,0.80636,1
3.00936,-3.02158,5.57183,0.36474,0
2.17961,-1.08011,4.81838,0.28019,0
-1.91419,11.72535,0.47185,-3.46147,0
2.02134,5.37370,0.56819,0.20577,0
1.59072,-2.80941,4.43902,-1.13724,0
-2.06890,-7.91196,8.38140,-0.19336,1
2.58875,8.77970,-1.24752,-1.86657,0
0.85711,5.80957,1.29614,-1.31056,0
3.49397,-3.25090,6.55138,0.19611,0
-3.98984,-4.82651,9.14698,0.25181,1
-2.39843,4.96191,-1.68737,-1.60017,1
0.54188,0.85299,-2.99164,-0.95767,1
-2.98968,-9.97198,12.10324,-2.12409,1
1.66667,2.15367,2.95009,1.22414,0
2.05611,8.97739,-0.83264,-1.18481,0
2.29759,4.97851,0.13045,0.18827,0
4.39387,-1.37054,2.54174,1.20728,0
2.19440,0.06527,4.44126,2.42848,0
-3.80122,3.46694,-0.03869,-3.15359,1
3.68414,5.92032,-1.25662,-0.57415,0
-0.96990,-0.65294,1.86749,1.15930,1
-1.17399,1.75996,-0.51454,-1.12397,1
-2.72480,7.17503,-1.23361,-6.13047,1
2.68428,-2.00438,3.85206,0.64953,0
-3.24204,6.23857,-2.08454,-5.89759,1
-2.49067,0.50009,-0.45601,-0.91890,1
4.47862,9.74951,-1.88657,-3.58475,0
4.34156,-3.44520,2.70996,-0.03764,0
3.29120,2.33381,1.96846,0.83110,0
3.54591,9.62662,-0.20075,-2.81980,0
3.07358,10.33138,-1.98812,-1.85162,0
-1.75717,3.31842,-2.06845,-5.79618,1
-6.29885,3.49053,3.14895,-0.22962,1
-1.91787,-5.71050,7.38732,0.81592,1
0.19137,2.42880,-3.97999,-2.09929,1
3.96008,9.01851,-2.75318,-3.24263,0
-0.02373,2.54474,-2.30641,-0.77909,1
5.22651,-1.27675,1.84730,2.54545,0
-3.90322,3.25656,0.16318,-2.88214,1
1.57252,-0.92076,1.63578,0.69522,0
-0.95368,1.93424,-2.62300,-0.96450,1
-1.67075,10.99104,1.59664,-3.81983,0
-1.21653,8.23116,-0.69044,-4.37859,0
1.39957,7.18397,-0.62048,-0.21823,0
2.05275,7.80469,2.11940,-0.51162,0
-2.81665,-7.07395,8.24224,-0.23110,1
1.87622,-0.80037,4.79605,-0.47221,0
-0.48867,-1.06529,1.12114,0.11618,1
1.56420,5.43605,-4.49193,-1.76323,1
0.52312,0.42652,-2.29571,1.76021,1
0.55625,3.80701,-3.95875,-3.67079,1
5.54547,-5.57154,4.00178,2.56191,0
-0.75431,0.40177,-0.39409,1.38772,1
-2.36639,2.03063,-0.65871,-0.22642,1
-2.29322,0.36134,0.04459,-0.30334,1
-0.85745,0.79925,-0.89491,-1.62968,1
-3.44713,-13.58492,14.25928,-2.09179,1
-0.95731,-1.29498,1.34560,0.24600,1
4.18396,-2.65393,4.53599,-0.44279,0
3.44612,3.71820,0.22020,0.16850,0
-4.08176,7.10257,-1.84091,-5.28390,1
6.04027,0.91186,-0.96223,1.38051,0
1.24458,11.11800,0.02776,-4.46731,0
2.59958,5.53332,0.36739,0.16536,0
0.05131,6.69707,1.44897,-0.51300,0
1.59827,-5.20264,5.31175,-1.31468,0
2.32564,5.26182,0.86084,0.05713,0
5.52150,6.32750,-5.94071,-2.53049,0
2.43670,6.49427,-1.76548,-1.17796,0
4.61710,10.65608,-2.69482,-2.03318,0
-2.95988,9.75698,4.24633,-3.23190,0
1.79684,3.74094,0.06986,-0.25697,0
1.76851,-2.12205,9.30238,1.60867,0
6.26682,3.27329,-1.77173,0.18907,0
2.04869,8.27076,-1.16098,-0.54656,0
2.76714,4.92101,-0.16945,-0.13628,0
1.87722,10.60911,-3.47099,-1.34460,0
-0.90218,2.00363,-0.67469,-0.25588,1
0.22178,8.52981,0.22354,-3.14146,0
-3.76311,-8.06800,9.79957,-0.49746,1
-2.64724,-4.46236,7.12006,0.85348,1
1.43143,-1.56262,8.66262,-0.59311,0
4.18464,-2.28323,2.32322,0.52802,0
-2.29668,0.38192,2.28356,1.35813,1
-1.49353,0.13896,0.69916,-0.32078,1
3.40621,-3.19015,2.90257,0.00037,0
-4.86400,-14.32232,17.43302,-2.93948,1
-6.60843,4.42181,2.46428,-3.73165,1
-1.20231,0.58723,-1.53347,-0.23653,1
-0.56563,1.50549,-1.63272,0.43878,1
4.10327,-3.29436,4.27007,-0.30673,0
-5.35753,6.40731,1.16024,-3.29045,1
-1.54071,-7.94744,7.94637,-0.40763,1
2.83842,-6.32459,7.80315,-0.53978,0
2.91211,4.68638,0.77777,0.06552,0
-4.49318,7.06144,-1.58060,-5.27452,1
-2.66729,6.59396,-1.21696,-2.44734,1
-6.18170,5.81473,2.44964,-3.78637,1
-3.35940,-6.69462,10.50569,0.56244,1
-0.07933,-1.80978,0.79600,1.36645,1
2.45224,7.35406,-2.26662,-1.00590,0
2.75683,4.23239,0.13352,0.85780,0
-6.98389,9.85347,-0.72386,-7.50702,1
-0.08881,-5.78082,8.06036,-0.94112,0
5.22354,5.36859,-2.70700,0.75470,0
-4.42618,6.65704,-0.97878,-2.43358,1
-1.89674,-8.94305,8.38378,-0.84394,1
-1.96896,4.71376,-2.25818,-5.06714,1
-0.81645,1.17454,-0.69284,-0.07250,1
-1.55189,-6.49887,6.55113,-0.77373,1
3.60344,8.18175,-0.61043,-1.69793,0
-0.45293,-0.97426,0.30610,0.62927,1
-3.32056,-10.69976,11.62953,-0.68767,1
-1.69884,5.63262,-2.74881,-5.17069,1
-2.36363,7.26315,-3.42682,-5.07976,1
-1.78483,-6.76762,7.55156,1.21424,1
-0.20465,0.93329,-1.34608,-0.36874,1
-1.37786,-8.60812,8.56159,-0.60523,1
0.44784,-2.34362,5.05411,0.94292,0
0.66270,7.01085,2.96906,-0.46298,0
3.28325,5.20163,-1.78648,0.30368,0
3.39310,-4.66456,3.30071,-0.43383,0
-1.10959,10.96385,0.16605,-5.18249,0
-1.72971,0.79254,-0.78288,0.85724,1
1.97962,0.26798,3.50294,1.24186,0
-4.10504,-13.12776,14.68768,-2.16883,1
5.94928,8.69186,-7.04471,-2.07064,0
-0.49234,6.14742,1.92420,-1.00334,0
-0.22412,-4.71950,4.02813,0.95305,1
0.18242,9.57233,-3.16343,-3.95061,0
-3.10540,-7.14860,9.62451,-0.07596,1
-0.39658,-26.62774,1.38046,1.10105,1
3.56265,8.77793,-1.21596,-2.46610,0
3.01270,-0.66856,3.98150,0.66822,0
11.93850,12.57885,-2.37891,-14.47562,0
-5.50632,7.08676,-0.48680,-4.75362,1
3.69517,8.73215,-3.24763,-3.17302,0
-3.61329,11.08100,2.65547,-4.32011,0
-2.37142,-9.04193,9.80056,0.67894,1
4.14323,3.76168,0.33426,0.17962,0
3.28983,4.47924,-0.19111,-0.09479,0
2.67536,10.47247,-0.38459,-2.53203,0
0.67263,4.64663,-5.47602,-1.48266,1
0.06721,8.44148,-0.36905,-1.16290,0
-4.14121,-12.68744,14.39220,-2.44766,1
0.17737,9.31156,0.08534,-4.07340,0
0.51673,3.39556,-3.05634,-2.85986,1
-4.37566,0.78051,1.55677,-1.04549,1
-1.23290,0.10150,0.20771,-0.08810,1
1.28779,2.74653,4.41285,0.16899,0
2.64780,3.92015,0.70325,0.35036,0
3.31090,6.49224,-4.61459,-2.56109,0
1.23050,-2.37705,5.95133,-0.78217,0
0.47133,9.54744,-0.06739,-4.00035,0
-3.28982,-7.87199,10.64604,-0.99356,1
0.70366,7.54730,-1.98598,-2.88905,0
-1.11967,0.95385,-1.99172,1.13176,1
2.46881,-0.63113,-3.72892,-0.88379,1
-1.54315,-1.50046,2.09321,0.16487,1
1.10342,0.84867,5.30002,-0.14493,0
3.12381,1.69275,0.69115,-0.15029,0
5.46964,-0.40470,0.16837,2.64503,0
1.41713,-1.30122,1.69068,-0.74784,0
0.24989,7.56675,-0.07229,-1.64947,0
-2.18494,-4.21480,6.19658,1.41461,1
-1.55647,11.22743,-0.67173,-8.07778,0
-1.35197,4.56887,-2.11565,-1.34670,1
-1.52532,-4.58983,6.10551,2.47535,1
-2.38660,0.80423,-1.86232,-0.46074,1
-1.83992,-0.48905,3.11727,0.83214,1
-0.07838,1.30384,-1.66019,0.75366,1
4.85729,-4.12980,1.72567,0.94276,0
-0.23973,-0.88721,9.96366,-0.51512,0
-2.09614,-0.15261,1.47687,-0.14019,1
-1.40272,0.32995,-1.91851,-2.25732,1
3.67469,-6.32233,6.55372,-0.07566,0
4.98849,2.34184,0.54287,0.93827,0
0.29737,-7.62381,7.02971,-2.24758,0
-2.07513,6.70173,-3.17581,-5.56178,1
3.55954,8.72305,-1.54162,-2.14428,0
4.07418,5.74884,-1.92983,0.00571,0
2.86018,7.43440,-1.85278,-1.30824,0
-0.93339,1.08357,-0.03240,-0.26743,1
1.35370,-1.26719,3.50030,0.00219,0
-4.28506,9.26428,4.75921,-4.87147,0
2.97659,2.76517,0.68430,-0.84013,0
2.68216,-3.36593,6.53348,0.33061,0
2.70292,5.11590,0.13879,0.19053,0
1.08592,9.93037,-1.04501,-3.84299,0
-0.00609,-3.24469,7.94918,-1.15429,0
2.91474,4.12487,0.99108,0.39380,0
-3.38652,3.68292,0.15042,-1.24937,1
-0.03135,3.36890,-3.28329,-1.63383,1
1.02195,-6.19776,5.26371,-1.26116,0
5.13028,4.77606,-1.67993,-0.15533,0
1.24964,8.96095,-2.18016,-2.91193,0
4.53367,8.15437,-2.47134,-2.14194,0
-6.01371,6.81296,-0.02870,-4.85590,1
3.74454,-1.59754,0.11862,0.34894,0
2.24762,8.53374,-1.41239,-1.86381,0
-2.97579,6.03634,-1.77744,-5.23745,1
3.09037,0.39889,3.23335,1.60690,0
-1.69729,-1.47023,3.58340,1.76330,1
-2.87220,2.10265,0.61117,-2.16607,1
3.52159,-3.48652,2.40286,0.56779,0
-3.84532,-10.27171,14.50422,-1.10703,1
4.06632,1.08620,1.18258,2.28028,0
-0.23004,-0.79525,-0.64347,0.57013,1
4.83600,-1.16073,3.91554,2.29729,0
1.79492,-2.24015,3.77733,0.07195,0
0.59186,0.75915,-0.92719,0.63882,1
4.12282,4.28683,0.18081,0.80052,0
1.64516,8.42626,-2.31038,-0.87729,0
-0.23280,2.96058,-3.02952,-3.02697,1
-3.33559,-10.70597,11.22330,-1.21262,1
1.09522,8.22365,-0.22830,-5.05657,0
-0.51956,11.98602,-0.99165,-6.16073,0
4.37416,10.33805,-2.63610,-2.54941,0
0.74275,10.20941,-1.56412,-4.91226,0
1.52855,-0.24782,-1.79563,0.51869,1
0.74306,3.59689,3.46508,-0.01155,0
3.41224,-0.37186,0.05339,0.97852,0
-1.76478,9.91085,0.65614,-4.67922,0
-0.75826,-4.60250,1.97863,0.60691,1
4.10467,-5.97516,3.79230,-0.02155,0
1.02351,0.78453,-2.06142,-0.14376,1
0.36225,-2.23240,7.64341,-0.35316,0
-1.69122,0.88692,-2.56626,0.01467,1
0.81490,5.04529,1.26057,0.05625,0
3.67141,-0.24020,-4.23172,-0.01059,1
0.60273,14.24726,-2.50597,-6.49252,0
1.11684,5.43761,2.05020,0.09003,0
-0.00592,9.93210,1.93034,-2.46812,0
1.92708,13.53478,-5.12610,-5.81274,0
-3.01780,-12.14578,12.00804,-0.18933,1
-0.97327,2.97002,-3.73804,-3.44233,1
-4.33640,-0.61446,2.30923,-1.67452,1
3.91469,-2.07169,2.89772,-0.54870,0
2.67027,2.20848,2.35176,0.76173,0
0.06272,1.72162,-3.24803,-2.31911,1
-2.29135,0.09230,0.65973,1.09814,1
2.06819,5.77603,0.46846,0.17001,0
1.31001,0.21563,3.13693,1.33208,0
2.65123,9.59423,-3.48406,-4.01835,0
5.30595,4.29809,-2.51910,0.04131,0
2.81926,10.44902,-3.25848,-3.07679,0
-2.25540,-9.69460,10.51827,-0.10489,1
3.83360,3.62366,0.24328,-0.04633,0
-0.04221,7.04454,2.99889,-2.43393,0
4.73260,9.90743,-2.44767,-2.31034,0
-3.40820,7.74944,-2.49935,-7.57784,1
-1.50795,0.18221,0.72940,-0.03659,1
-0.72106,-1.81763,-0.93365,0.51191,1
-2.47663,-0.31328,2.18602,0.78524,1
-1.02847,-5.48705,3.37809,-0.23814,1
-2.04891,4.48114,-2.01184,-5.33485,1
-0.40041,2.65260,-1.92737,-0.92450,1
0.38181,3.70594,-4.45618,-1.09603,1
2.08077,-0.42875,0.99408,0.97215,0
-1.72470,-6.44984,7.07115,-0.15378,1
-0.23140,-3.87895,2.17055,1.69151,1
-0.07305,2.04388,-3.08480,-2.15488,1
0.22340,10.13818,1.42215,-4.61128,0
-1.50946,-10.40259,11.55148,-2.05357,1
2.50652,6.07720,-2.37139,0.43512,0
3.24709,-1.17394,4.08742,0.38270,0
-1.65263,1.21141,-0.46336,-0.00368,1
5.44032,-2.65161,-0.81488,1.32165,0
0.16363,9.55109,-0.81027,-4.20242,0
4.38485,-0.06415,1.85885,1.25788,0
2.13615,-2.17191,3.85906,0.35671,0
2.19654,6.62344,-1.88710,-0.52052,0
5.06649,2.21007,0.65691,2.63553,0
3.40738,-4.05997,2.88204,-0.95450,0
2.50349,-0.55460,-0.74339,1.63533,1
-1.68641,-8.47393,8.52210,0.17230,1
1.09451,-3.01770,8.50501,0.66046,0
2.65226,5.20779,1.13539,0.82161,0
-1.80650,-6.61050,7.35460,1.27952,1
0.74590,6.07599,1.08259,-0.31682,0
1.45746,0.42826,-3.03261,1.27214,1
2.77343,1.10863,3.10691,1.23340,0
-5.09307,7.01251,-0.72052,-8.07085,1
-1.78295,-5.32660,4.18301,0.27721,1
7.31703,11.55076,-5.50328,-1.69620,0
5.29666,1.34671,0.00978,1.17929,0
1.78184,11.51721,-1.13661,-4.73566,0
0.70567,7.27210,-1.82166,-4.74313,0
1.03551,8.68571,-1.82672,-2.95327,0
0.53861,9.43709,0.82237,-1.21883,0
0.57186,8.43133,-1.77204,-2.22336,0
-1.56079,-0.19151,-0.04999,0.08305,1
-7.90569,4.94067,3.81069,-3.03183,1
3.78955,8.12055,-3.71267,-4.16327,0
0.23661,3.81536,-4.96236,-0.47727,1
8.17458,3.16787,-3.69879,1.00370,0
-0.65801,1.55846,-1.12083,-1.11094,1
5.20881,8.27983,-3.68459,-2.35433,0
2.32160,10.64021,-1.08792,-4.38193,0
-1.96316,5.44509,-1.84598,-5.60334,1
2.62245,-0.68364,3.37000,0.99993,0
0.34956,1.76397,-3.61587,0.25077,1
0.14614,-4.77673,1.64429,1.01204,1
1.59189,4.50403,-1.20290,-0.08131,0
2.06565,-0.47179,4.76192,1.42408,0
1.59651,7.30082,0.17980,-1.49248,0
4.82707,6.83514,-4.76052,-1.45555,0
-0.18068,10.86240,0.99493,-6.48355,0
3.48847,3.17899,-0.80500,0.71815,0
3.75694,-6.07025,2.68304,-0.88280,0
1.37078,0.90047,3.71965,0.53492,0
0.25567,-0.17758,-0.07612,0.51831,1
1.16324,1.06104,-2.07425,0.29606,1
0.38987,10.87771,0.48683,-3.74981,0
4.49449,9.70080,-4.55358,-2.63089,0
-1.20021,10.44145,1.13120,-3.48719,0
1.04921,4.20062,-4.60979,-4.93738,1
-4.47638,-6.33425,10.82319,-0.69673,1
1.97209,5.84541,-2.15024,-2.17399,0
-1.70367,6.24294,-3.23225,-4.51676,1
2.26149,-3.22186,1.71612,-0.03113,0
5.32878,8.06067,-2.19391,-2.23664,0
-0.47908,2.69260,-2.31330,0.32299,1
-1.71220,9.73487,0.19423,-3.76560,0
-2.57393,-7.56228,10.72061,-0.70519,1
1.43192,4.71994,1.55978,0.89056,0
-0.65495,1.57409,-0.42591,-0.88651,1
2.94672,-2.59190,1.39614,-0.37247,0
1.23286,-3.17684,5.85052,-0.55855,0
-1.48146,-7.16208,6.05570,-1.07561,1
3.28675,-1.59963,1.43975,0.20616,0
-1.82892,-0.81725,0.81508,-0.09096,1
3.97704,8.24904,-1.55603,-1.63845,0
0.69211,10.03032,-0.89994,-3.13151,0
2.32708,9.92974,-0.76679,-3.92735,0
-2.08836,11.88273,3.60173,-3.75083,0
2.14484,9.43837,-2.82763,-0.72587,0
-1.65398,-0.31026,-0.11189,0.45233,1
2.26638,8.35783,-2.12521,-2.91674,0
-3.72876,5.10939,-0.59056,-3.96230,1
-2.55871,3.53190,-0.96103,-4.39004,1
-0.13476,3.27794,-4.28210,-1.86303,1
0.32174,7.66919,-1.27458,-3.81919,0
2.98049,1.30889,2.40119,0.78604,0
-2.16965,-0.46124,0.96394,0.83533,1
-2.33597,3.13687,-0.90247,-0.01593,1
-1.47950,0.26459,1.30726,0.59986,1
0.12398,-0.43052,-1.14010,0.41715,1
0.58382,1.08191,-2.89562,2.59034,1
-3.79808,-7.94668,12.41800,-1.42057,1
4.06547,-4.95630,2.83927,-0.74907,0
1.96328,7.98356,-1.14426,-0.27962,0
0.01542,9.10900,1.29432,-0.60144,0
-0.84770,7.85924,3.92979,-4.52186,0
-0.29892,-5.13089,3.29590,1.57224,1
1.57973,6.36135,-0.02181,-0.61758,0
0.52963,-1.68491,7.02758,-0.22817,0
-2.00124,-9.62757,10.85999,-0.49861,1
2.41489,-18.80353,16.50805,0.03849,0
1.01933,0.29669,-3.98593,0.55286,1
2.20594,5.80968,1.11130,-0.12653,0
0.77874,7.23107,-0.42762,-1.65043,0
0.48335,4.51345,-4.88148,-5.47870,1
-0.71549,-8.34564,8.93876,1.16816,1
0.65542,9.81054,-1.58902,-2.17659,0
-0.78596,-0.09347,1.12573,-0.22574,1
-0.65581,10.25100,2.03897,-3.56829,0
-2.40756,12.46431,-1.39727,-7.15553,0
-2.77542,-2.20080,2.10663,0.75248,1
-0.18961,10.04968,1.75798,-3.35812,0
-2.91773,1.86814,-0.43336,-1.33194,1
1.92293,8.87334,0.39407,-1.64503,0
-2.89526,0.18197,9.54116,-0.62165,0
1.88862,-4.08151,5.12363,-0.08884,0
-3.26914,5.39430,-1.22499,-3.54041,1
-2.49720,8.34353,1.88283,-4.39252,0
5.56943,-2.37469,3.02678,1.36564,0
2.99913,5.39043,-1.97095,-0.38199,0
-3.14010,-10.16022,12.36302,-1.47510,1
5.92233,7.30999,-3.81265,-1.47673,0
3.27532,9.18913,-3.73939,-5.17732,0
-1.38693,3.47201,-1.97382,-5.52601,1
-0.21583,-3.68182,12.07441,-0.34921,0
-2.49414,2.95431,-1.62868,-2.09888,1
-0.07875,0.27290,6.96331,-0.23130,0
1.46868,-5.96534,8.66335,-1.16027,0
-2.29926,8.52332,4.86639,-4.23960,0
-1.42142,2.45483,-1.71546,0.10131,1
-2.37332,-7.66073,8.51593,-0.03930,1
3.94306,-2.50705,3.69812,0.29030,0
-2.95505,-11.87201,14.03976,-3.23675,1
1.06480,3.95843,2.12208,0.54207,0
3.15997,4.54166,-0.71473,0.66472,0
1.65676,8.51060,-1.09955,-2.25794,0
1.96436,0.24618,3.09664,0.11844,0
1.81518,-0.86560,3.39114,-0.02164,0
-1.33868,4.04684,-2.49257,-3.26737,1
-3.35444,-8.54742,9.92485,-0.25452,1
1.72394,-1.87665,5.85105,1.10399,0
-0.36926,-7.37499,3.49934,0.36440,1
-2.57472,-4.73995,7.11664,0.90527,1
-4.04910,4.54289,-1.35469,-2.81716,1
2.45315,1.95844,-0.12893,1.56933,0
-2.31128,2.89737,-1.06828,-1.87051,1
-1.34672,3.49839,-2.15603,-1.53471,1
-2.25002,-2.04672,3.16687,0.63556,1
5.82105,9.50038,-1.89846,-1.14713,0
4.31958,6.78706,-1.23096,0.32132,0
2.22211,9.33938,-2.92283,-3.29072,0
4.28291,-2.18652,4.53213,2.66596,0
1.89722,4.52286,0.35145,0.38026,0
2.30741,-1.38010,4.06390,-0.09761,0
1.49423,6.50095,-1.79867,-0.43831,0
3.30789,-5.79980,3.07413,0.75542,0
2.32884,-0.49736,2.90813,0.53130,0
1.24950,2.50005,4.08497,0.19186,0
-1.90943,-4.27609,4.59022,0.21218,1
-0.16653,-0.78956,-0.08584,0.68363,1
-0.41960,9.38959,0.27982,-3.80642,0
0.34022,5.94624,1.11441,-0.60688,0
1.29775,8.26692,-1.00604,-0.46114,0
5.60852,-2.25363,3.66482,2.72965,0
2.04093,8.85690,-0.91673,-2.13904,0
-1.90745,-6.78283,-10.76937,0.31423,1
4.09168,-3.89877,4.23981,0.36162,0
3.20796,8.50579,-2.06833,-2.21689,0
1.53039,8.37919,-0.24600,-3.13351,0
-0.51074,0.82827,-0.75654,2.06388,1
3.47906,7.23270,0.18453,-0.08000,0
0.43026,5.64166,0.70265,-0.97561,0
4.80347,6.82565,-2.84632,-0.65909,0
4.48724,-1.89500,1.84407,1.45588,0
1.07782,11.65393,-1.66232,-6.76262,0
2.62272,0.60058,1.85159,0.21265,0
4.25921,4.57066,-1.35620,0.99988,0
3.61505,10.15634,0.30814,-1.83371,0
-6.52791,9.41378,0.65116,-5.12482,1
-0.65022,2.24074,-1.41959,-0.02023,1
0.18508,-0.47051,-1.50424,0.51988,1
-1.54036,-0.38952,0.29282,0.17756,1
2.20189,-2.41973,6.74303,0.55173,0
2.21735,4.28949,0.86213,-0.23473,0
-1.94962,0.15022,0.32415,-0.51484,1
5.21447,-1.59077,1.79731,0.66690,0
-6.62014,6.56862,1.09892,-5.16643,1
-4.33735,3.34153,0.55834,-2.23678,1
-0.35059,1.48464,4.53671,-0.34889,0
1.13296,8.97063,1.15148,-2.57561,0
1.58693,-0.48151,6.42032,-1.33386,0
2.51831,7.77631,-2.79832,-1.90919,0
-0.00369,1.67351,-2.64860,-0.77651,1
-1.75813,1.02968,-0.02258,-0.82806,1
-4.57630,-1.79512,4.01924,0.53180,1
2.98536,-1.48546,2.70117,1.10451,0
-2.67994,1.78409,-0.63225,-1.17941,1
0.74037,3.66888,-3.96361,-3.14485,1
3.19802,1.20824,1.68423,1.18377,0
-0.88635,1.86824,-2.09557,-2.00043,1
3.23206,2.48829,2.15697,1.83882,0
-0.69204,6.86362,0.58498,-0.64825,0
-1.87539,0.83176,-1.08199,-1.26262,1
1.51602,9.59977,0.88582,-3.11622,0
3.84069,-5.82713,5.09505,-0.15530,0
-0.13106,0.42774,-0.98544,-0.29425,1
2.86734,4.93190,-0.16906,0.05525,0
5.76277,9.84638,-7.34552,-3.87168,0
2.02327,2.75476,3.10758,0.36602,0
2.52339,0.45816,3.26367,2.16509,0
6.11894,5.62154,-4.06634,0.47396,0
5.85722,8.84212,-7.73077,-3.96097,0
3.01244,6.63451,-0.80299,0.14415,0
-1.89471,5.67141,-2.01403,-4.47251,1
0.61991,9.41130,-1.39746,-5.00512,0
0.81752,-1.46846,4.42417,-1.26044,0
3.73599,3.07709,0.67742,0.45045,0
1.87751,8.88193,-2.95779,-4.23944,0
0.97165,9.43819,-1.62963,-1.19651,0
-1.74963,7.30630,-2.24578,-2.53787,1
-0.75486,6.61397,0.43083,0.03313,0
2.58594,9.86055,-2.47613,-0.16950,0
3.61971,-3.60960,1.89048,0.10223,0
3.21340,0.44679,3.12079,1.52071,0
1.00231,5.08617,1.83210,-0.47451,0
2.65341,8.59107,2.06581,-1.67404,0
9.40569,-0.80410,-16.22785,-1.19154,1
2.60292,-3.53315,3.66292,-2.16017,0
4.73918,0.42223,-6.31825,-1.99367,1
1.55942,0.88155,3.10867,0.36166,0
1.94190,7.75786,0.47369,-3.29250,0
0.86523,-0.85140,6.00902,-0.38334,0
0.32376,-2.56122,6.05706,-0.55260,0
-0.81486,-8.38908,4.71535,-0.24885,1
4.52161,3.16815,-0.98526,0.98992,0
2.08966,-5.00333,6.51916,-1.96011,0
-0.62527,12.09280,-1.54239,-6.19673,0
-3.11324,-9.59080,9.27913,-0.38469,1
3.66518,9.34379,-2.31040,-3.06691,0
6.05693,9.04551,-5.72407,-1.70485,0
0.42026,-0.51657,0.30080,1.36122,1
3.22848,0.29356,1.45015,1.22007,0
0.01809,8.61967,0.13874,-1.99255,0
-1.55448,-4.95274,5.71495,0.64972,1
2.13074,4.84592,1.19723,0.09925,0
2.62375,2.92659,0.52470,-0.03532,0
-2.40636,6.73876,-2.68324,-6.64854,1
-3.14275,4.43356,-0.02828,-3.46346,1
-1.97960,10.70001,1.57161,-4.56515,0
0.63252,7.71443,1.63219,-2.67824,0
2.37922,4.59686,0.72565,-1.02429,0
4.77906,-7.31597,3.41738,0.92057,0
-0.15045,13.91315,-1.09587,-8.31106,0
0.67065,8.11631,-0.98278,-0.69347,0
3.62754,6.94138,-1.25360,-1.76670,0
-2.24201,-3.32970,4.51419,0.67140,1
-2.08901,-0.01966,2.35316,0.89661,1
-2.20806,0.90511,1.34074,-0.07886,1
6.28382,7.22657,-5.22105,-1.66883,0
-6.10994,5.58000,1.53095,-3.15650,1
-0.67111,-1.19811,1.35639,1.27945,1
1.34922,-4.90113,9.09903,-0.14510,0
0.81215,-0.95407,-2.03252,0.15820,1
3.19835,1.67799,1.58469,1.08319,0
2.67921,10.74051,-5.04831,-1.15899,0
10.68084,8.20887,-1.23470,4.62085,0
-2.27295,-10.86541,11.69252,-1.31496,1
-1.57354,-10.40206,10.10525,0.31998,1
4.57213,7.65434,-5.22870,-3.49701,0
4.15316,2.79503,0.55010,1.50791,0
2.15919,-5.08290,6.01180,-0.83006,0
-2.70641,2.08697,-0.80504,-1.51244,1
0.95878,5.36008,-0.35338,-0.95172,0
0.14174,11.68036,1.33447,-4.65512,0
3.71972,11.04529,-2.02060,-3.10426,0
-1.04149,5.51010,-3.14649,-5.59062,1
-2.34361,6.01810,-2.13916,-5.21833,1
2.19516,8.70803,-2.70868,-1.20850,0
2.53691,7.33194,-0.67973,-0.63358,0
-0.83059,11.42646,-0.90060,-1.87051,0
-0.95882,2.01977,-2.12804,-1.07802,1
5.58332,8.83638,-1.57792,-2.34598,0
-2.15769,-6.75764,7.87850,0.70792,1
-4.32153,-9.58472,16.07548,-0.42999,1
-1.72114,11.17356,-2.04712,-6.42196,0
-5.30538,5.99353,-1.20053,-5.96111,1
-3.04076,-8.86579,10.17861,0.45768,1
1.90909,-0.48256,4.23774,1.71454,0
-2.94853,2.49946,-0.13685,-3.48244,1
3.27657,10.89437,-3.25203,-5.85613,0
-2.48989,-3.28959,5.73834,0.99295,1
0.66890,0.79431,0.10673,-0.47513,1
5.74123,2.49061,-0.46136,1.23085,0
3.11301,-2.96146,0.75798,-1.47065,0
1.90059,4.08674,1.81468,-0.04235,0
4.53809,10.48465,-4.50324,-4.11264,0
-3.25420,-10.24834,11.39839,-1.12739,1
0.76473,-0.81242,7.24540,-0.36311,0
0.60747,2.57601,-3.20882,-0.50274,1
-1.13155,9.18675,-1.01098,-3.91706,0
-0.63845,-0.12378,0.12037,0.54736,1
0.16728,3.69104,1.74695,-0.85966,0
-1.76652,7.34176,-4.09305,-5.85676,1
6.22023,2.83053,-0.89073,0.80572,0
1.81146,9.23869,-1.91643,-2.97412,0
-0.28971,1.12514,-2.23957,-0.14934,1
0.77894,11.26471,-0.10611,-4.50276,0
2.77025,-3.27721,4.64795,-0.22265,0
-0.92799,9.86590,0.55368,-3.27596,0
-6.27256,-7.18935,12.79296,-2.51918,1
3.61981,5.25293,-1.33812,0.51386,0
1.43609,4.03007,0.97921,-0.53777,0
2.70911,-0.32251,-1.24716,0.75109,0
-15.35788,-4.51450,7.90047,-9.09178,1
-2.92558,-12.05923,29.75140,-10.73026,1
-1.07368,8.65046,3.63158,-1.00104,0
-8.10250,7.00729,2.27756,-5.02525,1
3.91550,0.67383,2.02605,1.62532,0
-0.24749,9.49001,-2.37247,-5.40152,0
-1.64499,-7.44555,6.42807,0.65589,1
-1.22819,12.83189,0.67983,-3.48044,0
0.09607,11.54557,-2.73637,-8.25388,0
-1.23487,0.81456,0.49734,-0.24159,1
5.52224,-5.50152,1.59131,1.01559,0
4.90812,5.69992,-2.03461,0.62210,0
-2.21186,4.04390,-0.95675,-4.24976,1
-2.59002,-6.97017,7.53467,-0.35971,1
-2.73520,-1.44657,0.65260,-1.02528,1
-0.35375,12.57321,-0.47082,-6.38369,0
1.13036,12.00341,-1.80203,-6.25772,0
-4.70653,4.49280,0.23679,-2.71023,1
-1.15836,1.67562,-0.50480,-1.09576,1
1.12358,3.30629,-4.13757,-2.67367,1
0.08391,-0.30293,4.52707,-0.16493,0
2.92436,10.31008,-3.20773,-3.90203,0
3.01309,6.69120,-0.66554,-1.09612,0
0.47597,2.10775,-3.93529,-2.50936,1
-2.94295,-9.78460,11.74802,0.50570,1
0.96469,-0.74970,6.63460,0.12734,0
-0.77476,-5.23725,2.10815,0.90057,1
-0.93868,-0.99667,0.62274,0.80450,1
-1.11759,8.62641,-0.26513,-4.38382,0
2.41108,7.81117,-0.06135,-0.46156,0
-1.42221,-1.70868,3.69205,-1.27071,0
3.07950,3.75995,-0.85396,1.20378,0
-2.54370,-6.61504,8.46225,1.22681,1
2.57839,4.86580,-0.52090,0.20794,0
4.51198,2.89335,0.37545,10.03460,0
1.64069,4.50721,1.07941,-0.30566,0
-2.92493,-7.29105,8.53881,-0.20581,1
5.04720,9.05411,-3.81175,-0.27132,0
-0.29956,0.20407,7.52708,0.64810,0
-3.30936,-11.64806,13.02832,-0.90666,1
0.44865,5.13085,-4.06574,-2.22234,1
1.70696,3.32493,1.53457,0.44206,0
3.02111,4.29426,-0.60104,0.49154,0
3.09417,1.84006,1.29011,0.71519,0
-0.74603,37.17980,-1.60638,-5.51430,0
1.31176,3.96924,2.32203,-0.56228,0
-0.34323,11.71837,0.50520,-5.15359,0
0.97614,4.86128,2.32005,-0.58410,0
-2.70650,-4.15882,6.12184,0.83699,1
1.53288,-3.61944,5.59422,0.25137,0
5.22090,2.34754,0.06830,0.45064,0
-3.43675,-12.66092,18.19450,-1.21342,1
2.22506,3.40271,1.86008,0.72154,0
1.06206,-0.52294,5.22804,-0.55030,0
3.80374,5.03146,-1.05281,1.22742,0
3.88602,7.40154,-0.66177,-1.98080,0
0.97579,11.04703,-0.99512,-4.73894,0
14.54579,28.53840,0.21813,0.05813,0
1.72006,-0.00717,4.06581,-0.00192,0
3.97991,4.21768,-0.99632,0.10602,0
-15.74393,-12.69951,15.49744,-2.88307,1
2.89031,-1.56231,2.86897,1.60011,0
-2.53153,-4.77622,5.37000,0.43035,1
6.47625,7.56544,-5.34714,-0.78840,0
-3.14271,5.75995,-1.64230,-4.69103,1
0.67241,0.63385,-3.69982,-1.08547,1
3.76096,5.84458,-1.12580,-0.03200,0
3.13777,4.12529,0.10365,0.01702,0
2.95597,5.48979,0.14825,-0.65334,0
1.58336,1.41755,0.03868,-0.35487,0
-1.52650,-1.95943,2.98484,3.64947,1
3.89715,-5.35387,4.98092,-1.25571,0
1.91457,2.87154,2.63243,0.52299,0
2.86251,8.95714,-2.56066,-4.36009,0
-1.98244,-9.07277,8.78300,-0.46612,1
2.13282,1.98375,3.33915,2.01280,0
0.00295,3.90896,-3.18312,-0.63891,1
-0.92676,10.33288,0.14782,-2.60646,0
1.53937,6.27231,0.85469,-2.81847,0
3.66034,3.72985,0.07875,0.87669,0
0.96057,-1.62057,3.74887,-0.07102,0
1.18073,-13.73860,-18.84048,-4.45459,0
-4.94720,11.10883,2.80453,-5.08835,0
-6.01115,5.56284,1.26222,-5.71908,1
-0.65874,-5.15543,5.34496,-0.18037,1
0.65531,-2.03827,6.76741,-0.97172,0
-1.19662,0.05964,0.64983,0.66157,1
-1.80139,-3.12049,4.40593,1.05334,1
-1.89686,-2.51304,2.57263,1.61353,1
-3.11032,-8.25996,9.62318,-0.45861,1
5.07560,7.65649,-4.94272,0.52756,0
0.86394,-0.93036,6.64165,-0.06565,0
4.16093,8.10426,-0.04949,-2.09355,0
1.46181,2.88423,-4.57388,-1.32786,1
0.72263,1.51748,-1.65508,-0.19430,1
1.95971,-6.12953,7.97095,-1.57408,0
3.90041,0.83923,1.53151,1.02219,0
1.51172,2.84948,-4.18967,-0.59488,1
3.97397,10.76623,-3.23340,-3.87981,0
-3.11565,-1.95520,4.82010,1.35870,1
-1.95565,5.76571,-2.93872,-6.24387,1
4.67035,5.03525,-2.15729,0.19731,0
1.20806,6.06041,0.55842,-0.32941,0
-3.32001,4.11279,-0.27092,-3.80787,1
-2.99349,-0.58197,1.15664,0.74549,1
4.77399,2.71703,-0.32634,0.38114,0
4.65887,8.54062,-2.48698,-1.69252,0
-0.37875,-0.22359,0.96775,0.33085,1
-3.40440,-9.87958,11.83838,-0.23845,1
-0.06194,-0.15983,0.83479,0.64627,1
-0.42415,11.49656,-4.55771,-7.54924,0
3.76681,1.68900,0.70481,1.18445,0
-0.83125,1.98721,-2.04810,-3.27256,1
2.83034,9.47791,-2.78019,-0.99414,0
0.66825,-0.87562,1.03953,1.35254,1
3.10159,8.20210,-0.11712,-1.23602,0
-3.22818,10.92650,0.28842,-5.77012,0
-0.59157,4.69923,-4.20475,-3.06527,1
-1.43475,-1.50447,2.91285,0.31256,1
-3.10947,11.22115,2.67289,-4.62648,0
5.38380,-2.18063,3.83141,1.58782,0
0.54190,-2.28702,6.88577,-1.61143,0
3.09773,-3.59906,3.34332,-0.15126,0
-1.76582,6.17380,-2.47554,-5.46028,1
3.41609,0.91548,1.63150,0.96728,0
-3.20124,0.39629,1.40540,-0.84540,1
2.17512,-0.23092,4.34511,-7.80817,0
-2.01609,0.74912,1.16315,-0.27116,1
-0.64034,1.28626,-1.28238,-0.58344,1
4.24718,11.48971,-2.65060,-3.86950,0
3.75180,10.43766,-5.23836,-4.74145,0
3.80408,2.50381,0.63943,0.95652,0
-1.81307,1.12984,-0.19219,-0.48871,1
-1.96309,-1.99388,2.66281,1.50654,1
-1.13491,10.60083,2.20572,-4.02784,0
-0.89822,2.12978,-1.32273,-0.27128,1
-1.19620,0.57074,0.67376,-0.22695,1
3.79642,4.34446,-1.98622,-0.05115,0
-0.04136,6.65709,-4.92172,-4.15521,1
-2.02414,11.58916,2.98333,-5.25663,0
-2.13828,-7.34758,8.76541,0.85095,1
-0.30654,0.53353,7.75799,-0.44580,0
4.05028,8.20367,-4.95306,-2.94019,0
4.08262,11.41320,-5.22800,-4.07955,0
2.53274,1.00538,2.65704,0.55601,0
3.92832,-3.52166,2.41214,0.50068,0
0.80202,7.92647,-1.26625,-1.35832,0
-1.02050,1.86850,-2.76477,-0.05288,1
0.90548,-1.68459,5.90623,0.66511,0
-3.68367,2.33265,-0.18599,-0.77464,1
-1.30864,-4.87711,5.53096,0.36622,1
1.45760,3.64448,-3.57466,-1.35975,1
-2.00059,3.85634,-1.91004,-5.00663,1
2.47086,6.58686,-0.00521,-0.10610,0
-2.62765,1.04704,0.68366,-1.18394,1
4.71906,-2.80052,0.16542,-0.41676,0
0.78314,5.92172,-0.68606,-2.10178,0
-1.04346,-7.08081,5.54823,0.14848,1
0.74692,-0.40219,3.67617,-1.08754,0
-1.22280,0.69733,-0.09390,-0.61006,1
4.27546,10.30343,-4.05480,-3.88797,0
-0.04106,7.99465,0.65009,-0.57621,0
1.15766,7.94926,1.53639,-2.51718,0
0.58459,-4.27964,4.15276,0.23248,0
0.57899,1.78995,-2.25403,0.12374,1
2.39227,2.39020,2.15425,0.38599,0
3.08252,-0.30553,2.17805,2.01906,0
1.39810,3.14499,3.41943,0.54385,0
0.06684,1.75214,-2.64456,-0.33817,1
-1.16676,0.24132,-1.70266,-1.29453,1
1.52555,8.33219,-3.11205,-2.57503,0
-2.44256,3.11628,-1.66205,-1.28660,1
-2.51906,-10.24595,10.34824,0.40723,1
4.69932,-6.85210,7.69504,0.37143,0
0.86495,3.12500,-3.01591,-0.31704,1
4.71359,25.46175,0.58709,0.44132,0
1.61068,0.11216,4.59456,0.81178,0
2.94821,-2.77380,5.45657,0.98072,0
-0.11067,-2.16783,6.99298,-0.63963,0
-1.46543,-1.79161,2.35745,1.10504,1
-0.55473,7.94248,0.15201,-2.65650,0
3.82012,4.48949,-0.50044,0.66670,0
-3.55824,-3.95784,8.45980,-1.35363,1
1.85334,8.77963,-1.74361,-1.01331,0
4.14647,1.84942,1.00299,1.67774,0
3.18008,5.02660,-7.11533,-5.47517,1
1.84799,0.28158,-0.57850,0.31405,1
1.60057,2.25089,-2.96657,0.65066,1
-0.95029,-4.69794,4.48225,1.43915,1
-4.29476,4.35098,0.25102,-2.62545,1
1.87841,6.74512,-3.06289,-2.82280,0
-2.69687,-9.80195,12.02485,-0.41402,1
3.50891,3.57448,0.08842,-0.11608,0
2.55207,-3.19919,4.03937,0.22345,0
5.96899,0.26949,-0.62439,0.69062,0
-3.20109,7.66373,-2.51614,-5.14167,1
0.00931,-0.24918,5.97384,0.33502,0
3.06249,10.04553,-1.62962,-4.99654,0
1.34161,-2.32051,6.09895,1.28493,0
5.82354,10.42242,-5.14578,-2.82778,0
-3.52202,1.91772,0.41086,-3.01971,1
-3.86420,-11.71570,14.32399,-2.00416,1
-2.48374,-9.77193,11.24775,-1.21734,1
3.62625,-0.04679,3.22295,1.82838,0
1.82674,2.20031,2.83599,0.15150,0
-6.20180,4.34533,2.09791,-3.01947,1
2.28632,0.68041,-3.63280,-0.44898,1
0.98980,5.60213,1.02692,-0.16726,0
-1.64491,5.02712,-3.01498,-4.52124,1
4.95150,3.74901,0.12785,0.84548,0
4.10508,-1.71464,1.31382,0.42189,0
3.62686,10.19724,-4.28019,-2.60941,0
4.86740,8.37929,-3.38685,-1.54954,0
-3.83166,-11.30040,15.25513,-2.26256,1
0.79044,-0.16788,-2.80394,0.13944,1
3.24816,4.13098,0.64403,0.56677,0
4.90134,2.94408,-0.87674,0.28970,0
0.79011,4.45873,1.88414,0.72599,0
2.93867,-1.68013,3.02882,0.07466,0
-0.49522,-1.14531,6.45324,-0.74131,0
3.08192,-4.50652,5.33994,-0.83279,0
1.41689,2.30547,2.86642,-0.36614,0
-0.19547,10.64751,-1.51658,-6.89414,0
3.77406,-4.27178,1.93016,1.59662,0
2.86796,7.26011,-2.18367,-0.20285,0
-0.67401,1.39823,-1.86924,0.07245,1
4.90082,-0.07072,0.94624,1.40759,0
1.69396,8.19312,-0.14328,-1.90010,0
2.26903,-1.51704,1.80805,-0.81081,0
-0.29762,2.37518,-3.58785,-1.01568,1
0.98251,7.99296,2.16058,-2.52405,0
5.60162,7.03231,-1.79133,1.54165,0
0.12583,0.33422,-1.81981,1.41579,1
3.36389,0.77613,1.02648,1.20837,0
0.42189,1.84449,5.52781,1.72390,0
4.28704,-2.37313,3.62839,0.57921,0
3.67248,-3.31955,1.61329,0.16394,0
-1.40630,-7.56771,8.87455,0.30824,1
-1.68042,0.34879,0.35726,0.38610,1
3.42124,5.30106,-0.61691,-0.25526,0
1.37860,9.91877,-0.07242,-3.76418,0
0.07339,-1.80609,5.66992,0.21422,0
-0.83895,-10.40377,7.07786,-0.66423,1
-3.27240,1.55677,0.95879,-0.05245,1
1.53655,0.40902,-1.53240,-0.11306,1
0.67976,3.15753,-3.90504,-1.37902,1
2.10950,-1.62608,2.79215,-0.12021,0
-2.18846,-4.13194,8.08058,0.94290,1
-2.70000,12.14556,1.76979,-6.04653,0
0.37135,2.14844,5.29111,1.38569,0
0.56381,8.27153,0.49134,-2.66759,0
1.99887,5.92977,1.17372,0.75994,0
4.41823,2.68938,-7.68437,-4.75947,1
0.65840,-0.64301,3.81539,1.66298,0
0.26103,-2.89675,8.14180,-0.64674,0
2.37945,3.80962,-0.32310,-1.23961,0
-1.49179,-3.37889,1.68709,0.45410,1
3.53630,-3.54979,3.66627,-0.25006,0
1.37917,9.54169,-0.28617,-1.33054,0
1.02867,4.34959,2.18569,-0.42166,0
-3.33538,-9.05062,9.46292,-0.07142,1
-0.64621,0.70515,-1.21875,-0.00856,1
2.29087,9.08172,-2.11473,-1.31819,0
-3.22973,5.05620,-1.17940,-3.98509,1
3.80383,-4.52962,6.73087,0.40336,0
-4.74573,-10.60639,14.46369,-2.80090,1
1.54304,1.64241,4.17087,0.79649,0
1.07934,6.65524,-0.41929,-0.44092,0
7.08122,-5.89643,-1.07769,1.23553,0
-1.55422,2.88288,-0.93274,-3.39540,1
3.10436,0.96936,4.52873,0.88616,0
4.86972,2.80972,-0.51405,1.23695,0
-0.93247,-1.00010,0.96511,0.88995,1
-3.25179,22.61274,5.37066,0.44421,1
0.00512,-1.59894,-0.59823,3.56598,1
-3.24543,-12.35293,14.01428,-2.66157,1
-1.82999,-4.76290,3.99210,2.55587,1
-3.37680,-10.97622,13.18565,-0.87511,1
2.68080,2.28798,1.47216,0.17907,0
-0.52817,12.47784,-0.68323,-2.25135,0
-0.46253,10.48266,0.64582,-4.51281,0
3.49909,11.53464,-0.92538,-4.89474,0
-0.23292,3.66301,-3.05694,-4.46137,1
-0.39645,12.29516,0.64268,-6.85452,0
-3.28394,-6.43815,10.00860,0.06275,1
-2.04109,-0.42848,1.93354,0.36048,1
0.12782,8.18620,-0.70036,-3.03165,0
1.04891,6.92132,0.44064,-1.05627,0
-5.10151,-11.47220,15.71889,-3.20246,1
1.90579,8.50130,-3.02055,-1.36675,0
0.81804,-5.11826,8.35452,0.30954,0
-2.96133,-1.81130,3.35626,0.56267,1
-3.31757,-8.93381,9.73846,-1.56197,1
2.50915,-1.96286,3.64354,-1.23181,0
2.49268,4.95700,-1.56025,-1.45783,0
-0.33002,2.81554,-3.33073,-3.37475,1
-1.99642,-0.69513,2.35923,1.34286,1
-2.52812,-10.11947,9.30791,-1.03617,1
-2.38881,5.69705,-1.24079,-4.77281,1
2.37475,-1.66068,7.74269,-1.22328,0
0.03241,4.78353,-2.78457,-2.89436,1
0.90087,10.18020,-1.75780,-3.34427,0
4.23318,3.56456,0.29689,0.16659,0
2.46510,4.41803,0.63353,-0.17276,0
4.51873,3.41098,-0.77241,0.86804,0
3.31105,8.29891,-4.15789,-1.55880,0
1.55901,6.57742,1.15836,-0.96056,0
3.33300,-5.36567,2.07431,0.10587,0
3.55533,5.38229,-2.26351,-0.19874,0
0.99796,2.24384,-3.19754,-0.78660,1
-3.86720,-9.25378,12.28738,-1.13450,1
-1.89405,2.50552,7.92601,0.54725,0
0.60494,8.00694,-0.05615,-0.63671,0
2.79603,2.85037,1.93535,1.48085,0
1.80825,0.29972,2.68203,0.72209,0
1.24864,7.77779,1.99426,-3.08679,0
-2.31748,-6.55459,7.42777,0.69356,1
-1.98611,-9.11432,8.62526,-0.55475,1
-2.41938,3.36543,-1.50252,-1.80558,1
2.04129,-1.38731,3.58618,0.34485,0
2.17454,-2.25734,0.12963,0.60943,0
0.31147,9.18810,-1.53024,-4.46293,0
-3.22748,-6.71977,11.67914,-0.03888,1
-0.59089,-23.57019,-2.01297,8.00506,1
3.87456,11.10999,-0.43328,-4.03374,0
4.14199,-4.14865,4.69683,0.38952,0
-0.89196,-5.10656,1.68714,0.37413,1
0.37150,1.65204,-4.28079,2.22279,1
3.79093,-3.44680,3.04573,-0.43550,0
5.23768,33.72945,-4.99249,-3.86345,0
-3.75653,-6.14163,11.68103,-0.58362,1
4.16295,-0.50033,1.34143,1.57349,0
3.13544,8.87022,-0.73037,-2.12705,0
1.73973,-0.59455,-1.96482,0.69075,1
2.28363,8.05945,-2.38936,-3.46091,0
3.24048,7.74946,-2.87382,-0.47187,0
-3.38983,-1.01970,2.23410,-0.20225,1
-16.19863,-1.55091,3.81468,-7.90160,1
0.51412,10.68350,1.45360,-4.24926,0
2.54944,3.25912,-0.26079,1.37827,0
2.24648,-2.88453,4.10627,0.82878,0
3.28070,-2.57042,4.73034,0.44820,0
0.80570,9.29108,-2.01844,-1.73224,0
-3.23776,-7.10089,10.01940,-0.02946,1
0.10399,-3.10975,-0.61255,1.33078,1
-1.41971,-8.57538,7.98344,-1.93051,1
-2.40762,2.90829,-1.31474,-3.00000,1
-1.43616,-1.66284,1.47905,0.43733,1
-1.00641,7.76969,3.13471,0.28091,0
3.43840,7.88778,-1.04602,-0.33044,0
-2.69611,-3.72051,3.34605,0.99528,1
2.38086,1.87747,0.01325,0.85656,0
-0.58908,-1.76982,1.87071,1.73449,1
4.02836,-2.25412,0.81442,0.44191,0
-1.35874,-4.13035,3.07084,0.72242,1
2.54737,8.50848,0.12384,-3.06804,0
-4.45313,-12.62885,17.05772,-1.22789,1
4.75547,2.89824,0.56857,0.78465,0
4.24387,9.57967,-2.23112,-2.75344,0
-1.90404,-5.72916,7.30199,2.13606,1
-2.80650,-11.61910,11.68330,-2.97547,1
-1.93691,-7.32412,6.39648,-0.11251,1
-6.92212,6.57965,1.45652,-5.30208,1
0.92009,9.56656,-0.67588,-3.37128,0
2.60675,8.07919,-2.33414,-2.50798,0
5.11816,-0.67333,1.23994,2.04415,0
1.70392,7.03022,1.24789,-0.58887,0
-1.92798,-8.61401,7.57342,-0.53936,1
-4.57681,8.54257,-0.90405,-5.87721,1
2.20028,8.22512,-1.27845,-0.63744,0
-1.92809,-0.37098,0.53058,0.20085,1
3.09728,1.79988,-4.93475,-1.74825,1
2.49373,9.36794,1.29448,-3.20478,0
4.44641,3.01677,0.82694,0.22113,0
1.87104,7.34530,-2.02819,-2.36303,0
-1.80978,-7.78772,6.26534,-0.05860,1
3.33068,4.19446,0.01037,0.21149,0
0.98264,6.31754,0.05672,-0.56432,0
1.79560,-3.91490,5.14072,0.63040,0
-4.55016,4.98728,-0.82769,-4.43122,1
-2.85921,-4.06031,8.49705,0.29461,1
1.19843,7.48161,-1.34638,-3.56960,0
1.70045,3.87430,0.32742,-0.15461,0
4.01964,3.39619,1.73201,1.15980,0
2.18597,-5.40171,6.90027,-1.20004,0
2.04836,-5.27428,7.69746,-0.30496,0
-5.22119,5.12957,0.37851,-5.25426,1
3.12547,6.35913,-2.29636,-1.08306,0
0.41638,4.28627,-4.04178,-1.27904,1
-1.66839,1.32754,-0.50854,-1.52072,1
2.47045,9.83258,-2.38894,-0.82553,0
3.41762,11.25567,-3.75282,-6.00641,0
3.02075,-4.33286,4.70435,-1.17999,0
1.67098,-1.36843,2.86876,1.43174,0
1.95837,1.25062,4.27619,0.56922,0
-1.73405,-5.22316,4.89301,-0.20601,1
3.83249,0.54005,0.20217,1.45538,0
0.64632,8.85768,-1.33278,-1.21708,0
1.63902,-0.66288,4.82173,0.50611,0
3.33147,-3.36431,0.14738,-0.54219,0
-0.09634,-0.90212,5.95793,0.75248,0
1.32174,1.17973,2.84081,-0.79025,0
4.63455,5.62451,-3.13745,-0.16651,0
5.76117,6.92683,-3.22219,1.19490,0
-0.50177,4.39634,-3.85909,-3.61320,1
-0.84224,9.43729,0.91864,-4.51001,0
1.86365,-21.98279,3.17942,0.92599,0
1.23204,5.95464,0.60407,0.00657,0
1.92610,4.66738,1.14619,-0.05001,0
4.18370,-4.61756,4.59560,-0.12142,0
4.03970,7.08699,-1.44604,-2.60219,0
-1.94287,7.57040,-2.78733,-5.66071,1
1.91702,9.37755,-3.24059,-5.44004,0
1.57058,7.61567,-0.93745,-0.34094,0
-0.99677,1.53661,-2.17559,-0.98999,1
-2.24999,-6.67760,6.58369,-1.09705,1
-1.93417,-5.22922,4.17722,-1.12682,1
2.35648,8.77404,-2.66208,-1.82182,0
5.51117,5.85730,-0.51948,-0.72340,0
1.43456,-2.30107,4.39985,0.14004,0
0.53802,33.39911,-1.97832,-9.70046,0
2.55641,3.73315,2.08800,0.33803,0
1.14223,11.16995,-2.11111,-1.87920,0
-4.27645,3.74840,0.11980,-2.64593,1
-1.10786,10.57531,0.55471,-5.09054,0
-0.49335,-0.22321,-0.99071,1.04510,1
1.56136,8.48229,-3.26883,-3.40382,0
3.16362,7.99154,-2.87578,-1.12126,0
-2.33803,0.47195,1.08808,-0.31425,1
2.26148,-0.95533,6.26894,1.00577,0
0.62088,10.98967,-1.52162,-6.32984,0
0.92481,1.34724,0.82861,0.92071,0
2.96692,1.39772,1.26214,0.21699,0
-3.44749,-9.18178,12.98289,-1.06909,1
3.66570,1.56759,1.72035,-0.04096,0
2.29913,-3.83008,6.67915,-0.06137,0
5.69074,8.78934,-4.22845,-1.05255,0
-0.30460,2.44737,-1.09624,-0.59822,1
2.98366,9.10828,-0.20868,-2.29779,0
2.04061,7.39371,-0.23207,-0.67915,0
-0.71505,8.35993,2.69477,-4.21676,0
1.23519,-1.51603,-0.53593,0.19924,1
1.22956,0.63031,-3.18391,-0.82658,1
2.97704,1.54184,1.40878,0.61831,0
1.66287,5.39020,1.16158,-1.39698,0
-1.46435,-0.34097,1.58811,-0.44602,1
1.78184,9.75604,-0.11874,-4.61670,0
-0.16858,8.24151,-0.01410,-4.04904,0
-1.89917,-8.63397,8.56245,0.70768,1
1.11360,0.67713,3.36633,-0.26105,0
-2.49062,-9.00181,6.84084,0.18221,1
4.02512,7.81926,-2.78591,-1.12934,0
3.28035,-1.37981,2.52068,1.56293,0
-2.16091,0.23052,1.18050,0.82194,1
0.38482,8.63707,-1.52862,-5.41098,0
4.12012,7.52783,-6.15660,-3.06769,0
-5.12349,9.00057,-0.64737,-7.17786,1
-0.86306,1.60296,-1.14748,-0.02155,1
1.88115,-4.98953,4.91929,-0.49086,0
3.08732,4.21200,0.07130,-0.67903,0
0.39680,1.87901,2.18825,1.30583,0
2.40107,-3.86960,4.94309,0.25486,0
1.89859,7.28143,-1.63608,-1.57570,0
4.03500,8.00867,-3.46210,-4.51088,0
-3.26979,-11.50464,10.97779,-1.07698,1
2.71624,-1.26090,4.21235,-0.19955,0
9.41808,7.06139,-7.47023,-0.85305,0
3.54584,-7.59375,1.95874,0.20430,0
0.81274,10.34085,-1.28371,-3.93688,0
-3.54449,5.19859,0.02963,-1.15718,1
0.01387,4.60129,1.55961,-0.79282,0
-2.31553,-2.67874,4.50159,1.53654,1
4.63557,10.26247,-0.21093,-3.48842,0
5.87380,6.08006,-2.44106,-0.51793,0
4.91951,6.44402,-6.32832,-1.02773,0
-0.73515,-4.67516,9.60845,-1.53928,0
1.37390,12.11485,-1.65340,-5.41725,0
-1.05725,2.22195,-0.64515,-0.39997,1
3.21370,-0.36226,1.87183,0.86584,0
-2.43030,-9.39362,8.86533,-1.11653,1
1.24678,-6.04446,4.01842,-0.46969,0
-1.62728,-0.31100,0.60687,0.37306,1
-2.93440,-6.60565,9.61209,0.51045,1
-2.27373,5.52960,-2.71530,-5.51701,1
2.41973,5.56910,-0.64566,0.23485,0
-2.51441,-8.75920,11.23633,-0.34219,1
-0.11758,-1.62233,8.24714,1.11157,0
2.41662,6.99810,-0.00894,-0.45686,0
-0.27413,1.45244,-1.88804,-0.18605,1
-0.01514,3.41561,-4.04815,-3.70165,1
4.24675,5.64720,-1.46713,-1.12015,0
3.97616,7.35844,0.11026,-1.27103,0
-0.49313,8.56095,1.62591,-3.27808,0
1.67112,2.84132,-5.32427,-2.30383,1
1.54960,9.50316,1.93984,-3.40610,0
0.58532,7.56193,0.88641,-0.17462,0
4.85647,9.05147,-0.95352,-1.90227,0
-0.44784,1.60850,-1.22783,-0.57605,1
2.37864,2.03039,1.69931,0.38327,0
3.70784,4.77860,-1.13023,0.27128,0
2.44857,-1.76712,4.81938,1.41955,0
-2.38881,6.81798,-2.55121,-6.36019,1
-1.16949,-10.05640,8.44200,-0.72548,1
5.46345,7.55179,-3.75824,-1.11099,0
-1.94479,5.63432,-2.71508,-3.73210,1
4.18603,-4.44573,3.74327,1.01362,0
-0.99072,0.61594,-0.45132,-0.49662,1
1.17882,1.68017,-4.82677,-1.04105,1
0.10562,1.44469,3.34817,0.79867,0
-0.83387,12.18299,-2.03604,-5.35899,0
0.50322,-2.39045,5.35780,-1.80473,0
-0.93240,-3.23497,1.65541,-0.62808,1
4.49300,2.74055,-0.58798,1.08271,0
-2.52010,-0.07570,1.31358,0.21885,1
4.16177,0.14998,0.30466,0.11941,0
-0.63629,3.58325,-2.99302,-2.46693,1
-0.45853,-0.79596,0.07592,0.34304,1
4.54666,-3.02295,1.95813,1.12753,0
1.25737,7.44565,0.52985,-0.14223,0
-3.23750,3.63513,-0.41351,-1.93016,1
-0.37058,10.31666,-1.50428,-5.50330,0
-2.46455,-9.92766,7.71080,-1.72282,1
1.40533,7.82478,-1.42756,7.30057,0
-0.95223,1.30720,-1.05933,-1.36898,1
2.24429,7.93007,-1.41107,-0.29856,0
1.22459,5.68874,0.13234,-0.17043,0
1.58801,8.24466,-1.98439,-4.50763,0
3.32275,4.84039,-0.66231,0.04010,0
0.10393,-2.40165,7.99640,-0.38314,0
-1.88625,9.85826,0.91287,-5.06749,0
1.85693,0.05879,-4.11011,-0.86444,1
-0.49755,9.75764,-0.43522,-4.71710,0
-0.39721,8.99120,0.91055,-2.62703,0
3.46828,9.92693,-1.77048,-3.97124,0
4.05923,2.40274,-0.06743,0.92487,0
2.08723,-0.18658,6.64500,1.09986,0
2.41784,-1.95284,1.26042,-0.00878,0
-2.97516,10.00319,-1.01191,-4.64659,0
-1.60254,-5.50148,7.28066,0.28810,1
2.78438,7.79218,-3.03772,-1.14600,0
-1.96928,2.17954,-0.73773,-0.93345,1
1.47856,0.03644,3.13021,0.88746,0
1.07003,11.74688,-2.22467,-6.50638,0
2.41190,6.30548,-1.95499,-2.78961,0
-0.10954,-4.58034,4.23236,0.90804,1
-0.69697,3.09792,-2.18072,-2.58752,1
0.06204,3.86745,-2.80744,-2.69069,1
-4.37987,-8.05251,14.72805,-0.50694,1
-3.46330,-8.00355,10.25022,0.30555,1
-3.21594,-8.14109,9.97147,-0.43615,1
0.95666,12.30533,-3.30927,-6.44528,0
4.23639,-2.96050,5.40728,0.70850,0
2.66287,-2.71339,2.35935,0.83590,0
-0.48182,2.68650,-3.14885,-3.29532,1
3.54589,8.65486,-2.80920,-1.53220,0
-1.51690,-6.31427,6.91177,9.56741,1
-3.63600,6.72496,-1.58504,-3.53307,1
1.46606,-2.75411,5.34713,0.84934,0
1.37632,10.29206,-3.09082,-3.43815,0
-1.94405,-0.53673,2.14200,-0.03948,1
3.31541,8.84634,-4.50449,-1.86602,0
2.46669,5.26967,0.10113,-0.22233,0
-0.74968,1.50367,-1.19584,-0.16144,1
4.23122,2.10825,1.04605,0.80840,0
0.32447,0.20819,5.36919,0.60176,0
-0.74629,5.44179,-3.29204,-5.69431,1
-2.42062,-5.35140,7.60053,-0.39565,1
0.13932,9.54221,-0.74606,-1.19845,0
1.87606,0.03672,3.71993,-0.35131,0
2.61596,5.73890,1.01054,0.37549,0
0.00271,7.31654,0.84530,-0.45065,0
1.83719,8.90882,0.32418,-1.05005,0
-4.74657,-8.77094,12.91960,-0.86245,1
1.49544,0.56095,3.58306,0.92194,0
4.31079,3.91999,0.41039,1.45143,0
3.39713,5.31596,-1.30372,0.23512,0
3.69943,-3.80664,0.75177,-0.63081,0
-4.10269,2.99088,0.73001,-1.88135,1
2.67124,7.23811,-3.36969,-1.22641,0
-1.04383,1.10488,-2.42891,-0.37902,1
1.59639,4.56148,-4.08081,-3.48167,1
2.51423,5.98835,-1.43021,-2.26473,0
-1.06480,5.25846,-4.23357,-4.70807,1
-1.85192,-1.36589,2.13578,1.36079,1
1.88602,3.58255,2.65603,0.18803,0
0.59751,3.99354,-3.59043,-2.22925,1
0.96164,0.18913,6.79722,0.63307,0
2.45585,5.14638,-0.59802,-0.22335,0
1.19732,1.45928,-0.47932,0.84394,1
0.92231,5.43094,-0.01150,-0.37409,0
-1.49397,0.38816,-0.59575,-1.35507,1
-2.28726,-7.93137,8.29242,0.52411,1
4.53792,1.50599,1.02710,0.52753,0
1.44451,12.67751,-3.36025,-6.86737,0
-3.79386,2.32399,0.72423,-1.03731,1
-1.23356,0.12873,1.91457,0.34199,1
3.05517,10.12841,-1.14448,-3.60178,0
0.10057,-4.85667,2.22098,2.37005,1
-0.82723,1.12524,-0.13371,0.71756,1
-0.67852,-6.41874,4.88587,1.08775,1
1.73771,8.99137,-1.61361,-1.19003,0
0.54190,0.00671,5.49949,0.09847,0
-2.08075,-8.33610,8.08959,-0.16960,1
0.14327,10.36949,-2.91234,-4.71557,0
2.22719,11.34263,-4.09054,-4.20034,0
2.12355,3.89836,1.37411,0.02977,0
1.08622,3.40261,3.16391,0.77179,0
1.99886,1.99902,-4.41966,-2.14938,1
1.23131,2.35703,-4.81617,-2.85162,1
-5.27652,8.79378,4.48467,-5.71186,0
4.76674,1.52504,-0.06025,0.98396,0
1.39505,10.01846,-2.20080,-4.84441,0
1.76454,1.48046,3.35737,2.11329,0
0.03080,-0.73784,-1.59365,0.40055,1
3.69747,-0.39561,0.15738,2.08942,0
0.25459,1.50060,-3.07696,0.39632,1
-2.44351,0.97802,-1.21177,-0.33158,1
1.83363,8.18488,0.47213,-3.00383,0
-3.53815,2.40240,0.71721,-0.23808,1
-4.38279,7.24895,-0.65809,-5.45321,1
-0.28214,-0.58128,8.96416,0.00160,0
3.22945,5.06076,-0.92803,0.08273,0
2.74862,7.90124,-3.93657,-2.02986,0
-2.39328,-8.57781,8.57625,0.14547,1
3.04040,7.37415,-1.24669,-0.56136,0
1.31546,3.84438,1.33220,-0.15207,0
4.79055,6.38447,-2.80079,0.12214,0
1.07124,10.02361,-1.58023,-4.18895,0
0.13081,8.28489,-2.29688,-4.08128,0
-3.16723,5.77879,0.31510,-2.87671,0
-0.71642,-0.74919,0.74997,0.20376,1
2.21898,-2.36253,1.84106,-0.11590,0
4.71298,-1.07523,1.20452,1.78076,0
-5.27464,-10.40240,15.84569,-2.28349,1
0.09311,-0.33129,-0.32753,0.78311,1
1.10066,4.67243,-4.52373,-4.25744,1
0.05692,-6.80866,4.34555,0.79645,1
4.65935,10.67866,-3.71944,-3.42102,0
2.16371,-0.69436,6.67555,-1.30843,0
-2.62289,-7.26359,7.29309,-0.69203,1
1.08150,2.51676,4.52966,0.27685,0
-1.97332,-10.69957,10.41689,-1.71303,1
-0.98206,0.40770,-0.58893,0.42237,1
-3.68191,-12.04017,13.08666,-1.90042,1
1.84514,-0.76623,3.87686,0.09036,0
-2.91634,-10.35890,11.85329,-0.42634,1
-1.68900,11.61488,-0.85211,-6.48263,0
3.05572,1.81495,2.22096,0.69899,0
-1.96052,5.90656,-3.16813,-5.77839,1
-2.46575,-4.71696,5.64231,-0.48009,1
0.15531,0.87510,-1.22570,-0.81262,1
3.88119,0.46433,0.98670,0.84334,0
-1.51240,-0.90137,0.79786,0.28672,1
1.58478,3.87141,2.39286,-0.09768,0
-1.81504,-9.99968,8.72240,-1.22924,1
5.01313,0.92127,0.61597,1.77335,0
5.12065,3.59497,-0.78844,1.06365,0
4.54436,-6.71002,3.04681,-0.47956,0
1.30908,5.38837,1.18192,0.04041,0
3.81088,9.41480,-3.78185,-0.67706,0
-2.69480,-6.83623,7.73557,0.57177,1
-1.67454,-4.49943,4.97148,0.20650,1
1.30825,8.99368,-1.92213,-1.48829,0
-0.19278,4.20929,-3.88686,-3.03692,1
-4.40724,6.91883,-1.46774,-5.69532,1
0.64225,-2.48083,-1.74455,1.62389,1
2.80801,3.17110,3.14163,1.21875,0
0.51411,1.87506,-1.20272,0.29936,1
-1.40844,1.48272,-0.80693,-0.71105,1
3.12106,29.72887,-1.46421,-8.32780,0
3.47426,4.42306,-0.43881,0.11213,0
0.23089,-4.43231,7.21097,-1.78437,0
0.34612,8.96674,1.30923,-4.05275,0
3.68345,-2.79404,2.66588,0.00477,0
3.76226,1.64824,1.40982,0.93237,0
-2.60730,3.45773,-1.19289,-2.32562,1
-3.80761,-12.44935,17.02661,-1.79895,1
-1.86032,4.69502,-1.55951,-1.62753,1
3.55481,8.47744,-5.86286,-4.62008,0
2.98121,9.90754,-2.79687,-2.71384,0
-0.63058,0.81748,-1.27495,0.27253,1
-0.77519,-5.17155,5.68603,1.52646,1
4.35745,4.18259,-1.62240,-0.24733,0
3.41331,-0.18400,-4.73039,-0.05455,1
2.71278,-1.94406,5.07108,0.14834,0
-3.30192,-12.01119,15.52780,-1.22450,1
-3.27865,4.26032,-0.13774,-2.80775,1
3.60156,11.45504,-4.21038,-6.04271,0
0.42755,9.12775,0.51433,-4.38282,0
2.63460,10.22257,-2.37593,-2.92819,0
0.85944,4.00926,1.69087,-0.25231,0
-2.82393,8.92876,2.19082,-6.67160,0
4.67401,4.73442,-2.39880,-0.27594,0
4.21079,-3.21240,3.90509,0.26464,0
3.97724,9.86953,-2.36227,-1.69394,0
-2.41489,-9.24928,10.42422,-0.86994,1
2.19051,6.98808,-1.07815,-2.55013,0
2.06575,0.69214,4.85300,1.93690,0
1.05723,3.28753,-3.91709,-1.85063,1
-4.01129,-10.78229,13.63359,-2.19097,1
-2.18876,4.48189,-2.29044,-3.46478,1
-1.60074,-0.32330,0.32462,-0.72063,1
1.68048,0.63604,-2.02748,0.54519,1
1.58067,1.24844,2.93493,0.03727,0
2.09779,10.83981,-3.04226,-7.09702,0
-2.40997,-10.49887,11.64780,-0.69318,1
2.68493,8.88842,-2.85925,-1.31296,0
-2.70746,-10.19555,10.36003,-0.77015,1
2.07767,6.00724,-0.94322,-2.81431,0
-2.40487,-1.12805,2.12508,0.04073,1
0.72255,5.22261,-5.19694,-5.59644,1
-4.39696,-13.45298,15.63526,-1.32525,1
-1.67117,0.10733,-1.27152,-0.29793,1
5.19724,9.14803,-3.67189,-3.87556,0
-1.21260,-4.22766,3.45579,0.22095,1
3.02770,-1.12775,1.17588,-0.67923,0
5.53414,-1.68122,1.53750,2.17867,0
-1.54227,-7.42637,6.40568,-0.29751,1
-0.37057,-1.72281,1.44361,0.14812,1
1.15641,-3.56649,3.40646,-2.37444,0
-1.49977,-6.52404,5.19551,0.28614,1
1.58731,-7.60335,8.79121,-1.03535,0
-1.78759,2.58413,-1.31468,1.03910,1
-0.81619,-4.96544,1.76582,0.29053,1
3.56636,8.78350,-4.01806,-1.25537,0
2.96919,-2.54833,2.14626,-0.52534,0
-2.89402,4.65459,0.13970,-2.33945,1
0.22599,-4.13656,1.40336,1.42653,1
-1.47209,-4.50153,6.13259,0.29295,1
1.72439,4.95423,1.06689,-0.52657,0
-3.70240,13.77806,-1.20759,-8.55003,0
-1.09633,-2.06092,2.07676,1.14550,1
0.97352,0.52997,-1.63235,1.20580,1
2.95889,-2.11250,2.79869,0.49708,0
0.87759,9.84977,-0.14270,-4.15761,0
-2.15387,-7.58839,7.46187,-0.09785,1
-3.86462,-8.84933,12.42740,-1.75105,1
-2.70735,-0.31351,0.61852,0.03634,1
2.60392,6.00181,-0.93151,-0.24091,0
4.15057,10.74743,-4.64915,-1.19726,0
2.25510,-2.06993,6.24040,0.99717,0
4.09714,7.55635,-3.37337,-0.59407,0
2.61497,2.77456,3.12088,1.41347,0
7.82180,5.93521,0.71493,-3.30754,1
1.24354,6.03113,3.76352,0.26603,0
4.81626,10.90899,-1.61404,-3.18615,0
5.13132,2.54888,-0.90047,0.83377,0
2.02233,2.36460,2.10485,1.32955,0
1.83281,10.14055,-1.55287,-4.07881,0
0.56481,0.03032,5.01034,-0.52811,0
-3.97705,-12.71708,15.79815,-2.47390,1
-4.54131,3.55105,1.29028,-0.73353,1
2.66822,5.71620,-2.40236,0.53945,0
-0.07356,-4.79538,2.80472,0.14156,1
2.21115,1.79070,2.34347,0.75245,0
-1.46714,-0.20789,1.95162,1.19204,1
-1.84093,-6.84161,8.16967,-0.17520,1
-1.00810,-2.10064,2.26726,1.02561,1
-3.33586,-11.02950,12.14050,-1.14430,1
-3.99946,-7.33867,11.83542,0.17295,1
-0.19198,-0.48713,4.87007,0.00866,0
2.00817,9.58509,-2.23677,-2.76542,0
1.76151,4.42153,1.47175,0.38064,0
-0.51082,10.59713,-0.29799,-4.38594,0
1.44292,3.11648,2.73007,1.09152,0
1.54212,-6.76210,8.09451,-1.57921,0
-3.20311,2.22839,-0.31511,-0.73071,1
3.20031,0.40974,3.50003,0.69268,0
0.05880,7.41872,-1.13113,-3.39750,0
3.20156,6.21576,-1.79309,1.27095,0
11.45981,4.23557,1.46444,-1.49729,0
3.60394,3.37837,0.33219,0.99383,0
3.69075,-2.42848,4.82244,0.15145,0
-2.10658,5.11146,-2.11699,-4.05593,1
2.59273,11.99513,-2.56937,-4.74394,0
1.09307,14.06139,-4.36223,-2.44959,0
0.39526,1.00338,-2.22189,-1.01987,1
1.85106,8.84105,-5.21100,-1.96163,0
1.09875,8.48403,-1.87356,-0.72757,0
2.44348,7.05364,-2.55923,-1.15736,0
-0.34650,0.27979,-1.06676,-0.27355,1
-2.95012,-9.99556,10.29063,-1.44512,1
-0.10162,-0.22014,-2.11888,0.03393,1
0.50317,9.88379,-2.94122,-6.84348,0
-1.03635,3.11461,-3.23254,-1.16795,1
-1.83823,5.84963,-2.93695,-6.92727,1
0.65165,8.36156,-1.75763,-1.58258,0
-6.01858,5.37515,1.90548,-5.10359,1
7.81143,7.14933,-4.88116,-1.60158,0
0.04252,2.50829,-4.15089,-0.49732,1
0.89102,9.09350,0.26125,-2.76795,0
-1.38530,9.17252,2.07201,-3.20464,0
0.56913,0.63388,-1.61261,-0.14176,1
-10.68937,-1.48231,-13.19302,-0.64021,0
-4.98161,5.43821,0.84866,-5.07971,1
-3.98438,5.63106,-0.77368,-5.18169,1
2.02611,6.29955,-3.16516,-2.63976,0
2.83529,-2.81296,2.03500,-0.14671,0
2.07558,6.08333,-0.11289,0.57211,0
2.28363,-3.26881,6.64917,0.21710,0
-5.08944,-10.32125,14.81745,-1.94308,1
0.00973,5.52602,0.87611,-0.66048,0
2.55168,5.65309,-0.15843,-0.88879,0
-1.88564,3.46252,-1.26530,-1.61884,1
0.80542,8.91643,-1.96295,-5.01146,0
-3.51224,5.50391,-1.55504,-5.14377,1
-2.86519,-2.79871,4.24309,1.61557,1
3.51327,2.44340,0.24514,0.64073,0
-1.49057,0.64030,0.80218,-0.28549,1
0.30989,0.19909,-0.32838,-0.25249,1
-6.32914,6.30092,1.46473,-4.37881,1
-2.73442,-10.88064,10.96198,-0.44984,1
3.11839,3.05135,0.26009,0.08382,0
4.24529,-3.14666,3.78603,-0.18745,0
1.07199,0.88915,-1.11153,-0.11633,1
-0.68590,9.25713,0.64286,-1.18820,0
2.19304,1.10123,4.00888,0.56634,0
-1.13746,-6.03685,4.83909,-0.71027,1
-5.93213,5.84763,1.35375,-4.17584,1
-2.71531,-7.37447,9.26597,-0.15423,1
-2.08483,-9.23619,10.88007,-0.42914,1
-3.01658,-1.08037,3.20927,0.62478,1
3.18278,10.21378,-4.28376,-4.90645,0
7.32524,-11.92084,15.94882,7.37234,1
3.62256,8.82493,-2.10117,-3.29404,0
-2.60116,5.09768,-3.09720,-4.22221,1
3.49907,7.89763,-2.23268,-2.91871,0
-2.57839,-5.47553,7.62775,0.10890,1
3.67470,5.71288,-1.52032,-1.00604,0
3.30689,8.32371,-3.98129,-4.80581,0
-0.47105,2.41844,-1.85484,-0.19023,1
1.38643,12.30381,-0.78638,-4.73031,0
-0.73869,6.25942,-2.89679,-5.89209,1
1.07152,-3.30032,4.89655,-0.25925,0
-1.88495,-3.06190,4.05984,1.82422,1
-1.33956,0.02611,-0.11973,-0.07739,1
-3.14068,1.73258,0.85742,-0.68818,1
-3.78598,5.05385,-0.76363,-3.82438,1
0.11498,8.95559,-1.11760,-0.90048,0
2.72871,7.41294,-3.59481,-1.39915,0
-1.37875,0.05352,-0.20067,0.85662,1
-3.75006,12.61457,0.44704,-10.13478,0
-1.21725,0.23918,-0.46928,-0.50681,1
1.75440,0.84081,1.93074,0.07401,0
6.98212,7.60746,-2.06928,-0.14426,0
4.81389,12.18361,-4.07710,-3.66433,0
2.86751,9.64597,-1.91249,-1.70935,0
4.57349,2.01375,0.49988,0.43389,0
1.29758,0.60847,4.96399,1.24140,0
1.84996,3.64600,3.62059,0.85948,0
-2.97316,1.82596,0.63703,0.23067,1
0.19164,2.03973,-2.71363,-0.80398,1
1.56597,1.18190,-2.72489,0.87725,1
-1.73494,-1.31587,0.42636,-0.58508,1
3.64885,4.53759,17.68640,-8.18353,0
-2.33865,-5.02518,7.12327,1.05957,1
-2.32607,11.31425,1.39607,-5.36944,0
-4.54881,3.41983,1.00015,-1.43994,1
-0.61953,-1.96885,0.95085,1.91927,1
5.62406,7.88798,-4.73002,-2.86340,0
4.26461,5.94196,-1.63010,0.10342,0
1.68875,-0.50520,-1.51216,0.51814,1
-1.28359,-0.94389,0.51911,0.57067,1
-1.32598,-5.66432,6.21854,1.29345,1
3.16654,-1.35177,2.77912,1.59693,0
2.45309,8.55704,-0.29249,-3.72832,0
1.29151,8.89709,0.35969,-2.92477,0
7.40342,7.96844,-4.41065,-1.04083,0
0.28831,9.84898,-0.23446,-4.66176,0
-3.04777,8.15302,1.28238,-4.37191,0
-1.09821,0.78704,0.50756,1.04234,1
1.36882,10.76260,-1.56592,-3.31619,0
7.04652,-3.69281,1.39564,0.60516,0
-2.43403,4.63631,-1.43596,-4.07600,1
2.22896,7.76520,-0.32996,-3.22034,0
3.77088,8.74055,-5.21064,-5.05653,0
1.95350,3.03321,0.56115,0.59633,0
3.26508,3.80618,-0.26657,-0.12910,0
1.61016,9.70561,-2.97636,-5.95592,0
-1.44539,-16.09294,-14.04760,-3.20742,0
3.25657,-1.07715,5.53683,1.20865,0
0.38503,10.64470,0.51547,-3.00927,0
3.70832,9.14810,-2.74014,-3.60528,0
2.98914,3.08927,-0.54466,0.72934,0
0.35133,-0.91381,7.70366,0.02634,0
1.89879,9.97408,-2.64683,-1.45187,0
1.24850,-2.95133,5.31135,-0.32634,0
-1.05414,5.03877,-2.57924,-2.44454,1
-1.27540,1.25269,-1.83599,-1.09231,1
3.69337,10.42553,-2.46433,-3.83209,0
-0.62505,1.99459,-1.63675,-1.69550,1
2.10948,-1.45332,6.30486,-0.04806,0
-0.74237,-1.53525,1.78995,0.96786,1
1.12017,5.03901,0.69188,-0.55873,0
3.12412,-0.74528,1.26834,-0.18204,0
4.34555,-3.91373,-0.03692,0.90309,0
5.80252,8.86397,-1.96386,-2.37305,0
3.44870,5.65829,0.01721,-0.52960,0
6.12169,5.60921,-3.27926,0.44401,0
0.23624,-1.06150,7.16495,-0.65093,0
-2.04908,-2.09736,0.63674,-8.83664,1
2.17227,2.69350,19.12658,0.60753,0
-5.15979,-13.13516,20.36006,-3.20556,1
-3.99309,-10.31488,12.72540,-0.85761,1
-3.54252,4.90697,-0.86519,-3.72049,1
2.02673,6.65664,0.17817,-0.48199,0
3.02006,6.90549,-4.61507,-2.14756,0
0.66243,0.85977,-0.34725,-0.22411,1
3.45322,2.21068,-0.23740,0.32527,0
-0.10137,7.30712,-2.77971,-4.37677,0
0.37696,0.06432,5.17181,0.51149,0
2.29572,-2.00553,5.84493,-0.90453,0
5.65842,0.20731,0.06385,0.49798,0
4.12118,7.07274,-3.40889,-0.40875,0
3.50054,2.39439,0.96686,1.12604,0
2.84635,3.70645,1.39047,2.47264,0
4.57185,7.10340,-2.87245,-0.12478,0
1.59372,7.82002,0.28207,0.18868,0
3.50216,2.96139,-0.56909,0.19977,0
3.50493,8.41681,-3.48605,-2.12204,0
0.23433,5.11054,-4.02471,-3.73988,1
2.18549,1.45224,-4.86700,-0.29023,1
1.73971,-1.74978,4.33251,-0.19709,0
-3.26201,-34.52977,-4.68015,-1.85114,1
2.67048,1.51632,-5.05476,-0.98582,1
-2.26048,1.41326,-0.40489,0.16774,1
3.43247,-7.42004,8.16660,-1.16323,0
-5.34020,-10.93744,17.97465,-2.29212,1
1.56315,3.01966,1.19776,0.37829,0
-0.92367,10.42991,0.17272,-4.27942,0
5.22251,8.60505,-2.80639,-4.28373,0
6.06104,-1.93643,0.91496,1.90933,0
-2.44308,11.41138,0.85826,-6.73730,0
-3.96090,8.85200,0.94136,-5.43521,0
1.40396,-2.55119,7.12370,-2.25777,0
-0.14927,6.19187,-3.81998,-5.28052,1
1.03789,10.44922,0.92100,-3.41557,0
1.84127,8.72825,-1.10379,-0.11171,0
0.91462,8.60410,-1.16042,-1.54454,0
0.87276,1.11080,-2.93199,-0.72339,1
-2.32143,-11.06068,14.19119,-0.53184,1
-2.11390,0.31378,0.76604,-0.16915,1
2.20175,9.65577,-2.65831,-3.97971,0
-2.23417,-12.93139,13.34211,-2.20245,1
4.48727,2.84563,-0.36623,1.20841,0
-1.81944,-6.75723,7.26484,-0.00376,1
4.00253,4.52122,0.07676,0.80382,0
3.29882,4.35979,0.17826,-0.71712,0
2.17607,5.01278,-0.39260,-1.05389,0
-1.74968,-5.19055,6.93290,-0.01393,1
-0.89890,-6.43554,5.38665,-0.67418,1
-1.81984,-0.08756,0.39581,0.14945,1
0.04928,10.71218,-3.81025,-4.92630,0
-3.78715,-10.67610,12.63744,-1.82509,1
-0.31995,9.77596,2.05981,-4.38574,0
-1.68298,1.24162,-0.40897,0.45323,1
4.99207,2.26611,0.00489,0.45264,0
2.33316,-0.51373,7.50906,0.24018,0
2.22084,-5.26880,6.86759,0.44632,0
4.18195,8.09163,-1.44377,-2.33320,0
-1.09440,1.30514,5.68334,0.68087,0
1.28462,6.70110,-0.83942,-1.97432,0
-0.63675,-1.48320,1.60143,2.93031,1
1.26100,-0.54637,0.58750,0.43633,1
0.54185,0.02611,5.43570,0.78163,0
3.61507,-0.56051,3.73284,2.28759,0
-1.95067,12.69247,-2.42425,-6.64192,0
-1.56448,-1.25259,1.46749,0.22689,1
-2.22247,-7.46236,8.56767,-0.18779,1
3.08633,10.33342,-3.01244,-4.33802,0
3.57923,10.96997,-4.40158,-1.52546,0
4.21263,2.84257,-0.42110,0.48783,0
-2.90499,-0.89306,3.22062,-0.44029,1
-0.96800,0.47162,-0.08198,0.29039,1
2.15604,8.50627,-1.82879,-0.90435,0
-0.02791,-1.46425,7.23359,-1.42147,0
0.60500,4.87152,1.95537,-0.99511,0
-2.79251,-5.82023,7.65063,0.27921,1
2.08764,-5.72771,5.04398,0.04072,0
-3.15336,-8.17569,9.50179,-1.14182,1
1.81344,-1.81792,5.38104,0.85151,0
1.79497,-2.45599,8.84084,-0.01035,0
-2.81439,8.39158,-16.27348,-12.21508,0
-0.18875,9.82230,0.49454,-2.64842,0
-3.92103,-10.99256,13.61703,-1.52548,1
-3.76284,-13.20103,14.42526,-0.36318,1
3.55826,-0.87737,2.29285,-0.30974,0
0.56164,2.27558,-2.69907,-1.61658,1
1.90717,4.73467,0.57517,-0.29534,0
-3.98228,-10.19723,14.94562,-0.96092,1
3.02328,7.74900,-1.19353,-0.49019,0
-2.17571,-9.37821,9.08684,-0.92790,1
4.47419,9.06251,-2.60604,-3.47815,0
1.53806,1.09999,3.31226,1.35548,0
2.04425,-2.13110,5.39457,1.09544,0
2.71010,8.05061,-2.71794,-1.18902,0
-3.01882,-10.41265,12.78992,-0.02355,1
-3.89347,3.71235,-0.18423,-2.79758,1
0.78298,7.14983,1.20546,-1.09770,0
2.32575,8.77245,-3.57072,-2.06272,0
2.89632,7.65754,-2.89811,-0.69892,0
-2.51955,10.45281,2.78259,-5.32464,0
4.73170,3.59569,-0.53126,0.59170,0
-4.13424,-1.97873,12.61017,-0.89164,0
1.07904,6.56366,0.09862,-4.01819,0
3.11175,8.31923,-3.31297,-2.44125,0
0.26046,5.44179,1.00240,-0.78159,0
0.10111,0.29237,8.21336,-0.00438,0
3.18294,3.91935,1.21574,1.47669,0
-4.21877,5.90080,-0.87857,-5.04356,1
-2.51305,2.15775,-1.43216,-1.05141,1
0.69886,11.21804,0.02861,-4.07437,0
-2.02936,6.25143,-3.13701,-5.32749,1
-4.83430,12.20993,1.15858,-5.77691,0
3.69381,2.36046,1.40007,1.58066,0
-1.54711,-10.63203,10.09529,-1.07937,1
4.14727,-1.32832,1.76072,0.93596,0
-4.16666,5.55037,-0.95947,-5.36717,1
-3.55286,3.72362,-0.82469,-4.25063,1
0.40782,8.96067,-0.97758,-3.49290,0
-1.09171,0.51144,-1.23585,0.13399,1
5.23905,7.61102,-1.93824,-1.24222,0
-0.23471,-1.90137,1.39666,3.20537,1
-1.82064,4.06965,-0.89026,-0.85506,1
-5.41328,2.56392,2.25507,-2.05945,1
1.10755,-1.68490,3.47292,0.86682,0
1.66507,-0.83365,5.01314,1.28400,0
3.36670,6.86272,-3.46924,-2.50854,0
2.82344,9.98408,-2.25759,-6.48763,0
1.60690,-0.49299,4.95298,0.47160,0
-0.62438,-0.11488,0.66592,0.08946,1
-3.68908,-1.08658,4.25284,0.24209,1
1.83202,6.14532,0.02249,-0.74314,0
3.12430,0.78674,3.36593,1.26255,0
3.81153,8.76093,-1.83781,-3.79622,0
-4.12457,-14.42022,17.56165,-2.52400,1
-5.89202,2.87774,1.70943,-1.16716,1
-1.74136,0.74290,-0.50054,0.12597,1
2.21766,-3.57008,4.32247,-0.38975,0
1.24266,3.92532,2.24850,0.42785,0
-0.46422,12.08922,-2.86211,-2.51865,0
-0.63612,-2.35062,0.82896,0.19513,1
0.11416,-0.33277,4.67274,-1.08399,0
0.92494,-4.68079,6.30063,-0.36565,0
-0.16373,1.41531,-0.22799,0.48580,1
-0.01535,-1.56947,7.95083,-0.26349,0
-0.08184,0.00055,-0.03414,0.61768,1
2.01924,-3.44787,5.37629,-1.02218,0
-3.56538,9.90278,2.69338,-7.03555,0
-1.01639,-5.64491,4.82053,0.97117,1
4.48751,2.23952,-1.05805,0.52253,0
-1.70322,0.11712,0.91340,-0.01192,1
-3.82125,-9.93732,11.27426,-1.67680,1
-2.06869,3.84848,-1.49010,-4.28646,1
1.09060,-1.38680,-3.95276,2.11186,1
0.67539,9.49484,-1.45819,-1.26262,0
3.99562,6.26103,-4.40602,-1.72111,0
-1.47930,-1.14420,1.30734,0.31375,1
-2.12459,-5.83494,5.53849,-0.51299,1
-2.27001,5.34195,-2.02908,-5.01961,1
-4.08959,-11.32697,14.40677,-2.22981,1
3.79653,5.00993,-0.79494,1.01235,0
-1.79870,0.36583,0.54995,-0.10752,1
-3.02734,-8.88280,9.18274,-0.30251,1
1.62248,4.00582,2.34541,0.01658,0
2.06394,3.14940,2.00398,0.87495,0
0.18824,9.15858,-0.17033,-0.74112,0
-0.80971,9.28120,-1.31915,-6.18131,0
0.73323,9.89939,0.47021,-0.75414,0
1.10592,7.37950,1.37667,-1.55010,0
1.63566,-2.18536,7.50343,1.34377,0
-0.89329,-2.77014,2.82039,1.92348,1
-8.15912,6.77692,2.54259,-1.99803,1
5.03772,1.05895,0.48965,1.19141,0
6.30816,8.07136,-4.50253,-0.09204,0
0.14192,10.51930,-1.11732,-1.72939,0
-2.07362,0.67369,0.07495,-0.27845,1
3.51273,6.69393,-0.50132,-0.84421,0
-4.04245,-8.82492,9.99530,-1.51792,1
-1.55202,-7.70083,7.34986,0.16969,1
-0.16368,0.25979,0.47076,-0.09330,1
0.73644,-0.04472,-2.90878,-0.48682,1
-1.87973,4.96469,-1.50358,-4.61939,1
-1.83535,-6.43343,8.18437,1.07942,1
-3.23132,-8.14500,9.15655,-1.39503,1
1.69213,10.79439,-4.92881,-4.55787,0
-0.67923,10.86843,1.71243,-4.69366,0
4.51864,0.94204,1.81584,0.88266,0
-3.64703,0.56643,1.07185,-1.18439,1
2.99003,3.55883,1.76061,0.44140,0
4.29199,32.37745,-4.07287,-11.01759,0
-3.28949,-13.24672,17.00998,-0.97698,1
1.75745,5.25677,1.68802,0.32955,0
-3.19576,3.08567,-1.16515,-4.10718,1
4.17498,10.95696,-5.68925,-4.56596,0
-3.74864,4.78143,-0.50913,-5.25801,1
1.59160,7.49572,-2.39142,-3.33346,0
1.50963,12.00813,-4.68889,-6.96567,0
4.34723,10.56181,-4.64577,-6.09550,0
1.28221,4.34470,1.63617,-1.04066,0
1.56618,7.85878,-1.51317,-3.75820,0
1.49225,-2.73009,3.36980,-1.96503,0
0.32179,6.79677,0.53835,-0.57971,0
-0.53911,-2.42540,8.82249,-1.15140,0
-0.53642,9.68432,0.10132,-3.14741,0
-1.48295,-6.27725,4.07048,-0.33601,1
-3.83871,-9.81589,14.42250,-0.41017,1
0.51919,-4.65078,-0.40140,1.31374,1
0.92823,13.87745,-5.55155,-8.08258,0
-0.90427,10.44970,1.35050,-3.19624,0
0.09005,-1.59485,-0.75528,2.01091,1
4.14471,-2.84875,6.13815,1.04110,0
-3.68369,8.76500,2.95264,-2.63696,0
0.35392,1.99345,5.67692,-0.01902,0
0.45912,10.48421,-4.04822,-5.54840,0
-3.22857,-11.80067,14.02709,-0.48914,1
3.90981,3.15287,-0.17793,0.40969,0
3.70505,0.84456,-6.60156,-1.22544,1
1.81980,0.56793,-3.22520,-1.78097,1
-3.49451,9.16547,1.62546,-4.94931,0
-1.48124,-1.32988,2.79565,1.35373,1
-0.08096,3.52040,-2.89262,-3.74335,1
3.01944,2.99383,0.40688,0.05157,0
-2.06792,-9.99581,8.81988,-0.36377,1
0.01489,14.31063,-3.16894,-2.81587,0
0.63080,2.22961,3.18360,-0.47075,0
3.29133,9.27647,-3.38489,-5.33184,0
2.61776,2.04566,2.37223,0.98382,0
-2.39599,-5.77192,9.00694,-0.39396,1
-2.81607,-4.80489,5.47310,-0.94957,1
2.30466,5.30150,0.15787,-0.21446,0
-3.13221,3.87102,-0.14483,-3.21322,1
2.61553,5.77910,0.02671,-0.89060,0
0.89597,3.85273,-5.79904,-6.14141,1
2.49432,7.20810,-1.15916,-1.03381,0
-3.03237,-6.56134,9.66110,0.67147,1
4.47422,-0.77154,1.05221,0.44084,0
-2.46977,-5.15905,7.08196,1.05391,1
1.34049,11.41160,-3.01132,-2.63600,0
-2.70030,0.38121,-0.06821,0.57331,1
3.44416,-6.51235,2.62002,-0.49022,0
-0.45206,8.69075,2.32778,-4.89717,0
5.35691,-5.40707,2.10815,1.16867,0
3.25839,6.38076,-2.82636,-2.63564,0
0.98609,10.34591,-2.60849,-4.79402,0
-3.51130,-7.94443,12.33788,-0.97515,1
4.26065,8.50689,-4.37479,-0.71469,0
-0.07177,4.68108,-4.11593,-3.19737,1
1.84491,-3.62433,3.21781,-0.29910,0
3.27403,-6.12223,2.37659,-0.15344,0
-2.04176,8.93793,-0.66649,-5.24573,0
-0.91659,-9.47085,8.76832,-0.35601,1
-1.47590,9.75181,-1.25197,-4.23768,0
4.34107,7.40672,-2.53637,-4.42375,0
-9.23337,-0.08885,3.13508,0.03456,0
-0.57427,11.28920,-0.28972,-6.37788,0
0.26542,10.48752,0.13435,-4.67423,0
-3.52273,6.05245,0.29853,-3.81286,1
1.03872,-3.08818,6.46151,0.23299,0
2.60952,3.53029,1.35433,0.23814,0
2.54052,9.80053,-2.03966,-0.85780,0
-0.05799,10.60496,0.07255,-4.73691,0
1.78066,6.82528,-0.73832,-0.51110,0
-0.47824,8.25370,-1.90650,-4.10086,0
1.90807,10.24270,-0.32261,-3.42171,0
-0.38518,9.18407,0.36232,-2.60266,0
2.77146,9.11163,-1.24583,-2.85746,0
6.19377,7.21226,-6.43066,-2.15941,0
-1.78724,2.80260,-0.71798,-2.07945,1
1.38829,5.93624,-6.37370,4.84533,1
5.67720,1.88507,0.01010,2.32537,0
2.10177,5.47913,1.63083,0.66225,0
3.09781,4.10467,1.22500,0.58831,0
4.63903,5.42275,-2.40675,0.15203,0
2.67219,1.84174,4.78273,1.47582,0
3.36129,-2.87444,0.69885,-0.64844,0
-1.38673,-6.31922,7.18055,1.38596,1
0.84129,0.13889,16.61346,0.24060,1
4.20076,12.04775,-4.73610,-4.56091,0
4.84082,5.68644,-2.19152,-1.61025,0
7.90457,6.82628,-5.20832,0.40548,0
-2.53440,-0.97442,1.79376,1.40347,1
2.35404,-8.27542,8.21536,-2.18553,0
0.50802,11.44567,-2.32388,-1.86024,0
0.46583,2.42157,-3.72239,-2.00316,1
-2.44632,-10.92457,13.12486,-2.83660,1
3.83069,28.22192,-0.12075,0.34643,0
2.92019,6.21982,-1.28741,-0.32243,0
1.86350,-2.24581,7.59868,-0.30219,0
0.47060,7.66825,-0.99825,-0.89911,0
-1.39582,-2.35832,1.40150,0.23154,1
3.36860,3.82553,-5.59185,-2.29959,1
3.21763,1.06476,2.86544,1.70812,0
5.94774,-2.33433,3.10369,1.88957,0
6.67296,-0.71688,0.42895,1.66415,0
3.42932,-0.66658,2.86370,1.21607,0
4.51786,1.15876,0.91503,1.38031,0
2.37671,10.32830,-4.41737,-4.03432,0
-1.93575,-7.13907,7.56357,0.10347,1
0.59924,-4.33681,5.81203,-0.97698,0
-0.02650,1.71612,8.96543,0.04940,0
4.25186,-2.99454,2.77896,0.81983,0
1.66342,7.89953,-1.55921,-0.74182,0
6.71863,6.59918,-5.09868,-0.52939,0
-1.75383,-4.77826,5.42893,2.59485,1
-1.39993,-7.74540,7.99442,0.27292,1
-0.18020,11.11913,-2.71519,-7.47366,0
0.69412,1.19762,3.50423,0.28011,0
3.83074,10.00893,-4.17338,-0.86876,0
-1.26033,10.21719,-0.88850,-5.12037,0
-2.24988,-0.28636,1.01331,-0.89293,1
-1.81070,-9.03396,8.75555,0.88804,1
5.95237,7.90767,-3.18212,-1.69032,0
1.87588,10.08073,-5.39420,-4.19613,0
-1.01628,-4.15942,3.69309,1.60073,1
-0.03230,1.04296,5.73325,1.64260,0
2.70272,3.10379,-0.50435,0.36159,0
-2.90666,-0.54326,1.70565,-0.70259,1
0.97809,-2.79796,8.49559,-1.66741,0
4.41492,-6.63833,2.15113,-0.17517,0
-1.24717,10.89461,1.98600,-5.54043,0
2.15863,2.30679,1.55200,0.09150,0
-2.10039,3.57877,-1.25476,-3.45363,1
0.81715,3.82251,2.12106,-0.15532,0
3.44187,-4.25794,5.60599,1.23120,0
1.29212,-0.52570,4.67939,-0.65809,0
-4.25414,5.59762,-1.24051,-4.16642,1
6.21355,-1.65616,1.00635,1.66622,0
-2.47676,6.88968,1.71270,-1.71674,0
1.28476,-2.70960,24.58669,-0.22479,0
1.80183,4.02152,-5.62581,-1.15842,1
-3.25716,-11.20432,11.50800,-1.84138,1
0.60987,7.92382,-0.85455,-0.72005,0
-6.52300,8.07392,0.70178,-7.11439,1
1.15722,-0.28245,7.99193,0.78937,0
1.45307,5.95058,-2.57700,-2.21329,0
-4.25866,0.75235,1.24262,0.74177,1
3.60502,4.94791,-1.04266,-0.98329,0
5.48479,7.00904,-2.81453,-0.57695,0
-2.49736,-1.00069,3.09519,0.04223,1
-0.10480,-1.64518,3.51308,0.90057,0
1.68666,-5.57226,6.04453,-0.66977,0
-1.42567,13.41247,0.52565,-7.52762,0
1.95263,-5.09896,7.19998,-0.74591,0
5.71733,7.44163,-3.73324,-2.10426,0
-1.44471,-0.58521,1.44213,0.20807,1
-0.32092,11.81910,-0.60108,-6.78533,0
-2.39807,-6.32688,7.20718,0.95574,1
0.30321,5.43930,1.84243,-0.14541,0
0.82740,7.69629,-1.28493,-1.17956,0
-0.06402,0.92488,-1.35307,0.81874,1
-3.09491,-10.56384,11.73770,-1.00860,1
-1.56999,-9.90831,8.23580,-1.34244,1
-2.25647,-0.28042,1.56824,0.08499,1
1.62819,9.22899,-0.60132,-2.51837,0
0.64298,10.59204,0.14872,-5.07351,0
5.81272,10.35652,-1.30570,-3.95758,0
2.01699,2.86817,2.17554,0.16274,0
-2.34669,-1.49203,2.23666,1.21781,1
3.84588,4.73996,0.53827,0.59349,0
-1.04854,-6.94101,6.57743,-1.60889,1
1.52291,6.45714,-2.78905,-2.70001,0
3.95676,3.87197,0.75522,0.82956,0
-2.80916,3.01302,-0.23234,-1.74368,1
0.63369,3.30556,3.28771,0.48561,0
0.06251,10.69044,-0.11394,-3.85456,0
3.21237,-1.49966,2.43287,1.85409,0
-0.15826,-1.29462,0.98597,0.70292,1
0.83868,2.14998,-3.91341,-1.65327,1
-4.44620,-10.14975,12.22887,-1.59737,1
-0.50613,0.03903,-0.77376,0.26347,1
6.17105,7.58625,-3.62128,-3.71892,0
-1.27224,10.02105,0.89206,-5.00951,0
-1.64645,0.75542,-0.68024,0.50067,1
2.07342,7.50769,-0.77448,-1.21968,0
-2.36258,0.45471,-0.81613,-0.41655,1
0.02265,9.06671,-1.29451,-3.11838,0
0.76226,1.17971,3.86896,1.70465,0
-3.05252,-0.08743,0.77354,-0.47899,1
2.58390,-5.54506,6.12712,-1.26784,0
6.17133,8.97604,-4.30705,-3.05689,0
-4.65282,7.14872,-0.38973,-4.68919,1
1.84717,4.26793,-0.12746,-0.03178,0
-3.08079,7.01907,-1.49778,-5.07055,1
2.11522,10.13784,-2.53326,-3.61702,0
6.44176,8.09134,-6.43608,-4.04042,0
1.49810,1.32447,5.00061,1.33044,0
-3.10952,-10.91897,10.77762,-1.37983,1
5.03917,1.23880,0.96519,0.75665,0
2.91315,1.89861,3.54025,0.66966,0
-0.25074,7.52333,3.96993,-2.68783,0
5.04498,10.86716,-5.06420,-2.56039,0
-4.87279,5.04546,-0.05764,-3.57962,1
2.56154,-1.67740,4.14902,1.50182,0
-0.77082,-0.78435,8.99732,-0.76504,0
-2.83448,-4.83268,7.74991,0.09353,1
-1.33020,-8.08138,8.68543,0.57287,1
0.39906,0.63302,-1.79116,-0.20979,1
3.20089,4.11517,0.25222,1.11415,0
2.78467,11.07306,-1.61871,-4.80638,0
-0.75172,5.56689,-4.37136,-6.04239,1
0.17096,2.06306,-3.69292,-0.39870,1
-2.20192,3.51528,-1.13745,-2.29284,1
4.61551,-3.84800,3.76885,-0.01766,0
-0.35449,0.95412,3.83219,0.18192,0
3.14811,5.97240,-1.68896,-0.41172,0
0.96772,2.65281,3.26048,0.74642,0
3.81186,7.39274,-4.95142,-3.15961,0
-3.17825,6.94376,-2.10012,-5.15103,1
1.97311,-3.93679,7.20938,-0.74450,0
4.13864,-2.44612,0.67611,0.19771,0
3.36129,-0.23730,3.47990,-7.00171,0
0.85138,4.11102,3.25003,0.51720,0
3.08063,6.27360,-0.60981,-0.17506,0
-2.33616,-7.02510,7.17218,-1.16561,1
-1.12886,3.48025,-3.49905,-3.61046,1
-2.50284,2.12358,1.15219,-0.90223,1
-2.13789,0.72537,1.22973,0.07805,1
-3.84480,6.03730,-0.99668,-5.09931,1
-2.32993,-9.57636,10.39805,-0.76312,1
0.23920,-4.07218,6.73428,0.07930,0
-1.71796,-7.91144,8.43141,-0.32733,1
3.57449,5.01186,-0.10656,0.26800,0
-0.96525,10.12997,1.35748,-3.50096,0
0.54640,-1.16781,-0.07509,1.14448,1
-1.91408,-6.77475,5.75054,0.04835,1
-1.01738,11.45177,0.55123,-7.43508,0
3.92129,9.81553,-3.61637,-3.76325,0
1.18730,1.32523,1.34220,0.07037,0
0.89585,4.23613,1.27569,0.77182,0
3.69435,2.44237,-0.66385,0.48300,0
3.09168,10.10052,-1.84075,-3.09211,0
-4.16294,-10.71918,15.17895,-1.48961,1
4.30846,-0.37208,0.05487,0.94901,0
-0.65339,-9.62074,6.60103,0.55249,1
1.31864,0.05693,2.64333,-0.13283,0
1.12071,3.76670,2.29343,0.36885,0
2.01168,-1.86557,5.04230,0.30960,0
-2.42562,4.51622,-2.42847,-3.55676,1
2.99970,1.04496,-5.42370,-1.74023,1
4.34697,-4.66184,1.36506,0.03470,0
-5.03072,5.09187,0.41735,-3.37227,1
-3.46927,4.80319,-0.68294,-3.25069,1
3.62654,-0.43093,0.78240,0.52742,0
-1.03951,-0.66252,0.05043,-0.81890,1
-3.90858,-11.35389,14.30647,-1.75515,1
1.37835,1.89544,-3.69776,-0.26147,1
-2.83482,-11.88765,12.32792,-0.60769,1
-1.24797,0.42386,-1.50481,0.38506,1
1.31869,-2.68086,5.91795,-0.10408,0
-0.32840,1.96463,-2.42385,-0.10206,1
-2.18729,2.18761,-1.28020,-1.67915,1
-2.66954,-7.66783,7.98819,-0.39429,1
2.34343,-1.32727,3.07795,-0.78751,0
2.30228,-1.36340,4.75627,0.59780,0
-2.42295,4.20963,-0.77019,-2.23086,1
-1.96446,2.31520,-2.49776,-0.51451,1
7.73976,7.10558,-4.13968,-1.10807,0
-2.29399,2.76959,-1.23820,-2.33648,1
1.90269,9.83563,-3.73633,-1.75707,0
-0.65272,0.11030,-0.13573,1.49949,1
4.11764,1.96999,1.43329,1.01346,0
-0.98071,7.00457,-0.00444,-2.69049,0
1.98431,-1.17966,5.01983,0.90644,0
-3.40104,4.64957,-1.22373,-3.77703,1
0.22838,2.24263,-3.62102,-2.88238,1
-0.38616,3.49160,-3.39717,-3.92111,1
0.51963,5.40035,1.26142,-0.43830,0
3.51715,3.32282,1.02166,0.26500,0
2.78724,7.06375,-0.99930,-1.82281,0
-0.66584,10.12997,-0.43143,-5.89132,0
1.77874,-3.72032,4.70343,-1.93615,0
1.30876,1.10338,-3.32274,0.08995,1
0.48700,-1.13818,2.99530,0.75749,0
2.43661,-3.26160,7.11744,1.01431,0
1.17980,0.40380,3.77176,0.44522,0
5.23979,2.90515,-0.59831,0.74236,0
-0.94310,10.12399,-1.55726,-5.74976,0
2.76553,1.16192,3.57412,-0.05219,0
0.43374,0.49566,-2.99713,-1.56070,1
3.58957,1.66284,1.05807,0.58551,0
-1.96673,-1.25462,1.77733,0.39018,1
-0.53408,2.67066,-3.20786,-3.74091,1
1.38422,-3.78888,8.47817,0.39522,0
0.87717,1.50847,3.40814,-0.27244,0
2.11566,2.69305,1.81275,0.56343,0
6.47178,-9.02263,5.57679,-0.88350,0
-1.11002,6.05912,1.89931,-0.83594,0
-1.12804,0.33959,0.12367,-0.44349,1
2.02593,-5.35609,4.45466,-0.69516,0
0.40739,-9.93198,4.37758,0.80355,1
-1.69503,11.95562,1.12310,-5.76980,0
-0.92040,-9.08879,5.54030,1.28815,1
-1.34599,5.10789,-3.16593,-5.39666,1
5.84031,4.45297,-3.59408,-0.11378,0
0.48577,-0.58981,-0.23246,0.42540,1
1.48181,5.61148,0.29252,-0.32912,0
0.56030,-0.52230,8.57344,0.60541,0
3.93985,9.59429,-2.11812,-3.25457,0
-0.93985,9.11493,0.07286,-1.68428,0
2.92668,9.34586,-3.53708,-2.83178,0
-1.89330,-6.72397,9.73738,1.31881,1
0.07331,3.54076,-3.06459,-1.62349,1
1.07633,5.99500,2.06178,-1.59778,0
3.99448,-3.96853,3.33822,-0.22576,0
2.00016,-4.05017,6.99127,0.13945,0
0.56182,10.07422,-1.09522,-2.21069,0
-0.27632,11.13721,-1.64317,-6.49869,0
1.67383,4.16065,1.14548,0.02797,0
-0.55933,-0.93860,0.76226,0.84906,1
-2.41419,1.83396,-1.08839,-1.23549,1
-1.58489,0.83978,0.85720,0.20711,1
-0.16350,-7.42736,5.80977,1.73908,1
4.05123,4.17792,-0.69156,-0.15354,0
1.31441,-2.52074,4.89020,-0.72632,0
0.62157,8.47144,1.59005,-2.31933,0
1.26942,13.32195,-0.87942,-6.48237,0
1.76855,3.45281,3.18808,-0.30695,0
-1.79450,5.83251,-3.19324,-4.33137,1
1.22778,10.16583,-2.34362,-3.86937,0
-1.37976,2.11025,-1.41309,-0.84578,1
-1.81957,-7.58688,9.43773,0.15373,1
-0.17030,-0.77936,-0.74712,1.05890,1
3.44403,9.36701,-1.71900,-3.58087,0
-2.07285,10.51900,2.94299,-6.14756,0
1.33058,7.42863,-0.35283,-2.20604,0
-1.64935,-8.27699,7.93908,-0.85943,1
0.19751,11.56523,-0.88445,-5.00616,0
3.82032,0.23907,2.27473,1.77345,0
4.34058,-3.23225,-0.41929,0.08156,0
-3.52798,-7.88674,10.37098,-0.25016,1
3.41851,0.86391,0.51916,0.17056,0
0.47583,10.19477,-2.75105,-4.69942,0
1.78663,5.30356,1.26686,-0.23191,0
2.07083,8.35986,-1.29219,-3.87286,0
2.83646,3.77969,2.89421,2.20218,0
-1.57962,2.19588,-2.07330,-5.15290,1
-1.37544,16.94446,6.93825,1.03882,1
5.65090,5.37138,-2.58287,-0.01048,0
-4.48807,6.37708,-0.77732,-5.29531,1
-0.85655,6.53463,-4.63104,-5.88464,1
2.95570,-2.08870,1.94613,-0.37935,0
1.08441,5.79614,1.34222,0.01972,0
-0.38354,-1.17659,4.16339,1.40368,0
-0.80240,10.27663,0.51694,-5.18977,0
4.05538,5.97948,-0.16268,0.72453,0
-0.75259,-1.00503,8.09654,-0.82874,0
0.11436,-6.68165,3.36729,0.79009,1
3.41937,4.91775,-1.79053,-0.31151,0
0.73229,-26.01476,2.16642,-0.96565,0
-1.02756,-0.25383,1.50666,-0.18894,1
-2.52918,-8.43180,6.66887,-0.35554,1
-2.40447,9.05029,1.18124,-4.15909,0
-1.57453,-7.47695,8.50531,-0.70236,1
0.10611,0.52567,-1.01215,0.69645,1
-4.18589,-12.00782,13.58537,-1.90102,1
-1.02613,1.49053,-2.40940,-3.17492,1
-2.78356,-8.10003,9.03043,-0.54595,1
10.77528,4.76791,-2.93477,-5.09210,1
-0.77639,2.76689,-2.85305,-3.73349,1
-4.24891,3.88884,0.96809,-1.85392,1
2.26358,10.71607,-3.07760,-1.37423,0
-6.84817,6.67842,1.58012,-4.31498,1
3.13522,7.26060,-2.16713,-3.96642,0
0.37854,2.68649,-3.18353,-3.75965,1
0.74107,-1.72216,5.79290,0.91433,0
-1.06932,2.30518,-1.17265,-0.39404,1
0.57074,0.19479,3.89023,1.47336,0
2.75643,11.32230,-3.59973,-6.86472,0
-2.68095,-5.58482,7.28478,-0.51077,1
-3.23422,-4.49491,8.04252,-0.17535,1
-2.07089,1.16707,0.34116,0.70935,1
-4.11771,5.30468,-0.71839,-6.18824,1
1.29155,9.50765,-0.84050,-1.94478,0
3.80539,6.26849,-1.44701,0.53024,0
2.12242,9.07470,-0.75569,0.06474,0
-0.98833,9.37559,-0.94040,-3.93559,0
1.62009,10.66641,-2.29211,-1.03545,0
3.97942,-5.73208,3.99237,-0.02962,0
2.23012,2.93112,-5.28630,-3.95753,1
2.79935,3.62458,1.00754,0.01290,0
1.32383,4.80397,2.61265,-0.17682,0
-2.14175,5.73249,-1.07176,-3.79399,1
1.93530,3.76387,-4.90724,-2.71711,1
2.99938,-0.47229,2.16322,-0.29756,0
-2.64198,-9.01140,9.16889,-2.03660,1
1.17869,-2.67753,1.89660,-0.70163,0
-1.27947,2.17062,-0.02632,-0.27418,1
5.73115,9.46109,-5.51471,-3.45629,0
1.02486,7.10135,-0.49631,-0.67511,0
-0.95642,-2.45955,9.78411,-0.58029,0
0.32147,11.07569,-1.38924,-4.77235,0
-2.56777,-10.38144,10.12265,-1.02748,1
3.09621,3.21154,-0.86707,0.45333,0
-1.85181,0.62590,2.10188,0.85392,1
1.17587,11.66506,1.16502,-2.37077,0
-3.58511,7.10776,-2.10721,-4.61655,1
0.15059,3.53361,-3.02047,-2.10537,1
3.71572,3.34737,-0.31585,-0.64491,0
8.99794,8.75956,-7.69800,-1.79288,0
4.33753,11.09228,-5.56222,-6.30178,0
1.54590,0.70178,-3.67605,-0.07227,1
2.61946,-4.35252,7.65020,-0.36159,0
2.17669,-0.58765,4.38788,0.35151,0
4.39227,4.65920,-1.59356,0.35458,0
-11.23875,11.88423,-1.20232,-2.40427,0
-2.72231,-8.81787,8.50463,-1.45347,1
2.16230,7.94615,-3.67207,-1.29305,0
-3.84510,6.38011,-1.80875,-4.26261,1
1.75697,-4.04627,4.84894,-1.52684,0
3.50099,-8.32952,6.98280,-0.74827,0
-0.21433,-5.73932,1.47724,0.54432,1
-0.16693,7.72212,-5.81018,-7.63476,1
-0.39231,10.93761,-1.57832,-6.81750,0
-5.07778,-14.10123,16.84369,-1.44460,1
-1.56209,5.51634,0.34065,-2.65398,0
7.67314,6.94284,-3.23621,0.44081,0
2.42186,-4.69016,3.15056,0.25600,0
1.90302,-2.91326,4.23103,0.79304,0
-3.80439,-8.08813,11.70543,-0.30741,1
-1.76245,8.59374,2.19651,-3.62043,0
-0.73601,-4.06637,2.29414,0.63104,1
4.03068,0.26488,1.88083,1.68581,0
0.58182,-4.24439,9.57857,-1.32313,0
7.25933,2.63262,-2.41870,0.90844,0
-0.06026,-1.24552,6.58485,-0.31115,0
3.50265,4.43211,0.07713,0.19371,0
-3.63077,-14.57580,15.43409,-3.49248,1
5.37761,6.43170,-4.46359,-1.07069,0
-2.84192,-10.36129,9.89191,-1.16419,1
1.94402,8.14561,-2.29794,-2.31978,0
2.61549,7.50708,-0.70810,-0.20458,0
3.61204,3.48799,-0.81171,0.17314,0
-0.11191,8.21709,2.58348,-2.98249,0
2.39731,12.68146,-4.71407,-6.10298,0
-4.54671,7.56650,-0.74165,-5.26899,1
4.57969,1.55864,1.45133,1.59974,0
1.41622,1.49082,4.66148,0.98191,0
3.05494,-2.79974,7.39649,-1.25535,0
-3.75381,-11.08173,13.82330,-2.18038,1
4.66326,8.50197,-5.64928,-13.16909,0
-2.82563,5.18228,-1.35103,-4.00880,1
5.55989,8.37051,-1.88105,-1.53331,0
1.63565,0.82975,2.03150,0.59047,0
4.42075,-5.82402,2.28160,0.25124,0
6.48491,7.97368,-6.85197,-2.73913,0
2.55364,3.20404,0.70358,0.00959,0
4.22121,1.98219,0.53759,1.68606,0
-0.40133,9.72685,0.75263,-4.82629,0
-3.36785,-10.40266,11.97805,0.29344,1
5.44900,12.07454,-5.32482,-5.24151,0
-0.82252,2.62710,-2.81141,-3.78600,1
-0.39273,1.37299,-0.60965,-0.25930,1
2.44726,-4.38562,5.39967,-0.78870,0
-2.83358,-5.61208,7.77436,-0.30241,1
4.09735,-0.06973,3.07245,0.32939,0
1.58310,4.21639,1.56417,0.48122,0
0.61291,7.76892,0.03710,-1.01315,0
-0.74305,3.18185,-3.78381,-3.46753,1
0.91676,-1.38213,5.60787,0.30548,0
1.08349,9.12966,-1.76610,-3.33040,0
-1.53852,0.20371,7.30484,-1.06419,0
2.95496,10.11620,-3.21872,-4.98906,0
4.30863,7.45539,-3.04367,-1.26900,0
16.68091,24.97246,0.58695,1.80225,0
3.53836,3.39036,-0.20169,-0.55699,0
-2.86818,1.51497,-0.09293,-0.96645,1
0.85365,-3.58897,4.23431,-0.80957,0
-3.59244,8.82636,-1.25852,-6.47080,1
-0.96929,8.54742,2.79569,-2.47409,0
4.83412,-6.03105,5.43881,-0.42328,0
2.38156,3.20061,1.56278,0.54602,0
-0.62699,-5.19780,5.05217,1.47918,1
5.88352,-6.56615,4.97565,0.19698,0
-1.37733,-1.07465,3.55512,1.19150,1
-2.16088,-1.71951,2.62144,-0.30450,1
6.52071,5.20010,-3.02552,0.96368,0
2.99371,2.25787,-0.48700,-0.02403,0
-4.09326,-8.97937,12.80397,-1.01048,1
2.20302,10.86810,-2.74894,-6.25097,0
-3.65547,-9.14126,11.38608,-1.93682,1
6.23612,0.49526,-0.39511,0.47171,0
5.10251,8.38726,-1.67687,-3.03775,0
0.21017,4.87463,1.98092,-0.15530,0
3.69305,1.67557,1.55924,0.88711,0
-0.93667,12.71251,-1.20762,-4.88090,0
-3.14450,-9.06749,11.33720,0.33535,1
-1.58885,0.52575,1.62537,0.26052,1
0.43083,8.65302,-0.09043,-0.19983,0
6.19245,2.81700,-1.63424,0.98578,0
3.71627,9.43582,-3.98844,-2.45676,0
-0.50425,-3.68002,5.89478,-0.47334,0
0.52627,7.24268,1.40860,0.25374,0
6.43814,4.94772,-4.50564,-2.61987,0
2.56849,10.00125,-0.29766,-2.96175,0
3.24007,2.57703,-1.21933,0.73995,0
-2.22772,-5.96259,8.41378,0.14725,1
-2.94720,-10.57811,10.89644,-0.58013,1
-0.13040,6.86168,1.92109,-3.16602,0
-0.94644,4.45493,-2.49390,-2.93443,1
5.52880,1.51864,0.05183,-0.31954,0
-0.93947,-0.60653,2.69518,0.39402,1
1.82958,-2.77775,6.76579,-1.32298,0
2.09828,5.83435,-0.40900,-0.74498,0
-3.48409,-11.48064,14.58817,-1.46881,1
0.39974,12.35000,-1.59439,-6.63683,0
2.88212,10.31557,-0.27900,-4.24750,0
-2.26939,2.31369,6.18518,0.09248,0
-0.28124,4.82642,-3.53776,-5.11199,1
-1.27738,-5.25401,2.59471,0.62294,1
2.80405,5.42934,-1.98824,-0.25393,0
1.11516,-1.77928,7.46881,-0.18610,0
-2.53796,-8.42678,9.52422,-0.01656,1
0.27767,8.86826,-0.05255,-3.21593,0
-1.72721,-6.41280,7.02885,-0.18828,1
0.23135,1.53978,-1.97082,0.74056,1
-2.91567,-8.61007,10.67189,-0.33373,1
4.61432,-4.91299,5.21381,2.35514,0
1.19555,0.76808,4.54647,1.08649,0
5.12502,-4.37372,1.97027,1.04543,0
-1.62926,0.42735,-0.32375,-0.15894,1
2.85366,0.44173,2.68148,1.58275,0
-0.79401,1.15056,-1.36557,-0.80889,1
-1.74175,11.76566,1.24271,-5.55028,0
-1.24812,4.52236,-2.43387,-1.65153,1
-0.58192,11.25869,-1.36874,-1.86245,0
1.96907,-5.43203,5.71328,-1.41636,0
0.92223,-0.96012,5.91422,-0.30913,0
-1.96523,-0.70772,3.89340,1.47449,1
-3.26369,-6.80856,10.05675,0.00871,1
4.31231,8.98539,-2.49897,-2.29678,0
3.28385,5.06400,-0.57367,-1.01432,0
1.60111,7.12653,-0.37624,-0.53116,0
2.52091,-2.63116,6.19056,0.34990,0
1.25775,8.33509,-0.48477,-2.40927,0
-3.34734,-9.03755,10.20338,-1.40922,1
0.88359,-2.74044,6.46067,-0.02663,0
2.48330,4.09351,0.91639,0.38605,0
2.74035,-4.79265,2.64691,0.02251,0
-1.37737,-7.83453,6.62692,0.00401,1
-2.45523,-11.61265,10.77187,-1.84629,1
1.60089,-2.29879,3.87653,-1.27903,0
1.88549,6.33565,0.78633,-0.53696,0
-2.69496,-8.24908,9.11669,0.37308,1
-1.96963,-9.23451,8.10979,-1.17339,1
3.80716,1.15810,1.18652,1.38632,0
-3.44634,3.79432,-0.55116,-4.05798,1
1.07892,0.75895,-2.27560,0.26637,1
1.56785,1.49634,3.77371,0.43785,0
2.87453,4.23409,-0.41266,0.70403,0
14.82843,7.83054,-2.72379,-3.86848,0
2.55249,1.23646,5.55138,1.68287,0
1.42016,8.04807,-1.58497,-1.07410,0
-3.96278,4.29202,0.04862,-2.49868,1
-2.64632,-7.15416,11.20753,0.68048,1
0.78878,1.01080,-2.39985,-0.12248,1
-3.14890,6.34841,-0.90060,-3.89595,1
-3.41176,-8.86201,10.65630,-2.50539,1
-3.26503,5.75895,0.57270,-4.40947,1
-0.41668,-4.03327,2.16482,1.12458,1
-2.39529,11.62380,0.89508,-8.27802,0
3.91381,8.51906,-0.56998,-2.13537,0
-0.95574,-8.35759,7.79800,1.24132,1
4.68189,7.60943,-3.57119,-0.38497,0
-0.65481,-4.83077,6.21073,1.02656,1
3.47365,-5.45819,4.33118,-1.97865,0
0.74512,-2.42439,6.49587,1.21790,0
4.21840,0.79476,-0.63424,-0.10530,0
-1.08705,3.90192,2.06902,0.75647,0
-2.69361,9.44924,-0.25497,-3.69284,0
-2.23378,5.12682,-1.52320,-3.28247,1
-0.86082,2.02293,-1.57360,-0.45939,1
-1.41467,4.46370,-1.92575,-2.95456,1
4.78036,-1.78167,-0.38663,-0.05171,0
0.13716,-2.35287,1.63917,2.76490,1
-1.81479,-2.31216,1.35819,-0.14374,1
1.20228,4.56071,-4.73802,-2.95903,1
-1.18006,-2.45808,0.69282,1.14904,1
6.13624,-0.64186,-0.99316,1.42512,0
-2.26571,-7.93419,9.89455,-0.35083,1
4.19827,-3.02321,2.71878,1.84717,0
-2.00149,-5.09294,5.66322,0.38140,1
0.45946,1.81227,2.96136,-0.06734,0
1.52760,-2.20878,5.67705,-0.73658,0
-1.83095,-3.98170,3.82138,1.51543,1
0.46183,3.87905,-4.80756,-6.23906,1
-2.61220,-10.06928,13.03117,-0.61071,1
-1.27800,-0.23750,2.45117,0.33571,1
-2.05318,0.35959,-0.85699,0.50610,1
3.47458,-3.03348,6.03060,1.11581,0
0.73571,5.30343,1.44099,-0.66211,0
5.27841,0.07886,1.72848,2.25053,0
2.74178,6.14649,0.20554,-0.48476,0
1.17665,-1.54777,8.27454,0.44420,0
2.66309,-2.30157,1.33716,0.10901,0
-0.89738,-1.27450,1.11749,0.32182,1
0.88611,1.66150,-2.37584,-0.60182,1
1.65723,7.23701,-0.73843,0.35001,0
-0.91221,-0.67020,1.49315,0.63062,1
2.91306,12.10897,-1.62388,-4.30262,0
4.09529,-1.23693,3.74686,1.96631,0
-2.75219,6.61837,-3.09919,-5.71197,1
0.89810,5.75789,0.08779,-0.50148,0
-3.00489,-12.92049,13.29493,-2.36623,1
3.70155,7.53939,-1.43356,-0.55504,0
-0.29413,9.10583,2.05885,-4.18752,0
0.28083,1.76457,-2.80288,-0.76895,1
1.73187,11.15612,-0.72503,-3.23220,0
1.74804,10.04760,-0.53883,-3.56014,0
-1.87934,-8.89035,5.87325,-1.95802,1
0.33711,2.54480,-3.66279,-2.23568,1
4.19653,-2.22923,3.33758,1.82927,0
2.97114,9.36803,-2.85849,-3.53736,0
1.68208,-2.72926,4.65724,-1.12006,0
0.48258,-0.51882,-1.76862,2.22214,1
-3.12730,4.46930,-1.87136,-4.01833,1
0.25925,9.16211,0.93892,-1.72713,0
0.47276,1.39848,-2.97392,-1.19844,1
2.81025,2.80194,1.50525,0.21887,0
-3.12134,8.85468,-2.43140,-6.74972,1
3.15296,7.03633,-1.62254,-0.80503,0
3.00867,5.60622,-0.00010,0.17109,0
-7.64180,5.33297,2.63370,-3.61545,1
4.95191,11.39084,-2.35119,-3.81414,0
-0.75528,4.55596,-3.61742,-2.02138,1
3.53096,7.54530,-2.79698,-2.66905,0
2.29731,-4.57111,4.91196,-0.82118,0
1.75525,-1.45773,3.58902,-0.40453,0
-3.70105,-8.13950,10.31400,0.34247,1
3.71469,3.61768,-0.28670,0.03233,0
5.40550,0.29647,2.84190,-0.11077,0
3.60072,-0.74214,2.44085,1.67218,0
3.97309,-2.15162,-0.25195,0.29578,0
0.63094,-0.58852,5.32870,0.73394,0
-2.90505,11.43547,0.97303,-4.98483,0
-3.80756,3.39385,-0.12668,-0.79594,1
3.43369,5.32346,-1.71434,-0.33294,0
-3.60203,1.59475,0.12407,-1.18359,1
1.41904,5.90974,-3.32610,-1.49880,0
-1.49552,0.63823,-0.32885,-0.52135,1
0.05348,0.90211,5.67465,0.27646,0
2.35370,6.40443,-0.44262,-0.04617,0
3.69474,-2.60723,2.10922,-0.57109,0
-2.74237,-8.26196,11.21575,1.16911,1
1.83057,11.71333,-2.28244,-6.20767,0
4.13992,-5.26447,6.98242,0.82435,0
2.07083,2.63797,-5.02593,-2.73836,1
-4.92861,-9.38873,15.10641,-2.27042,1
-2.40096,-5.71335,4.04725,-1.51159,1
3.41479,-3.14585,8.43492,0.83796,0
0.38134,4.79289,2.53083,0.02105,0
-1.90257,-3.89056,3.77761,-0.01549,1
-0.30486,9.71712,-1.87321,-4.19061,0
-2.76364,4.53561,-0.87833,-2.46642,1
0.81004,0.93415,-2.84027,0.69434,1
-1.46390,-10.59749,10.67853,-1.32380,1
2.86887,1.97851,-4.97187,-1.80481,1
-3.41224,0.17518,3.03791,0.10714,1
4.51522,10.66561,-5.92834,-3.08808,0
3.10647,5.36709,-0.50138,-0.00723,0
3.79747,12.77220,-4.05519,-7.27165,0
-2.09220,3.29217,-1.13255,-4.01368,1
1.13804,1.73630,-3.02840,-0.47211,1
-0.51085,-6.56912,3.25926,1.69995,1
-1.81358,-5.73534,7.88793,0.53912,1
-6.02556,7.71101,0.54784,-5.26006,1
1.68075,7.54998,-0.99983,-0.09678,0
-3.40108,5.99321,-0.90208,-5.67433,1
-1.52115,9.93739,-1.09652,-3.82732,0
0.50774,10.41015,1.02569,-5.27246,0
-5.41784,5.01317,-0.57417,-6.42852,1
1.46841,4.54160,0.52178,-0.84777,0
3.10297,-2.02135,2.40441,0.98909,0
2.68654,6.50167,-2.37897,-0.49938,0
-0.40725,3.17531,-3.73551,-1.99244,1
3.49672,-1.94071,2.50215,-0.23934,0
-0.42553,-2.00951,4.85569,0.51176,0
2.45489,3.98728,1.37407,0.36416,0
4.29350,-7.07330,4.18373,-0.08830,0
6.71644,7.72595,-5.54387,-3.19771,0
1.26065,8.99399,-2.89376,-4.35033,0
-2.55564,-0.63532,1.81717,0.56558,1
6.23956,10.14921,-5.89707,-4.41896,0
4.51572,3.87943,-2.14566,-0.90028,0
-5.24085,6.25366,-0.53253,-5.21085,1
-0.85594,-0.95821,-0.01145,0.07882,1
1.34354,-0.18989,7.27234,0.27986,0
-2.49326,3.16950,-1.40471,-2.09502,1
-0.80166,-4.78257,6.73119,2.67817,1
2.15023,-1.58916,7.22628,-0.52689,0
-2.36485,3.65906,-0.82375,-2.75331,1
3.26216,-3.41251,6.53902,2.37560,0
-3.45142,-6.88907,8.53402,-2.06124,1
1.81577,-2.62048,3.83364,0.48199,0
3.61850,-0.30638,3.14643,0.92943,0
-3.12646,-6.61879,7.87483,0.56866,1
-0.18119,0.95286,7.14181,-0.88879,0
2.99241,-0.10319,5.44139,1.73429,0
-4.57175,4.86117,0.46873,-3.60412,1
3.60971,3.06167,1.35077,0.79249,0
2.34370,1.16467,3.48612,0.84820,0
-0.60393,4.74682,-2.92641,-3.83320,1
3.16670,-10.43954,5.26692,-1.50415,0
0.86903,2.13176,-3.11485,-0.12577,1
1.83623,-1.73414,3.38110,-0.56160,0
-2.97568,-13.29356,14.60496,-1.72440,1
-0.67105,3.17753,-1.91109,-0.91940,1
3.14529,7.43691,-2.35179,-0.40852,0
-2.38195,-0.07288,0.24961,-0.10476,1
1.48715,12.73518,-2.90771,-2.25854,0
-0.24878,4.42979,-3.54550,-4.44612,1
3.33318,8.87655,-3.46277,-0.97902,0
2.47783,4.43164,3.25885,0.86393,0
-1.58537,-7.31674,7.59804,1.31827,1
-6.91193,9.26767,0.42930,-5.50932,1
1.46291,5.58566,0.24392,0.00827,0
-4.15520,-8.48631,14.18060,-1.05574,1
9.64429,-9.82520,9.95810,-0.11332,1
3.07761,-7.62419,5.68569,-1.84269,0
-1.29952,-6.03573,9.50330,-1.70495,0
2.09973,-0.09720,4.22688,1.00225,0
5.54852,-4.79500,1.21197,0.47657,0
0.19235,7.48470,0.41549,-0.41363,0
-4.41706,-10.74105,14.73658,-3.25755,1
2.42902,4.82180,0.62765,0.09149,0
-1.63813,12.91498,-0.52887,-6.30011,0
3.36352,10.88754,-5.39856,-4.59632,0
0.92736,3.66233,2.80012,-0.04922,0
1.60170,2.91894,-4.17026,-0.49354,1
-1.06121,1.82999,-2.64480,-2.11314,1
-0.42334,-4.02712,6.01406,-0.97760,0
0.52220,2.37905,-3.01472,-0.82182,1
2.77472,-3.82651,2.11914,0.57595,0
1.93091,3.87430,0.84757,-0.42332,0
2.88859,-4.06273,5.54755,-0.06690,0
0.29182,8.35197,-0.78947,-2.20692,0
-0.56989,7.32473,1.22810,-1.23340,0
0.41779,1.12191,4.46359,0.54611,0
1.29910,8.67928,-1.88169,-5.01308,0
4.58613,-1.43886,3.34269,1.48251,0
1.33575,3.17323,1.48017,0.81263,0
1.75653,6.59384,-0.45995,0.05195,0
1.06809,9.14230,0.46683,-2.46656,0
-3.29947,-5.75544,7.85428,0.63530,1
2.23620,-3.09351,3.07426,0.14749,0
1.81810,0.52993,2.07213,1.01800,0
2.80501,11.24294,-3.63563,-3.69776,0
-2.55861,3.70679,-0.90921,-1.85188,1
-0.59836,-0.71792,0.80883,0.63465,1
-0.46135,9.48551,0.28733,-4.09264,0
0.50459,-4.48540,1.65325,2.54028,1
3.67361,9.36834,-2.87140,-3.40752,0
4.42014,-7.67402,4.53813,-0.12632,0
2.75089,6.86913,-1.93777,-0.25896,0
-2.12565,3.76658,-0.46087,-2.73957,1
3.50879,4.25073,-0.41537,0.56220,0
-5.26368,-17.76410,20.69847,-2.95791,1
-0.90762,-8.21900,4.47553,-1.15401,1
-2.93175,4.85848,-2.50418,-2.65909,1
1.78275,8.96287,0.47356,-2.83699,0
-5.09489,1.07355,3.45725,2.18262,1
1.22551,7.46187,-1.61187,-0.99185,0
2.98980,10.48996,-5.23163,-5.10612,0
-3.30403,-0.35870,3.07679,-0.68916,1
3.19706,8.84483,-0.48037,0.75395,0
2.35151,7.87316,-1.11796,-0.44857,0
4.38298,-1.36652,2.19535,0.60084,0
-3.75608,5.56209,-0.01224,-2.59601,1
-5.64687,4.33415,2.48639,-1.00925,1
-1.20552,1.85071,-1.17793,-0.44508,1
1.61952,7.17426,-1.91560,-0.51001,0
3.20611,10.33994,-1.51238,-2.51480,0
-1.18182,1.44773,-1.77897,-0.23310,1
-1.38350,-13.08969,12.36476,-0.42639,1
5.59042,1.19631,1.19502,2.05562,0
-0.52520,9.24777,0.89905,-4.15940,0
1.18917,5.18465,1.31213,-0.53094,0
4.93219,-4.81503,4.15784,0.01582,0
-2.66563,-9.58303,9.50979,-0.77411,1
1.86677,-2.87614,4.37113,-0.26445,0
2.74961,-5.44840,6.66548,-0.54337,0
3.48010,7.80046,-2.17360,-1.11000,0
3.00090,0.09445,3.24839,-0.34601,0
-1.95731,11.25376,1.61073,-5.01687,0
-4.49211,2.54428,1.23514,-2.48195,1
2.32864,5.87263,0.12781,0.01235,0
1.20845,2.74614,-4.88735,-1.09865,1
-1.34950,8.92295,-0.17124,-3.04736,0
3.37632,2.69173,0.31524,2.10787,0
7.58080,8.48215,-4.19879,-1.67993,0
-2.23914,-8.37761,9.28247,-0.55373,1
-1.88027,-0.87822,1.38102,-0.62874,1
-2.41428,-14.99185,14.42081,-2.34387,1
3.86991,9.75445,-4.47069,-3.07564,0
0.28393,4.85996,-3.35526,-4.60526,1
0.83059,-0.21890,-1.31279,-0.08708,1
0.32337,8.86133,2.79453,-2.09696,0
-2.59457,-9.78635,9.28578,-2.30683,1
0.22173,0.31906,-1.27232,-0.04216,1
-2.00226,-4.22255,3.84348,0.43417,1
4.79746,8.11216,-3.49028,-2.97310,0
-1.70693,-0.05880,-0.30372,1.20340,1
0.64954,10.84712,-0.82739,-2.79324,0
3.81453,-4.29857,4.27266,0.82725,0
-1.98387,-0.27491,9.35122,-0.46297,0
2.23540,5.25363,-0.91751,-0.21523,0
-2.00885,-8.71932,10.41774,-1.53716,1
-1.86877,7.46981,0.27454,-3.10384,0
3.28751,11.18908,-2.49625,-0.97174,0
2.61986,-3.68811,4.59249,0.35789,0
2.64534,-0.71539,2.35167,0.28740,0
1.31106,6.58275,-0.01526,-0.18983,0
-0.39866,11.32422,0.70481,-4.87722,0
-2.96408,3.61530,-1.88666,-2.14837,1
1.27454,9.37088,-2.02873,-3.25000,0
4.07056,1.64598,0.73892,1.24523,0
-2.18835,4.71027,-1.79206,-4.14984,1
-1.34069,-8.63477,7.27001,0.29093,1
1.17048,11.43290,-3.12753,-5.52342,0
-2.08883,1.39485,7.99428,0.00738,0
1.44213,2.88807,-5.43011,-1.91364,1
1.15333,8.61923,-0.93545,-3.73572,0
-2.81646,2.39084,0.72997,-0.88998,1
1.63642,-6.38235,7.72172,0.46910,0
-2.63161,5.20038,-2.00903,-3.92980,1
2.26101,7.26492,-1.94674,-2.45316,0
0.14723,11.86984,-1.00835,-4.59026,0
-4.07371,5.50825,-0.84046,-4.39850,1
-2.35264,-1.35005,4.16644,1.51467,1
-1.47196,0.11711,0.12778,0.66567,1
2.75062,5.50592,-0.19567,-0.03421,0
2.27276,6.51932,-0.39941,-1.09425,0
1.38746,-0.67575,3.12355,0.38891,0
-0.66419,-5.45099,3.55945,0.06296,1
-0.27054,-3.24844,2.45433,1.61908,1
-1.78545,-1.19986,2.53187,0.43998,1
-2.55451,-13.87421,13.35877,-0.51428,1
-1.69234,4.23963,-2.09347,-4.54816,1
-0.89396,-6.30203,5.65987,1.25985,1
3.38997,-3.42990,3.31351,0.56831,0
-0.57686,-6.76537,5.29528,0.69066,1
3.57234,-7.13668,7.41308,-0.10689,0
0.55024,-0.99589,6.77362,-8.06032,0
1.30627,9.30931,2.11761,-2.95711,0
0.45918,-7.41017,4.95001,2.20662,1
-1.57138,0.49871,1.08784,0.74066,1
1.34906,8.21880,-1.23095,-0.46027,0
3.22759,-5.04590,5.78265,0.49982,0
4.84957,3.43301,-1.02674,1.11216,0
-0.08201,-10.79152,7.14195,0.19980,1
5.12847,11.27069,-5.61955,-3.01648,0
-3.18676,4.18437,-0.81479,-3.98363,1
-2.07941,-0.20383,1.28538,-0.86335,1
-0.92139,12.00507,-0.30108,-5.69722,0
-3.29089,1.12088,1.62933,-0.79608,1
3.11545,10.50595,-1.99030,-3.89129,0
0.59542,2.93374,-3.04946,-1.47163,1
2.38819,2.63878,1.24105,-0.09674,0
3.29775,2.02184,1.28906,1.21762,0
4.10875,9.18037,-4.32662,-2.98369,0
2.74364,10.15416,-2.12736,-4.30612,0
-0.14732,0.31593,6.63729,-0.91058,0
-1.95378,5.04677,-2.15327,-2.70666,1
-2.54712,3.77666,-1.75026,-3.84444,1
-0.66988,5.22983,-4.00230,-3.36482,1
2.25296,7.92829,-1.21487,-0.88648,0
-0.24689,-1.32242,-0.32285,1.24829,1
1.06775,6.78668,-0.74851,0.17935,0
1.69451,10.26184,-0.38331,-2.15746,0
-4.05762,0.13092,2.49189,-0.08769,1
-2.19790,3.51395,-0.99559,-3.37647,1
-0.33668,8.61169,-1.09008,-2.87457,0
-2.72469,-8.13747,9.47380,-0.26170,1
0.16559,0.97816,-0.96113,0.47792,1
5.26812,6.38233,-3.49344,-0.54868,0
5.55514,8.48742,-5.58514,-1.93404,0
-1.10298,10.34513,0.16366,-3.38238,0
2.33681,2.31684,2.33270,0.62143,0
-2.92864,-0.31467,2.63843,-0.37052,1
1.21768,12.06325,-2.40736,-4.30085,0
5.91971,-6.38777,2.95010,0.47011,0
1.45280,9.66443,-1.63334,-4.24067,0
-0.34509,13.53014,-3.72725,-8.49916,0
0.51432,6.87068,1.74833,-0.38920,0
1.41177,-3.94828,3.51322,-1.41990,0
2.27063,-3.97285,5.23032,-1.88997,0
-2.48628,1.33906,6.90480,-0.81978,0
-1.30335,-6.81026,5.36951,-0.26004,1
-2.04309,-4.65530,5.87098,0.25054,1
3.31661,-3.62367,6.24603,0.66550,0
3.14193,-3.54294,4.87604,-0.44887,0
-1.91196,-0.40886,1.13475,-1.03311,1
3.38641,4.59717,-1.62860,0.46278,0
-1.68631,0.51422,-2.10934,-0.54854,1
1.79370,9.58482,-1.49875,-0.73113,0
3.44408,5.58811,0.05277,-0.27634,0
4.52290,2.62029,-1.08446,0.96697,0
-2.54025,-1.19871,2.44056,0.48119,1
-1.45717,-6.56879,6.39114,0.61221,1
-6.72227,8.64491,-0.26459,-6.53114,1
2.84599,0.53554,3.96414,1.55948,0
2.87119,7.47190,-3.14092,-2.24726,0
3.53656,7.29781,-4.19340,-0.14845,0
2.66873,-2.39618,2.98890,0.63020,0
-1.20056,12.32237,0.60463,-6.24583,0
5.65657,-3.70431,2.85744,1.69465,0
2.90767,-3.96599,4.09669,0.73078,0
3.78840,8.87512,-3.82234,-4.39536,0
-3.94461,-12.98900,15.17100,-2.09672,1
5.45427,7.91008,-1.41994,0.90309,0
0.81888,-3.22290,6.16385,-0.54347,0
-0.83157,-5.25111,3.88422,0.47878,1
4.62013,7.39734,-1.24738,-1.14342,0
-0.29729,3.36424,-2.71995,-3.35324,1
-3.21534,-8.20187,9.16758,-1.20358,1
-3.15241,6.23631,-1.67248,-5.12665,1
-1.52751,11.51905,-1.06693,-7.00333,0
-5.78613,8.01977,-0.67771,-6.32726,1
-1.87852,-0.95491,3.78420,2.11615,1
3.00358,-0.59796,5.25890,0.47772,0
0.86516,2.83277,-2.86931,-0.42661,1
-0.65443,-0.63255,7.05690,0.08358,0
1.65208,-1.64667,6.92923,0.87291,0
2.00512,6.43434,-0.87049,-0.99948,0
3.36334,-6.56392,6.65667,0.14689,0
4.01594,-6.06926,4.49501,0.08841,0
-1.72660,-1.23095,1.99242,0.55937,1
1.09827,3.49922,-3.82259,-2.25470,1
4.94058,10.76436,-5.86303,-4.26936,0
1.48725,10.74737,1.05067,-6.61850,0
-1.09178,3.56601,-2.58702,-1.44096,1
3.03940,1.03094,-0.14290,0.81315,0
3.61731,4.96230,-1.76716,0.06727,0
2.87604,8.07975,-5.51438,-3.54594,0
-0.62567,-4.24801,3.10572,1.99167,1
2.27986,-5.18215,5.58237,-0.15894,0
-3.88287,5.96964,-0.69093,-4.46629,1
-4.43596,2.64783,1.00165,-3.24365,1
3.03196,-4.65536,7.12037,-0.61323,0
5.71477,5.24404,-2.02732,0.72791,0
3.40558,5.33313,-0.69460,0.61703,0
-2.77284,-0.63026,3.57000,1.23503,1
-2.28546,10.05036,0.90645,7.18623,0
3.75147,7.83843,-0.78172,-2.24234,0
-2.15623,-6.08722,7.60660,0.54564,1
-1.50332,2.37408,-2.09420,-2.20379,1
-1.50277,-0.05270,1.11837,0.04800,1
1.99941,8.48904,-2.00418,-2.12139,0
-1.67511,-7.46953,7.96307,0.63272,1
-3.49243,3.99867,0.72514,-2.85805,1
1.27333,4.34429,1.23143,-0.02956,0
4.15769,-4.18750,3.11541,0.31527,0
-1.95188,-0.70631,2.91699,0.53977,1
-0.40379,0.54311,7.06260,-0.29828,0
2.91482,-0.44548,-4.02326,0.72448,1
-0.86915,10.51795,-3.11395,-5.30079,0
5.74360,-4.97846,-0.39000,-0.29192,0
2.00232,10.38878,-3.60623,-4.07740,0
3.25058,-3.24334,4.49146,-0.26158,0
5.53669,7.04806,-4.61366,-1.70954,0
-4.50140,4.05972,-0.18111,-5.00965,1
4.04790,-1.48283,3.39836,1.71712,0
3.12784,5.24634,-0.91511,-0.01616,0
2.80380,4.77339,-0.16640,0.52125,0
-4.34672,-9.72361,12.14991,-1.94471,1
3.21086,-0.22522,2.88535,1.70129,0
-0.59855,9.28035,-1.34797,-4.82900,0
-1.30716,11.36036,-2.43301,-5.89769,0
0.22437,-0.35656,0.38378,0.09043,1
1.33220,7.47824,-0.13385,-3.71982,0
5.00840,3.61279,-18.14608,8.94187,0
3.63286,10.16384,-3.44106,-2.56323,0
3.00923,-2.72505,4.15369,0.47579,0
0.91367,-3.36615,7.87740,-0.30645,0
-2.86164,-8.19820,10.43691,-1.40182,1
2.07021,8.08755,-0.94119,-3.52943,0
4.06695,6.06583,-1.41067,0.25662,0
-0.23299,9.33218,0.79369,-2.43672,0
0.46161,9.53956,-2.24963,-3.23249,0
-2.07995,12.58838,1.08770,-4.79220,0
4.16042,8.11364,-1.02160,-0.59404,0
-3.01202,3.92500,-1.73156,-4.78785,1
2.77827,3.16539,1.12053,-0.12849,0
-0.04330,0.80238,0.90562,-0.39724,1
2.37836,3.36026,2.23507,-0.46529,0
-1.25517,-8.45482,7.66544,-0.19724,1
3.26261,-0.89293,5.61007,0.61453,0
3.30691,8.75661,-1.21066,-3.50570,0
1.99839,-2.55805,5.29043,0.68186,0
-2.36016,-10.76978,9.35944,-0.77521,1
0.23022,1.93527,-2.99701,-2.67788,1
-3.85252,-13.07019,16.36380,-2.76316,1
1.63583,4.15823,2.91740,0.01540,0
2.55585,6.58439,-2.43818,-0.90389,0
-3.85363,6.41852,-0.82694,-4.47686,1
-2.86094,-7.12141,9.59307,-0.16342,1
-2.69713,-0.12755,-0.18848,0.38887,1
8.54752,6.25261,-2.01355,0.99935,0
2.73693,9.34577,-3.05947,-2.71984,0
2.32302,10.90002,-1.92031,-4.10878,0
-1.75624,-1.61589,3.15194,0.23783,1
4.71676,4.34579,-0.94691,0.54011,0
3.09009,4.96785,-0.24783,-0.65704,0
-0.92590,-0.65166,1.67473,0.58082,1
2.62950,4.83464,-0.01230,0.30498,0
1.81560,7.85270,-0.14357,-2.88020,0
3.72319,1.59662,0.65914,-0.51535,0
3.24602,8.82340,-2.38879,-1.91008,0
1.47555,2.92446,-4.89588,-5.17828,1
1.18572,-2.68099,4.38775,-1.01000,0
2.63628,2.32844,1.35903,1.30046,0
0.61196,8.11127,1.13750,-2.07665,0
1.83978,-4.78040,7.60656,0.17359,0
0.84135,10.73546,-1.73034,-4.84061,0
-1.04303,-0.94875,1.73932,0.54488,1
-1.66381,1.61793,-1.74459,-0.96772,1
-1.42548,1.42614,0.55418,-0.27786,1
-1.31838,0.24767,-0.29556,0.78991,1
3.34490,-2.48203,1.77911,0.96553,0
0.43114,-2.62685,7.97777,0.85215,0
2.02667,0.32928,1.77194,0.22842,0
4.63032,2.19608,0.86013,1.92915,0
3.37431,0.60706,2.86735,1.39106,0
4.55568,4.75854,-0.77000,1.16012,0
2.91615,8.77148,-0.96486,-1.15113,0
2.97360,12.00363,-2.27726,-5.62622,0
-0.47319,6.79665,2.51548,-1.24637,0
3.55530,2.08177,1.09025,-0.54138,0
1.41465,-23.91653,2.83919,-8.42799,0
4.29551,4.02169,-2.19361,0.06873,0
-3.51246,4.17258,-0.75144,-3.78944,1
1.87206,9.35320,-2.38271,-2.42280,0
2.06164,-2.33048,3.39209,-0.67013,0
-0.10279,-1.07353,0.79321,0.16619,1
-3.15287,4.49060,-0.89593,-2.71040,1
-1.22592,0.65723,-1.00954,-1.21473,1
-1.95224,3.04937,-1.31280,0.48788,1
-0.83709,-4.14035,2.48895,1.05440,1
-3.59113,-7.33765,11.49825,0.69372,1
-3.26220,-1.16800,2.56992,0.47731,1
4.14616,-0.88365,2.88368,2.54290,0
2.54099,2.32822,0.09685,0.57143,0
-4.14901,-7.68565,8.75391,0.89577,1
1.62867,3.03166,2.62200,0.35089,0
4.73649,2.90565,0.72485,1.74535,0
-1.44407,2.78195,-2.91618,-4.05555,1
-0.07229,7.75134,0.53220,-2.36000,0
-1.37224,-8.17956,6.01926,0.47643,1
2.83940,2.94690,1.44090,0.15695,0
-0.52479,0.00720,8.96598,0.45987,0
-0.60658,3.71043,-2.32712,-2.19334,1
-0.86183,8.22990,0.00763,-3.61659,0
-0.41964,0.76946,-1.96387,0.25930,1
-1.36221,-4.26504,2.09506,1.72111,1
3.36866,4.05229,0.40000,-0.06681,0
3.87636,-4.61908,2.55918,-0.22253,0
1.05886,6.54317,1.11952,0.57501,0
-3.61608,-6.82110,9.23039,-1.02763,1
2.04922,0.49075,-0.12721,1.35605,1
-4.94403,4.55068,0.01309,-2.39651,1
-2.15650,-9.00159,8.66820,0.84304,1
3.91728,4.80077,0.09308,0.05224,0
-2.89177,10.75296,-0.30864,-6.48906,0
-4.14336,5.49873,-1.62608,-5.23431,1
3.63698,1.23025,2.14342,1.42576,0
-2.89312,3.32715,-1.76396,-2.83429,1
3.19737,-5.90040,7.00742,-0.92142,0
3.05244,9.24176,-1.03956,-2.47192,0
1.04805,-2.94630,5.13705,-0.82620,0
2.21842,0.42638,1.05840,1.04108,0
-4.75274,-7.60787,12.12209,-0.31714,1
4.39235,-4.29071,4.38134,-1.27104,0
-0.13640,2.05102,-3.96946,-2.84607,1
-2.37990,-5.72456,5.74394,-0.64052,1
0.26567,1.14830,-2.20763,-0.78875,1
5.20980,10.62142,-3.98838,-3.55785,0
-1.02870,3.32265,-2.35340,-1.99327,1
2.33347,10.12472,0.41386,-2.72769,0
0.14665,2.29937,6.75458,-0.24878,0
0.95853,-0.63578,6.59939,-0.49554,0
-0.66379,1.91180,-1.86665,-0.19483,1
-2.27198,-10.30987,10.66497,-0.39605,1
-2.74680,-6.82725,8.98759,0.44275,1
0.33315,9.26831,1.20141,-3.10471,0
0.38537,2.05200,-2.85472,-2.35207,1
3.24062,5.30905,0.58614,0.10848,0
3.24425,-4.45122,0.82311,-0.52891,0
4.40378,7.35528,-0.06745,1.11153,0
1.68130,4.85646,-0.07578,-1.18916,0
3.65159,3.56474,1.05226,0.84158,0
-1.62677,1.51205,-0.98561,0.60611,1
-2.83284,-5.04289,5.37900,0.11203,1
4.28044,3.36437,-0.15610,0.88988,0
2.05857,7.42718,-1.26374,-0.96498,0
0.30776,8.38736,0.12832,-1.25078,0
-0.31428,1.94438,6.12793,-0.16370,0
-1.68994,1.10650,-0.54032,-1.00797,1
-2.13883,11.52556,-1.28502,-4.97399,0
2.25826,10.62606,1.12171,-2.80005,0
2.41716,-0.38273,1.11581,1.45979,0
-1.14934,-3.30479,3.81621,0.89767,1
0.03499,-2.55172,4.30270,-0.47728,0
0.99107,4.62657,1.80097,-0.51816,0
1.87010,3.26783,-4.51307,-1.78250,1
2.92255,3.49180,-0.26106,0.05305,0
0.28880,1.87842,-1.51045,0.47932,1
-0.66183,2.51643,-1.68027,-0.14948,1
1.96775,-3.25540,5.87203,-1.15266,0
5.24747,8.08774,-4.58163,-3.41558,0
1.17201,1.42988,3.56857,0.77176,0
-0.36076,0.15155,0.28973,-0.18183,1
1.79234,8.65597,3.05222,-1.37274,0
0.05025,10.16250,-0.38520,-4.98154,0
4.53296,-2.31459,1.82330,0.90455,0
5.21801,2.75633,-0.88038,1.41915,0
4.48270,6.87192,-3.70891,-1.38213,0
4.52818,5.54400,-1.95093,0.05757,0
1.99597,1.08837,-4.64786,-1.09687,1
-2.35562,-4.70407,5.78232,-0.29151,1
2.57162,7.74360,-2.04689,-1.50494,0
2.70161,-1.14123,1.78899,0.51347,0
3.08819,4.45266,-0.07753,0.13668,0
-2.87289,1.21083,-0.00350,-0.75043,1
3.53581,8.33827,-3.10972,-2.18483,0
2.14152,1.65928,-4.02717,-0.09058,1
1.64156,-4.87947,9.73354,-0.40203,0
-0.92685,2.29039,-2.05833,-3.12115,1
-1.41666,-2.10303,1.61976,0.27703,1
4.29631,4.88201,-1.52499,0.51333,0
3.10340,-0.04314,2.04207,1.79475,0
-4.49768,7.04131,-0.42992,-5.40894,1
0.75893,-0.17690,-0.72913,0.34352,1
-4.58464,5.30313,0.80768,-3.70533,1
5.46680,2.70293,-1.33818,1.33690,0
3.62364,-4.55648,5.96948,-0.37266,0
2.43734,2.63406,-5.29366,-3.06904,1
2.43177,10.57843,-3.44531,-3.53142,0
-0.99175,-0.20661,0.02858,0.16062,1
1.91532,9.36614,-1.31706,-1.20024,0
0.07133,7.03140,0.25785,-1.61108,0
-2.32314,4.29420,-1.25456,-1.38523,1
-4.58445,7.17728,-1.56431,-6.92103,1
-2.75865,1.83483,-1.00015,-1.43846,1
-2.66075,0.31761,2.05537,-0.21587,1
-2.04179,5.47973,-2.86881,-3.89029,1
2.13929,4.07735,-5.05891,-2.08332,1
1.92573,-3.38885,6.53655,-0.20505,0
-0.46910,-7.01079,4.22063,1.93051,1
-3.36146,6.77168,-3.01571,-5.51832,1
-1.43583,10.45226,0.26513,-6.58052,0
-0.79370,9.95104,1.87818,-5.37421,0
2.33374,8.36570,-0.66573,-3.33589,0
0.48818,-1.10466,6.42187,0.51480,0
-0.47647,0.59687,0.31049,1.54902,1
-0.20251,0.94374,6.12016,0.41436,0
-2.56850,-4.17011,5.45111,1.15320,1
3.39380,-1.32342,0.83513,-0.89005,0
-0.87021,-1.76429,0.91218,0.56555,1
0.94734,1.27636,-1.66967,0.09183,1
-1.23487,3.76985,-1.95680,-3.28861,1
-0.60243,5.84081,1.42275,-0.97742,0
-0.52229,1.56100,-2.64069,-0.74127,1
0.49223,7.50064,-1.13803,-2.85492,0
1.12839,12.03715,-4.38971,-6.48047,0
2.38962,4.58576,0.96189,0.36463,0
-0.96400,-7.97910,6.85751,0.74363,1
0.22466,-2.89730,6.57781,0.18117,0
3.15170,6.46886,-1.52923,0.12521,0
0.83683,9.07755,1.99637,-3.09923,0
2.88570,-6.83190,3.51690,-0.81328,0
5.25681,-3.82270,4.41526,1.62238,0
0.76551,8.72027,-0.88313,-2.33380,0
-3.34488,0.28261,1.37458,-1.19336,1
2.90465,6.58719,-3.18915,-1.67671,0
-1.05841,2.51457,-2.25500,-2.25190,1
0.30339,2.17323,3.23993,0.17021,0
2.61750,4.95829,-1.77650,-2.28889,0
5.45206,-4.44716,2.31220,1.66839,0
-2.75441,3.02360,-0.20577,-3.45110,1
3.61585,12.15432,-6.17653,-5.66492,0
-3.50037,4.25174,-0.45076,-2.76012,1
-1.14546,-0.93495,1.95889,0.74746,1
-2.70313,-12.74462,13.38366,-2.23912,1
-4.04189,6.88294,-0.02779,-2.80132,1
-1.52339,-0.29611,1.04244,0.94008,1
2.83116,1.38100,1.92129,0.97207,0
-6.86276,6.41648,1.05886,-2.84859,1
3.72886,-0.38736,1.19847,-0.42873,0
-0.03956,11.60304,-0.71645,-6.52561,0
-0.76409,1.37114,6.84483,0.20145,0
2.99362,9.90018,-2.49914,-3.44739,0
-0.05454,4.60476,-4.68053,-3.76141,1
2.73801,10.81992,-0.30419,-3.90644,0
0.77190,8.32127,-0.81713,-2.86165,0
3.36727,7.51058,-3.51184,-0.93047,0
-2.88392,5.40956,0.10795,-2.34260,1
-2.71696,0.56861,1.47363,-0.15700,1
-3.82950,-9.82310,12.32229,-1.16557,1
-2.22748,-11.42286,9.95053,-1.18935,1
0.58876,0.23975,2.56696,-0.03579,0
3.81122,-2.20174,3.43768,2.18183,0
-3.61384,3.45844,0.33414,-2.38334,1
0.42868,0.73698,-0.81910,0.18237,1
-1.15449,1.80668,-1.04356,0.55441,1
2.75249,8.82783,-2.06397,-3.29819,0
0.43802,0.92391,-1.25303,0.17701,1
-4.95442,-9.35082,14.32183,-2.68914,1
0.91023,8.87010,-1.16122,-3.32147,0
-1.53971,5.87406,2.00013,-2.66163,0
1.91624,9.39753,-3.28996,-4.71323,0
0.74078,-0.28991,3.79869,0.77852,0
1.48844,9.90286,0.08724,-3.06478,0
-1.88659,-1.07281,2.36197,0.06208,1
0.97211,-1.02801,-0.26007,-0.79917,1
3.06111,8.45409,-3.66331,-3.63663,0
-1.10451,6.26388,-3.79081,-5.49086,1
-2.66072,-8.26659,9.61048,-0.83538,1
4.09792,7.15735,-2.50186,-0.02417,0
0.83787,-0.64904,5.06803,-0.62607,0
-0.10397,5.72453,1.61293,-0.84749,0
-1.18052,9.11562,-2.12094,-3.56078,0
1.47830,-0.07896,7.63683,0.91367,0
0.55142,-0.11002,-3.15929,-0.61605,1
4.42307,-3.65975,2.06626,-0.32106,0
-0.06871,0.14890,-0.22550,0.58177,1
-0.14786,3.73826,-3.41298,-1.98977,1
-3.06312,2.72988,-0.18346,-2.49212,1
-6.04065,9.29789,-0.57629,-8.48305,1
4.79547,9.32622,-4.20812,-3.49653,0
-1.61192,7.28783,1.90376,-2.33365,0
2.29279,7.95399,-1.98726,-0.76361,0
1.96440,-1.29013,3.85428,0.00847,0
-0.82223,-0.36885,1.34168,0.46177,1
2.44285,10.46725,-3.27358,-1.19433,0
-0.19585,2.89902,3.80054,-0.14959,0
-4.00236,4.54005,0.11761,-4.45757,1
1.21962,9.79790,-0.21577,-3.51066,0
-3.01348,-11.27176,10.78355,-2.43550,1
1.04078,-0.62197,-0.74712,1.62783,1
-6.34282,5.74989,1.52675,-4.86341,1
-0.60280,8.32944,-2.87961,-1.85184,0
1.84774,9.25091,0.84306,-2.55286,0
1.91361,-0.37020,3.31036,0.22843,0
-0.67202,6.63612,-3.89319,-3.39957,1
-4.64041,6.58442,-0.89914,-4.23213,1
-2.66501,-10.58077,11.68089,-1.63985,1
-1.47311,-7.45425,6.57666,-0.70441,1
3.89637,2.15819,0.34163,0.71419,0
3.71042,1.48634,1.18262,1.74824,0
-1.58336,5.49051,-2.00485,-5.73793,1
3.23215,1.29931,1.42845,0.63759,0
-3.91756,-3.15963,5.88314,0.79324,1
-3.04735,-7.76328,7.99636,-0.85699,1
1.65814,6.30710,0.29818,0.30704,0
-6.17385,4.98118,1.07192,-3.18506,1
2.77653,9.00728,-2.46915,-1.81564,0
-8.18803,6.39837,2.70180,-6.03141,1
1.77011,4.01544,-5.05809,-5.06319,1
-1.84182,5.20062,-1.86411,-5.49722,1
-0.41249,8.49944,0.84524,-4.55592,0
1.72559,-1.12811,3.91302,0.52311,0
-1.64729,0.57686,1.87226,0.02879,1
3.30994,8.06784,-4.69842,-1.28975,0
-0.42414,10.54859,0.84079,-3.69621,0
-0.70805,-1.09632,-0.25293,0.05322,1
-2.57112,-6.04238,5.61527,0.21364,1
3.14245,-4.45318,5.34398,-0.67048,0
2.57771,-1.22910,2.01970,0.86106,0
-13.60666,3.84737,-1.56782,-12.32174,1
3.34380,11.92753,-3.94256,-1.32357,0
-0.74756,0.56813,-0.61048,-1.14411,1
-0.10250,10.12855,1.38936,-3.97613,0
-0.72915,12.59148,1.01794,-6.98989,0
3.65015,1.58307,1.40476,0.58330,0
-0.72021,8.02259,-0.25760,-4.12872,0
-1.12517,6.34296,-3.19629,-4.01051,1
-2.64291,-11.46666,9.99923,-1.79787,1
2.38952,-4.74660,4.60859,-1.21036,0
-4.71296,6.96236,-0.79983,-6.09058,1
-2.19786,-6.67744,8.50159,0.65211,1
-5.97584,6.63952,0.22537,-3.68355,1
2.45622,4.09357,1.31083,0.44492,0
-1.19274,-6.27685,7.04630,0.33710,1
5.09034,7.91177,-2.81362,-1.23667,0
1.83286,0.53927,-3.28909,-0.21114,1
1.88685,0.40508,1.00115,0.61843,0
1.17470,5.14412,1.27852,1.41224,0
-0.91292,8.02230,2.93041,-3.08949,0
0.49830,6.06266,1.96864,0.19370,0
-2.59308,-7.87460,7.82196,-1.13035,1
3.00157,0.48810,2.11973,1.01821,0
-1.52783,-0.39931,0.19345,-0.10222,1
4.65361,6.31175,-2.75364,-0.04598,0
1.77495,-1.30059,3.88204,0.07519,0
3.46695,-3.80099,4.66130,1.93189,0
-0.70074,-2.65269,5.90110,-0.69523,0
1.08752,2.72788,-3.55150,-0.14948,1
-1.49557,11.70947,0.52817,-6.08449,0
-4.56700,-10.64997,13.64158,-1.82545,1
-1.06875,-6.78891,4.98727,-0.53765,1
-2.23150,2.36997,-0.21237,-0.57121,1
-3.84814,6.36953,-1.39165,-3.21318,1
6.10259,8.91207,-5.76922,-2.54764,0
-3.18205,-11.66285,14.97931,-0.95215,1
-0.25966,7.11241,1.06773,-1.45757,0
-3.37668,0.25100,0.66297,-0.37351,1
-1.08332,4.19044,-2.88082,-0.84067,1
3.56155,2.12384,0.10065,-0.05973,0
-0.94952,2.93085,-1.10257,0.42642,1
-3.16153,-7.76343,7.58363,-2.03124,1
-3.21890,-9.19208,9.41045,-1.50378,1
1.82015,-4.83587,3.82882,-0.66551,0
-0.31808,14.27357,-3.37459,-2.42502,0
0.13180,1.77775,-2.03720,-1.46949,1
-0.51171,6.46798,1.19388,-3.82285,0
-1.65666,-8.16315,8.61273,-0.66252,1
-0.42153,2.88707,-1.69071,-1.16646,1
3.03157,4.27108,-0.50120,0.59898,0
-6.19084,2.03130,1.67185,-2.04833,1
-2.20167,-4.53599,5.27658,-0.44435,1
-0.97183,-0.34928,0.03499,-0.43772,1
-5.14519,6.69035,0.16826,-4.71219,1
2.16732,3.53582,-5.54284,-4.90515,1
4.69629,-4.21223,2.63764,-0.40021,0
4.14711,8.51184,-4.78740,-2.48841,0
-2.00208,-19.56894,-0.68357,5.83571,1
2.21428,10.87065,-4.40066,-4.22334,0
0.87391,-0.71025,4.06753,-0.32418,0
3.48965,5.03227,-1.23811,0.81121,0
1.68060,6.61731,-2.99716,-2.75071,0
-2.92113,-8.48851,9.42337,-2.01789,1
3.52974,9.31501,-1.33135,-2.66044,0
-3.60167,-6.07731,9.36830,-0.70486,1
4.97601,-4.02097,4.64873,0.90633,0
-1.73790,-0.48874,1.48146,0.95582,1
-1.38524,-1.21471,1.77127,1.00429,1
-0.35468,3.39652,-3.47939,-1.56760,1
-0.90576,3.68739,-2.95725,-2.99897,1
0.58830,10.02588,-0.82552,-3.45664,0
-0.75184,-0.53637,-1.11068,-0.59868,1
-2.55224,-0.16438,0.32352,-0.29761,1
-6.28796,6.09520,1.33840,-2.81805,1
1.93881,6.66386,-2.14387,-2.47537,0
3.96722,9.32997,-4.80823,-4.04431,0
-1.72980,3.25303,-1.72522,-3.31819,1
1.41308,8.43505,-3.29100,-3.41800,0
-1.48128,-0.80078,1.65326,-0.00956,1
-1.84517,3.63974,-2.85226,-4.51303,1
1.20752,4.84877,-5.10428,-5.64152,1
6.27701,-4.99225,1.81635,2.97984,0
-0.51328,2.05074,-1.80894,-0.75904,1
1.47668,9.33584,0.25738,-3.03634,0
3.12851,6.65008,-1.60928,-0.24759,0
0.98141,-4.95133,6.56659,-0.43365,0
5.66491,6.03960,-5.01177,-0.39752,0
1.70941,8.19878,-2.52976,-2.06420,0
-6.27717,5.62194,2.08481,-5.36002,1
5.14910,2.82398,-1.36084,1.58444,0
-4.37808,-9.80875,12.36786,-2.01475,1
-5.71133,5.84696,2.00872,-2.95729,1
3.19856,7.26290,-0.91622,0.13403,0
1.28039,5.81508,1.31442,-0.68425,0
3.97674,-4.06016,3.77947,1.30955,0
3.24180,-2.31326,3.02042,1.29804,0
-1.09812,3.49602,-1.75157,-3.59792,1
-0.91401,3.73345,-3.05938,-3.16746,1
2.84628,-1.67378,4.21716,1.62701,0
0.12019,-2.30866,4.15804,-1.53953,0
1.74646,5.02210,0.79329,0.76155,0
-1.75774,1.45979,-0.62292,-1.44410,1
3.38019,8.15073,-4.80939,-2.66037,0
0.00093,12.94130,-3.14358,-5.86556,0
-3.47168,-7.74429,9.70645,-0.33084,1
-0.89060,-0.82721,-18.15237,-9.23777,1
0.06329,0.99658,-2.22207,1.21800,1
-5.71198,6.62837,0.95645,-3.34102,1
-4.41938,-2.86629,4.57729,1.69423,1
1.21846,8.23364,-1.77881,-0.98074,0
-2.15184,9.75009,0.86247,-3.56222,0
2.55999,3.36334,1.44992,1.05157,0
2.81718,8.01733,-1.34444,-1.62778,0
-2.16729,-6.01260,7.54352,0.88093,1
1.59321,9.00786,-2.26527,-4.24696,0
1.89324,-1.34929,3.78596,-1.17482,0
-1.14949,-1.52896,1.38678,-0.15639,1
-2.60413,-5.45450,4.24329,-0.68780,1
-1.78825,11.78958,1.09309,-6.99799,0
4.09776,3.69038,0.99070,0.71125,0
-0.47001,0.58868,4.90042,0.07752,0
3.74113,1.54083,2.65440,1.21327,0
-0.51663,0.34725,5.55991,0.47626,0
0.53714,2.02746,-4.03034,-1.18329,1
2.46100,-5.64375,2.92856,-0.68673,0
2.06801,5.75980,0.28667,0.77228,0
2.66868,-1.26135,2.53759,0.54638,0
2.10758,-3.03912,5.62052,-1.16208,0
4.94275,5.44982,-5.27965,-0.76444,0
-3.57758,-8.42492,10.15920,-0.46610,1
4.22698,-4.58391,5.40785,-0.52713,0
-2.90780,-7.37784,8.21012,-0.26330,1
-0.41526,1.92293,-2.10595,-2.89335,1
-1.16408,-1.07824,-0.04287,0.63222,1
3.52237,-2.09278,4.35578,-0.48501,0
-3.30748,-4.62110,6.68488,0.87966,1
1.38620,6.39355,0.52011,-0.25371,0
-4.21516,4.66739,-0.86092,-3.79919,1
4.38616,8.77521,-3.98821,-4.24100,0
1.66220,-0.84341,4.26335,-0.67493,0
2.74180,4.61445,0.32121,-0.70109,0
0.65436,1.37228,5.43051,-0.37420,0
2.29114,10.34380,-1.10966,-1.28120,0
6.25849,10.70877,-3.97373,-3.29743,0
3.94902,4.87733,-17.59169,9.15054,0
-3.95139,5.78409,-1.08789,-8.57104,1
-3.12698,-11.96805,15.20343,-1.08583,1
2.44196,9.77241,-1.96522,-2.83856,0
3.37579,7.54163,-3.09827,-3.74089,0
-5.39872,4.60388,0.12681,-6.10496,1
2.38896,8.45681,-1.56326,-0.55959,0
5.13712,-5.25322,4.92895,-0.34899,0
4.49265,1.14206,1.24201,2.30384,0
-2.37268,-1.64704,2.07612,1.37463,1
2.44396,0.15965,1.99052,-0.27738,0
1.83736,10.29774,-2.19829,-1.96264,0
1.33183,7.81316,0.17081,-1.40782,0
-0.69211,3.13034,-2.63331,-2.30680,1
4.38397,8.87771,-4.41975,-0.62382,0
-1.17323,-0.27745,-0.38418,0.26208,1
2.57223,5.11995,-0.75616,-0.28080,0
1.30878,4.09335,1.98602,0.32686,0
-1.77787,-9.63705,7.94020,-1.12182,1
-1.44105,10.22259,-0.14935,-4.76930,0
-0.46893,3.24600,-1.94089,-0.40984,1
0.44645,4.25725,1.85884,-0.57526,0
-0.82952,-2.56840,10.46631,0.15139,0
-2.46523,11.37334,2.38645,-6.33311,0
4.29938,-5.69430,2.32797,-1.03362,0
1.31311,2.45683,4.55335,1.39891,0
-0.90701,-6.34753,6.01083,1.61952,1
-0.05595,9.14246,-0.10416,-4.83025,0
-2.78802,5.05031,-1.86002,-4.01681,1
2.23412,6.77708,0.05452,-2.43641,0
-0.08759,0.78466,-3.19662,-4.20236,1
-2.19873,1.01020,0.62544,-0.25602,1
4.84715,8.23854,-4.06087,-0.81327,0
3.25362,-1.67692,3.22017,0.23246,0
-0.25739,8.38473,-1.78382,-3.49189,0
-0.37596,0.26623,0.00057,0.29715,1
-1.09007,-2.32507,2.50583,2.01896,1
-0.92513,-2.47836,2.28475,1.52835,1
1.65031,5.48902,0.43611,-0.57533,0
3.89803,3.43149,-6.92809,-0.97755,1
-3.70445,-7.61940,10.81401,-0.88609,1
7.18385,6.71208,-2.59320,-1.22901,0
0.84391,-3.11988,5.86223,1.07032,0
2.78632,8.31036,-1.90604,-3.49119,0
-0.42215,1.39290,-2.70431,-1.68195,1
3.18062,6.08083,-1.25311,-0.98675,0
3.23900,3.20936,1.05830,0.77817,0
4.32766,2.94796,-1.73456,0.52119,0
2.07543,5.13208,0.92546,0.66723,0
4.61499,7.76901,-6.37705,0.19254,0
1.79792,7.78359,-0.88410,-0.52343,0
-1.36249,-0.12887,0.12794,0.81269,1
6.10771,-0.86191,-0.57806,1.41470,0
-2.84098,-8.60052,9.74736,-0.57748,1
-5.24377,4.49709,0.44890,-1.87883,1
-1.64854,-1.76747,6.91870,-2.12809,0
-2.61123,-9.53832,7.58507,-0.68398,1
-3.17527,1.92242,0.24632,-1.75505,1
-1.53588,6.53424,-2.65813,-2.83816,1
5.00290,2.23470,-0.69055,1.44819,0
5.56336,-3.26884,2.28699,0.06605,0
3.65701,7.90536,-3.77018,-1.53768,0
1.35974,5.56701,0.01963,-0.62859,0
-2.17522,1.15841,-0.34137,-1.71454,1
-4.94385,-10.32418,13.51917,-0.75767,1
-0.82840,3.98933,-2.64835,-2.84346,1
1.99216,-0.52865,4.08569,-0.41308,0
-5.49303,6.96014,-0.06784,-5.26193,1
0.27181,7.18426,1.11710,-4.08773,0
1.37859,-1.41241,8.28437,0.65114,0
-1.87933,2.53901,6.30618,0.40220,0
-2.04346,1.42793,-0.30987,-0.31769,1
2.83667,8.35100,-1.17861,-2.32422,0
2.72890,4.37150,-0.56245,-0.15469,0
2.75285,2.61104,1.08591,0.02052,0
0.24390,1.12462,-2.66643,-0.10413,1
-7.11123,6.40167,0.86566,-5.02093,1
1.09639,8.92585,-1.02229,-4.69665,0
2.32305,-1.98863,3.54919,0.48649,0
4.73905,7.11095,-2.01614,-1.40801,0
-4.37043,-10.57397,14.36252,-1.65457,1
0.40727,9.86509,0.16086,-5.30101,0
2.21978,4.19703,1.29523,-0.24099,0
-0.17322,0.13742,-0.92231,0.23403,1
-0.69311,1.80788,-1.86874,-0.85083,1
1.85403,1.15933,-4.67358,-2.29291,1
4.82230,-0.54240,0.67009,1.35578,0
-3.57497,-9.04168,12.00763,-0.60746,1
2.38516,-0.09828,2.66752,1.23985,0
5.62855,7.57519,-3.83254,-1.53165,0
-2.89010,8.55173,1.24013,-4.10905,0
-2.94047,-6.36433,8.06913,7.64042,1
-2.61139,3.83992,-1.35906,-3.32719,1
-1.04680,-0.13666,-0.13423,-0.11160,1
-1.47265,-0.15837,0.85494,0.83375,1
3.26372,1.66467,-0.32167,0.30298,0
-1.13018,4.82018,-2.48711,-3.06432,1
3.08109,8.76344,-3.44609,-0.51067,0
-1.35218,-4.64038,3.23935,0.69933,1
4.57198,-0.90779,-0.10449,0.64337,0
-1.26957,10.17060,0.57215,-3.63300,0
-1.33586,3.68409,-0.84873,-0.26291,1
-2.34277,-10.92289,11.68531,-1.14490,1
-3.13825,2.67754,0.11058,-2.16108,1
-1.39700,-4.61848,4.18516,1.28179,1
4.19690,10.33596,-6.00251,-3.43872,0
2.14733,9.63235,0.25673,-3.97218,0
-2.28409,0.23607,0.44699,-0.25585,1
2.10165,9.30332,-0.14388,-2.22150,0
4.47573,6.80081,-3.51380,-0.10559,0
-1.53036,-0.55956,2.07800,0.42273,1
-2.86218,-14.72618,14.08569,-1.72982,1
-0.17692,5.69858,-3.19758,-6.21923,1
1.59215,6.10546,0.25387,0.48989,0
-0.23415,0.48129,-1.31225,0.19957,1
0.69887,6.49996,0.36683,-1.69070,0
-2.17814,0.17975,1.22219,-0.15180,1
0.30584,10.32621,-2.06855,-3.96223,0
1.79399,-4.17317,5.27405,0.33723,0
0.50379,0.78650,9.58407,-0.53569,0
11.91816,4.70639,-2.93380,4.35874,1
2.03086,6.42966,0.10318,-2.02503,0
1.00124,8.29419,0.23561,-3.42654,0
4.64048,-5.83827,7.39084,0.34009,0
3.79889,-3.03271,4.13502,-0.43309,0
2.32444,-5.11184,3.73061,-0.33003,0
0.28381,-4.26361,8.51727,-1.21629,0
3.47183,-0.98664,5.12417,1.24907,0
-0.87095,9.32675,1.19320,-3.11055,0
2.24451,3.56509,0.98066,0.14874,0
-2.98741,5.45977,-1.19022,-5.86246,1
-4.51574,8.40862,5.51710,-3.76284,0
-3.88857,-1.15768,2.56421,-0.56898,1
-0.56947,-0.47656,5.80585,0.49582,0
-2.45788,-2.32974,2.35671,0.84813,1
-0.45258,-0.06402,-0.80698,-0.59112,1
-5.19842,-3.39589,4.53333,0.14146,1
0.02064,8.76144,0.85092,-2.43065,0
-2.88548,-0.24574,2.12341,0.41594,1
4.97412,5.69102,-3.16506,-0.27289,0
6.00866,11.67101,-6.02187,-6.32232,0
-7.31859,2.10084,0.81195,9.14143,0
2.53063,-3.04483,1.97295,-1.36964,0
4.78632,2.83687,-0.09246,0.32292,0
1.94558,4.97123,-0.25921,-0.34703,0
1.79600,-1.48008,5.25704,0.33186,0
-4.88339,6.40843,0.41211,-4.36043,1
-1.02596,3.60303,-1.45331,-2.46352,1
-4.55557,-12.18839,15.06397,-1.71540,1
4.16339,2.27294,0.14771,0.94050,0
-1.72594,-1.20383,2.01890,0.17049,1
3.13749,9.53429,-2.55734,-4.41761,0
0.80873,9.33581,-1.47012,-4.05659,0
-0.19503,-1.82168,7.33823,-1.48946,0
2.19748,3.03034,1.18229,0.33876,0
-3.19631,3.78073,-0.69317,-4.89971,1
-1.20208,4.85129,-2.26462,-3.58209,1
-0.84433,2.25452,-2.15483,-1.42979,1
-0.62041,3.08460,-2.06586,-1.53474,1
-3.02681,-2.03542,3.22196,1.36038,1
3.03061,10.87353,-4.99997,-6.01533,0
-8.69252,8.89758,2.20865,-5.87360,1
8.90850,-8.63284,24.33819,-1.24917,1
1.87677,4.80913,0.88365,-0.07777,0
-0.63778,1.00353,-2.16584,-1.73963,1
1.14511,1.93928,-3.63945,-0.51766,1
3.45946,-0.92970,4.66214,0.37770,0
-1.93878,-2.20910,3.96332,1.53257,1
0.45149,1.61368,3.02353,-1.09986,0
-1.97279,4.50404,-2.31501,-1.85790,1
1.27022,10.53667,-2.44573,-3.77527,0
1.70751,-0.75915,2.52436,-0.29601,0
-1.39248,10.63762,0.55911,-5.14900,0
2.38598,5.66073,-0.97245,0.51652,0
-2.49272,-12.71076,12.15812,-1.05349,1
2.58229,7.20978,-0.60007,-2.20688,0
4.28626,8.79182,-6.77463,-4.98293,0
-1.18371,8.04555,2.69169,-2.15640,0
3.52120,4.32405,-0.84151,-0.26477,0
0.04912,12.69689,-2.38141,-4.78784,0
-3.07404,-6.43404,9.50877,0.44332,1
-3.99879,4.07666,0.25991,-2.01342,1
-4.16417,6.88615,-2.39561,-7.73933,1
3.18677,8.40416,-2.54272,0.98603,0
3.44435,-2.33402,4.21517,0.07770,0
-2.81507,-6.15905,5.72547,-0.25181,1
3.86149,5.39863,-1.45202,0.04484,0
-1.90647,-11.11545,8.43392,-1.62567,1
0.24233,12.14873,-2.42118,-5.65343,0
0.03871,0.88779,-1.07515,0.17767,1
1.16002,4.94340,1.12219,-0.10367,0
1.10307,9.90521,-0.25338,0.56154,0
-2.99250,-8.25590,10.78829,-0.63239,1
-1.61907,4.05552,-0.76891,-0.69167,1
0.81404,-4.52711,5.58683,-0.70401,0
-1.31701,-7.84370,7.73615,-0.76157,1
-3.27345,-6.87523,7.62626,-0.85377,1
2.56851,8.03812,-0.86975,-3.54676,0
-2.71423,0.72174,0.56677,-2.83303,1
-2.91186,1.20311,1.02194,-0.33923,1
-3.73455,6.50664,-1.52479,-5.20639,1
-3.68708,-11.98705,14.80467,-1.69284,1
6.69833,-0.37069,-0.25425,1.59384,0
2.04768,-0.58788,4.73838,1.34907,0
1.65434,9.98479,-1.22219,-4.56283,0
2.20305,2.49397,1.97670,0.56104,0
-2.64705,-6.93459,25.57536,8.94499,1
2.11329,1.94806,-4.81522,-3.02726,1
-0.47005,0.44426,-0.83587,-0.03545,1
-0.81600,0.41977,-0.18032,0.18605,1
0.65418,10.34998,-5.00310,-5.23101,0
-4.97192,-11.17030,15.01229,-2.59358,1
-0.83680,4.59614,-2.68881,-3.63072,1
1.33193,9.54247,-2.55638,-1.48151,0
0.42419,1.98644,-1.41587,0.16294,1
1.64100,9.66187,-0.35390,-3.80847,0
0.92779,8.84555,0.11519,-4.71001,0
1.47405,3.98564,2.51247,0.08107,0
1.26625,-3.76652,5.58486,-1.02378,0
-0.55754,5.40232,2.66359,0.23246,0
-1.97217,7.64459,-3.01320,-3.75275,1
-0.27862,1.42737,-1.86042,-1.30386,1
-2.84721,1.02769,-0.15970,-1.82140,1
-0.50357,3.05547,-3.64880,-0.50298,1
-1.01218,-10.23855,6.80935,-1.14313,1
2.25236,6.00541,-0.51997,-0.77769,0
-3.95626,-9.65119,10.51884,-1.66701,1
5.99194,7.93121,-3.81165,-1.95670,0
-0.53330,8.17343,0.86767,-3.07008,0
2.14156,3.23890,-6.19085,-0.80687,1
2.52530,7.39625,-1.69119,-0.26324,0
0.19373,9.40128,0.39208,-4.26808,0
5.27627,1.54730,-0.07571,0.77553,0
-0.55278,-1.06013,0.38240,0.83244,1
-3.52818,10.24966,0.83388,-6.58038,0
6.11919,-5.52525,3.98016,0.92485,0
0.01167,5.72297,2.84001,0.10745,0
-4.12710,6.81127,-0.86237,-6.05550,1
-0.04369,-0.50217,-1.12569,-0.22678,1
3.70236,-3.18427,4.80383,-1.01834,0
3.65516,5.55933,-1.34832,0.53057,0
0.94219,4.39025,1.63199,-0.35641,0
-0.08861,-2.62011,3.19143,0.70419,1
3.99725,2.26196,0.68626,0.56220,0
4.79809,4.27880,-0.61606,0.48646,0
-2.24863,10.28947,3.02075,-3.71198,0
-3.29551,10.74283,1.83982,-4.49773,0
1.80998,7.70664,0.52077,-0.13186,0
-2.05981,4.82375,-3.16033,-4.42116,1
6.02857,3.10575,-1.37274,0.75527,0
2.09192,7.91150,-3.64301,-3.45022,0
1.65530,1.69408,2.34303,0.75652,0
-1.31161,1.39585,-0.27990,-0.31792,1
-1.82182,0.53385,-0.90312,-0.54013,1
0.14940,11.64838,0.18632,-5.04822,0
-0.14094,2.78150,1.54739,0.36911,0
0.36284,9.82478,1.62858,-5.31467,0
-0.89608,2.88459,7.05839,-0.52621,0
4.39555,3.51344,-0.47912,1.21523,0
4.10395,-2.00533,2.62617,-0.07673,0
3.21361,-5.30087,4.07358,0.30807,0
3.04993,4.71367,-0.06656,0.55643,0
-3.05866,-14.49518,13.12132,-2.53739,1
2.31771,-4.34773,5.03611,0.56286,0
0.75447,10.35022,-1.33995,-5.51635,0
-3.69981,7.47169,0.74019,-5.05413,0
6.19885,-5.21132,1.95461,0.80221,0
1.38668,8.75740,-1.77297,-4.15157,0
-0.26982,13.30538,-3.87020,-7.13888,0
8.57302,8.85619,-4.68746,-0.08743,0
3.78156,-0.63327,2.06636,1.45455,0
4.63596,10.64494,-6.10602,-4.90558,0
1.68199,5.63761,0.26077,0.30758,0
-3.60641,7.76002,-1.36420,-6.10274,1
1.04588,8.93542,-0.33782,-4.52465,0
-1.30953,-1.06470,2.05122,0.81990,1
5.01972,11.03259,-5.38513,-4.20789,0
7.16253,6.35523,-3.58467,-0.14016,0
-1.87854,-5.35974,5.90746,1.21557,1
0.63024,6.96879,1.19999,-0.88103,0
-2.39216,-0.20335,7.48597,-0.16575,0
-2.44496,-0.26741,0.67167,0.25159,1
0.81912,-2.65881,5.32205,0.38929,0
4.82465,3.49494,16.99453,0.57026,0
4.02979,5.30637,-1.62740,-0.13742,0
0.46953,7.29195,0.61677,-0.38592,0
-2.18065,-1.40492,2.20954,1.88673,1
3.69963,10.81809,-7.89783,-6.09333,0
0.38341,-3.42792,2.54941,0.21982,1
-1.05934,2.67767,-2.32580,-3.55819,1
-1.32036,9.56079,1.45497,-2.67679,0
-1.79992,3.28285,-1.22646,-1.69355,1
-2.88235,-7.72686,12.22425,0.96461,1
3.16955,10.70866,-4.14654,-4.53081,0
-0.46330,-0.74885,-0.31885,0.29165,1
-2.44422,-1.19521,1.24617,1.14585,1
2.84021,4.42787,0.56794,0.31908,0
-1.18567,2.55163,-1.92485,-2.21859,1
-1.95058,-6.89908,5.63777,0.13920,1
0.23462,-0.94390,0.52866,0.38821,1
0.99731,2.99965,1.72266,0.10095,0
-1.70482,-1.02394,1.29930,0.63879,1
0.36730,1.86152,-3.34490,-0.33306,1
-2.06290,-9.30097,8.32360,-1.86710,1
2.49418,-2.37847,4.20644,-0.43203,0
-1.87954,0.09506,1.10768,-0.63293,1
1.62921,-8.33785,10.02738,-1.77393,0
-8.65197,4.08677,4.75187,-0.40207,1
-1.10688,4.23592,-2.13773,-3.52995,1
-0.05428,-5.66556,1.43319,1.03040,1
2.46012,8.60927,-1.18215,-1.93580,0
4.48334,-1.89848,5.33811,1.33671,0
0.61286,-1.91980,6.45819,-0.00258,0
-16.00837,7.28832,17.82486,-4.35992,1
-4.24466,4.20862,-0.33558,-2.97896,1
-2.90718,10.79280,5.00512,-4.52236,0
3.01899,4.63420,-0.02942,0.24718,0
-1.85568,0.38771,-0.09576,0.40481,1
1.76828,6.10431,0.26802,-0.65348,0
2.82676,-1.00430,3.58594,0.85586,0
-3.46067,-13.48648,15.59923,-1.81535,1
4.72268,0.15132,0.78317,1.55586,0
-2.16770,-8.63877,9.48331,0.67939,1
-1.46265,-0.03781,0.67839,-0.08358,1
-0.65589,1.09632,-0.72175,0.48857,1
-2.00860,4.72354,-2.60306,-4.59045,1
3.33623,7.19728,-1.04150,-1.19548,0
4.84421,9.28306,-4.07305,-3.12926,0
0.32507,4.45589,3.14146,0.37734,0
5.00083,8.75329,-2.90554,-2.34213,0
-1.31344,2.05276,-2.18117,-2.43810,1
4.27403,9.45707,-1.76797,-3.67563,0
3.33455,6.71349,-0.02193,0.21227,0
-1.07963,4.11567,-2.88154,-5.59473,1
2.07363,11.34532,-4.34497,-3.74217,0
3.17124,11.83517,-3.52278,-4.66514,0
1.22434,11.73484,-2.48814,-4.51632,0
5.48940,6.79989,-4.27948,-1.45353,0
0.04779,-1.58011,3.04416,-0.54740,0
-0.50284,-0.22395,-0.44205,0.20893,1
-1.84948,-0.07428,1.06750,0.46064,1
2.49851,6.73218,-1.06043,0.12772,0
-4.95913,10.73937,2.83531,-6.55059,0
2.82730,10.47664,-5.05078,-1.64924,0
-1.70837,-8.52045,7.49167,-0.08338,1
2.04373,11.42448,-1.51425,-4.94886,0
3.00406,3.78627,0.29791,0.71591,0
3.77934,-6.61035,7.22446,-0.99355,0
2.42393,3.09357,2.54387,1.06068,0
4.03459,10.60518,-1.36647,-1.86613,0
-0.25051,1.53601,-2.15699,0.29639,1
-5.43716,-16.64901,21.23311,-2.62248,1
-1.29357,6.28904,-4.06472,-5.99434,1
0.70917,0.05366,6.66784,0.18397,0
0.22136,0.20711,-0.24018,0.04409,1
4.60173,4.63416,-1.44106,0.21345,0
3.59795,-3.96776,4.50668,0.29971,0
1.92413,4.75791,1.82704,-0.69962,0
-4.67292,3.66053,-0.19878,-2.73027,1
3.80666,7.10893,-1.25226,0.35106,0
-2.90856,-6.70309,8.11564,-1.42936,1
-1.70543,-5.40053,4.05200,0.58794,1
-0.40262,1.24960,5.26343,0.19595,0
-3.61705,-5.46439,8.35737,-1.80196,1
3.79612,5.93846,-0.98173,2.75593,0
4.88079,-6.03385,4.40292,0.78157,0
0.60794,7.18564,-1.39502,-3.41004,0
-4.37465,5.77699,-0.78972,-3.86722,1
-0.00612,5.22216,-3.52740,-4.27350,1
2.46085,-3.31713,5.63637,-1.28758,0
3.90745,5.52274,-1.19335,0.48900,0
-2.23392,0.89133,1.03515,-0.43227,1
-2.14455,4.42573,-2.05276,-3.29011,1
2.47696,7.94383,-3.06810,-1.78945,0
2.05129,8.90286,-2.89302,-3.67047,0
-3.07311,1.03806,1.42999,-0.91640,1
0.38794,4.00529,2.62569,1.78362,0
-4.35441,3.11267,-0.74749,-2.47294,1
-1.16050,-2.14692,11.05801,-1.41521,0
1.12653,8.33733,-0.97428,-0.77574,0
1.81087,9.62690,-4.16529,-5.64624,0
1.37144,1.07627,2.46797,-0.05201,0
2.47364,4.74185,1.85648,-0.25007,0
-0.32965,-2.79016,7.69184,1.09917,0
-0.59349,0.26438,1.23046,0.16507,1
-2.84747,-0.26236,3.43705,1.03542,1
3.16042,6.68502,-4.88447,-1.84706,0
1.64746,4.19383,2.59850,0.45544,0
-1.72115,-4.72056,5.68329,1.02590,1
-0.30162,3.10872,4.27227,0.90218,0
0.74040,10.90477,-0.33535,-5.38511,0
-2.76327,-8.85854,11.53267,-0.95588,1
1.57759,9.87119,-1.65341,-1.33524,0
1.91359,3.02231,3.16489,0.26539,0
-1.89824,-4.18449,5.95425,0.22697,1
4.40599,8.10414,-3.28874,-2.04427,0
0.83936,7.59101,0.34788,-0.81565,0
1.68076,6.23116,-1.47224,-0.55346,0
4.88998,8.38028,-3.36737,-2.84100,0
-6.83579,5.23883,1.69777,-3.68296,1
2.02644,-3.05900,4.94440,-1.54462,0
1.64131,-1.40872,5.02580,-0.95464,0
-1.26452,-6.61602,7.09328,0.06758,1
-6.02743,6.08378,-0.25097,-3.99970,1
0.85286,2.99569,-0.09521,0.98478,0
0.63879,2.72236,-3.73399,-1.01424,1
3.55408,4.24048,-0.66010,0.08375,0
2.59093,2.35943,3.93682,1.82764,0
2.21732,7.28553,-1.39060,-0.55656,0
-0.89758,0.58146,-1.51529,-0.55368,1
4.80055,1.62688,0.80214,1.65819,0
-0.88858,5.92320,-3.74804,-5.43345,1
-1.92195,5.80091,-1.02142,-3.90529,1
5.57014,-0.82926,1.07491,1.35469,0
1.94947,0.24674,3.43412,1.51602,0
0.29514,1.44914,-1.76454,-0.12890,1
1.40801,6.20051,1.68734,-0.26217,0
-1.12020,3.14446,-2.16088,-0.76681,1
-0.24139,1.93077,-2.52826,-2.10619,1
0.25535,-0.64994,5.51485,-0.15838,0
-0.55784,-10.42965,9.22663,0.93606,1
-3.66266,-13.74715,13.32346,-1.94066,1
-3.21470,-3.52797,6.35531,1.42208,1
-3.92385,-12.93771,15.05133,-2.85545,1
3.32643,1.10270,1.03482,1.46727,0
-4.20663,-13.11058,16.56025,-3.61422,1
-1.03328,1.37686,5.79413,-0.64589,0
5.40479,5.77896,-2.15685,0.19899,0
0.14371,8.94508,-0.01862,-1.13756,0
-5.82953,6.45967,0.39083,-5.94022,1
-3.95087,5.10814,0.13054,-2.93132,1
1.96191,6.94673,-0.08356,-0.40313,0
-2.13584,-1.15640,2.59877,0.93953,1
-1.47115,2.92887,-3.36698,-0.35833,1
1.74684,3.01112,-4.28462,-2.53499,1
-0.27710,2.25353,-2.57162,-3.21059,1
-5.33237,3.89886,1.89062,-3.63581,1
0.16050,-0.31619,-0.35684,1.06405,1
-3.17389,-12.03580,13.22507,-1.83794,1
2.36870,3.72895,1.54122,1.13226,0
1.71788,5.64108,1.21849,-0.33650,0
-5.52511,5.38925,1.14055,-2.28893,1
-1.70998,-8.62206,8.65506,0.59586,1
-2.37635,5.20710,-2.13956,-3.88660,1
-2.08093,-5.59992,7.11414,1.63702,1
-0.27948,9.56656,1.33823,-3.37576,0
-3.24985,-6.59536,8.52851,0.49352,1
-4.86334,8.90127,-1.53342,-6.12233,1
4.20844,13.38893,-6.47789,-7.30977,0
-3.19527,2.00164,0.18444,-2.77317,1
-1.96746,10.25411,3.55323,-5.26140,0
-7.43937,31.33604,-0.66622,0.87539,0
-1.35223,-9.13095,10.04814,0.94559,1
0.13206,9.19898,0.31313,-3.40193,0
-0.29500,11.59576,-0.70704,-5.40976,0
4.97942,9.43319,-4.26325,-3.05500,0
-2.55172,-10.35697,10.69767,-1.06405,1
0.10440,1.11347,-1.84904,-0.17809,1
-0.95373,-2.86828,0.47064,10.24295,1
1.10915,6.23159,1.40113,-0.91286,0
-1.93148,-9.59434,8.34616,-0.46383,1
-4.54903,5.24788,0.50770,-3.06769,1
-2.90176,-7.39724,9.60603,-0.88110,1
-4.31086,-8.00248,12.58950,-0.36331,1
0.58165,-2.34464,5.38298,-0.29619,0
0.85030,-0.58577,-0.03676,0.85488,1
-2.26077,-6.81026,5.06013,0.03648,1
3.46291,1.46295,0.32219,1.38464,0
0.02225,0.32642,-1.71013,0.19022,1
3.28696,7.95947,-2.05434,-0.68172,0
0.40486,-0.82329,4.70483,-0.28442,0
-2.00129,-8.42305,6.69176,-0.56256,1
-5.41492,4.99797,0.58212,-3.73874,1
-1.33290,-4.93751,5.81094,1.22473,1
0.24530,-0.46998,6.45784,-1.40029,0
1.84519,-6.21533,8.32146,-0.70730,0
-1.72891,-10.88833,8.40447,-0.76146,1
0.10683,9.74687,-2.20501,-4.55858,0
0.79702,2.07591,-3.25603,-3.53895,1
1.09119,9.69264,-2.46403,-4.46190,0
7.98944,7.27436,-6.65924,-0.81472,0
-1.34722,1.52863,-2.13985,2.06423,1
1.37793,9.07981,1.41247,-1.92962,0
2.84140,10.34136,-0.42547,-3.86219,0
-2.45604,9.18133,-1.06241,-3.13204,0
5.62381,-2.26525,2.04939,2.56119,0
2.27345,7.48800,-2.42214,-2.50997,0
-0.16003,2.60886,-3.21537,-2.16097,1
-14.57719,6.14615,-1.81738,2.47584,1
3.18582,10.34545,-5.28788,-5.00887,0
-0.82435,3.48659,-2.33488,-1.66706,1
2.79046,5.02921,-0.41236,0.05227,0
1.33133,2.39489,-4.77157,-0.91568,1
0.53256,-1.51458,5.12808,-0.03343,0
-1.23667,9.09999,0.59383,-4.86563,0
-2.71604,-9.30168,11.59141,-0.24426,1
3.98210,4.11092,-0.19662,0.72002,0
0.65577,8.07722,-0.09016,-4.58765,0
-2.17614,-8.12268,8.25641,-1.01108,1
3.20911,7.93355,-4.90377,-3.62014,0
2.40758,-1.05877,2.96346,-0.50740,0
-0.65398,2.10447,-2.66241,-0.74164,1
-0.39809,0.41577,-0.22798,0.00148,1
3.76416,8.56122,-2.17325,-1.11207,0
-4.34090,3.72556,0.31103,-1.42001,1
0.78761,8.83751,0.42224,-4.65635,0
2.11872,7.65150,-1.65390,-0.82097,0
-3.52907,-9.75415,13.35789,-1.91540,1
-0.73266,13.79047,-2.39778,-3.06688,0
0.24277,1.25881,-1.92073,0.20295,1
3.02107,3.61524,0.07295,0.22618,0
-0.76740,10.95353,-1.85638,-6.97517,0
-3.08528,1.14733,0.11952,-0.95591,1
1.92201,7.78223,-2.24116,-1.46476,0
2.54900,-0.03536,2.32244,0.08047,0
-4.01074,4.87310,-0.79685,-4.45594,1
3.59853,3.98575,-0.27856,0.43937,0
4.43756,-0.67710,1.50183,1.77951,0
1.18487,5.00600,1.40354,-0.21191,0
1.30479,5.11565,0.16384,-2.96523,0
1.93307,3.92840,1.44485,1.27714,0
-0.66602,0.47685,0.04183,0.13973,1
0.36964,1.65926,-2.01320,-1.26636,1
0.63940,2.55510,4.18445,0.80801,0
-1.37651,-6.18098,6.05137,0.95449,1
2.02926,10.02181,0.85116,-2.88965,0
-2.69716,-2.63144,6.23437,1.70468,1
3.76885,-1.97566,2.83447,0.16392,0
-0.82122,-1.14277,1.91575,0.75481,1
4.95354,-9.45387,4.47979,0.49715,0
1.62927,2.57195,-2.26130,-1.40997,1
-4.39780,-10.39059,13.02284,-2.56045,1
2.54606,9.43824,-4.17258,-3.94589,0
0.49963,8.96566,-0.77698,-1.53977,0
-1.55905,0.64689,0.25790,-0.83107,1
1.03908,-0.44326,-2.36201,0.14801,1
-1.08851,3.67023,-2.39338,-1.83617,1
1.50118,0.31591,7.50391,0.34853,0
-4.27304,-5.46235,11.50349,-1.19444,1
-3.85974,7.86952,-1.25550,-6.33008,1
-1.26267,5.49896,-3.66766,-5.33802,1
-1.13958,9.07776,0.86648,-4.25287,0
2.74909,8.99002,-2.28790,0.02856,0
-1.56560,-0.55965,1.91979,0.35864,1
-4.63219,5.89583,-0.00572,-5.10158,1
3.18841,7.17868,-1.63437,-0.19727,0
-3.33819,-1.48103,4.34092,0.33358,1
3.48471,1.91834,0.98762,1.66707,0
-2.75027,-9.63904,11.57873,-1.05063,1
-7.34816,9.84318,5.98427,-5.72414,0
-2.43400,3.50609,-0.88523,-3.49172,1
0.89208,1.34606,-4.64277,-0.99937,1
1.71549,5.69314,-0.48407,-0.93166,0
-1.83272,4.04790,-1.44899,-2.68077,1
2.36982,-4.35028,3.84422,0.19447,0
5.18796,5.84602,-1.94104,-0.11535,0
6.66648,-0.13606,0.27870,1.69304,0
-2.25226,0.05822,0.40947,0.30911,1
-1.37217,0.50109,0.99922,0.06795,1
0.42555,11.78108,-1.55452,-1.51592,0
-1.55007,2.57298,-2.13997,-0.99869,1
2.13127,-4.35528,3.93115,-0.74506,0
2.16022,-1.41899,3.16191,0.12262,0
-3.56779,6.67411,-2.15213,-3.69004,1
-1.03116,0.50240,-0.35694,0.63121,1
2.04168,5.05502,0.80033,0.02615,0
-1.24767,10.55034,-0.84111,-4.43493,0
4.77771,-2.67758,1.21922,1.09674,0
1.66010,9.64908,-3.26435,-3.37905,0
-3.76863,-12.09983,13.16861,-1.50218,1
1.50193,-0.03856,-2.82592,0.64055,1
2.71146,-3.36229,4.18465,-0.51513,0
-1.94416,-0.66402,1.69776,-0.56546,1
-1.37655,11.49123,-1.33612,-5.72400,0
1.12819,9.06482,-2.13697,-4.97084,0
0.15053,5.13608,-4.79458,-7.40159,1
-2.78102,-0.87859,2.10100,-0.38373,1
-4.99570,5.14681,-0.31877,-4.36350,1
-2.58489,8.31359,-3.32489,-6.23647,1
1.83397,-0.71497,-2.99043,1.19678,1
-3.19509,-2.95486,6.02918,-0.61840,1
-1.18435,1.14408,-2.20682,0.23518,1
3.17397,0.35967,2.63691,1.59264,0
2.32525,4.11797,0.86611,-0.52127,0
2.54906,6.17023,-0.97762,0.44735,0
-0.42539,-1.54209,6.37203,-0.41350,0
-0.92096,-0.04120,-0.40221,1.28342,1
0.99823,10.93125,-1.86526,-6.52267,0
6.28303,8.62933,-4.29739,-2.49233,0
-2.22417,1.20999,6.99407,0.15640,0
-1.98349,-5.77449,8.68137,1.99164,1
-2.48545,-7.67940,6.90950,-1.31610,1
0.12739,11.82357,-2.24324,-1.22417,0
-2.54372,-6.90680,8.42759,-1.02088,1
-3.05912,-10.08429,12.31447,-0.49079,1
12.65592,-25.80405,5.24980,0.83652,0
-1.06761,-5.74881,3.46879,-0.70522,1
1.14479,9.48165,0.86599,-2.71333,0
1.35863,7.78496,-0.39246,-2.27070,0
4.01016,5.60975,-0.91235,-0.08759,0
5.35844,-3.77967,1.87399,0.14770,0
3.93135,2.46339,0.14283,1.66372,0
3.82505,8.85797,-3.74600,-3.52849,0
2.39006,4.56837,-0.68967,-0.25538,0
-2.69261,-8.28161,9.60455,-0.33123,1
2.22532,9.83689,-1.43633,-0.52089,0
-0.06235,4.69564,2.18214,0.02647,0
-2.28880,-7.03910,9.23385,0.21363,1
3.20830,10.11405,-2.54878,-4.85786,0
-3.77455,4.54195,-2.17922,-5.18216,1
1.87648,-0.53663,1.52268,0.88335,0
-2.51774,0.52001,0.60564,0.67652,1
1.31732,6.71599,-1.41030,-2.81252,0
-3.48885,-11.80177,14.75870,-1.45988,1
1.45447,4.06679,-5.40513,-2.78283,1
2.81815,9.22139,-3.00965,-0.56455,0
0.26441,3.37644,6.69885,0.96835,0
0.49045,-2.71297,7.15857,-0.75563,0
-0.28834,6.72922,-3.66486,-6.39071,1
1.19468,3.62580,2.28952,-0.16604,0
1.32188,2.75863,3.03484,2.01516,0
-1.28301,3.23204,-1.37201,-1.28988,1
4.98180,-6.35632,6.81530,0.42197,0
2.83552,8.23291,-2.19317,-3.21639,0
-1.39274,0.60380,-0.45062,-0.02808,1
5.97032,2.17490,-1.07192,0.85938,0
4.25388,-5.50563,5.48740,0.79514,0
-1.24554,1.38764,-0.11927,-9.50995,1
2.10164,9.59806,-3.13213,-0.91623,0
4.03224,7.26685,-3.12931,-1.85444,0
0.91165,4.09332,4.10328,1.05063,0
-0.80015,4.70853,-3.20577,-3.38950,1
1.18089,10.36228,-1.23789,-0.16372,0
4.72260,0.56645,2.03184,1.68787,0
1.09309,6.27312,2.81327,0.17484,0
1.45358,4.37556,1.10776,-0.47024,0
-2.48647,9.87059,-0.84035,-4.02096,0
1.36585,11.56104,-1.10099,-6.40206,0
-1.09033,-12.57514,12.55148,-0.56398,1
-1.22058,1.02083,-0.77762,-1.10921,1
-2.61081,-11.66630,10.13924,-1.58414,1
0.96461,-2.24499,5.06638,-0.08707,0
0.38243,0.53382,6.60326,0.54226,0
0.84326,-1.95961,6.40561,-8.66925,0
-2.38798,10.31493,2.36654,-3.38243,0
3.69818,-5.45008,2.54303,-0.23114,0
4.87472,0.89813,-0.23798,0.97391,0
1.84274,-0.21041,5.49967,0.75556,0
-3.28941,7.15364,-1.66461,-3.29102,1
2.75719,1.65432,2.71544,0.34796,0
0.55353,8.88354,1.80054,-0.98055,0
0.36025,8.38287,1.71501,-0.81726,0
3.07492,1.99916,0.86607,0.74170,0
2.37636,10.60052,-3.19412,-5.47975,0
-0.96691,11.49382,-0.22082,-5.05512,0
-6.06340,5.81021,1.35932,-3.85542,1
-3.46106,3.92174,-0.97481,-4.83902,1
3.98575,-1.26799,1.34409,1.11588,0
-2.30111,-0.24667,2.53117,-0.17663,1
2.07409,-0.78170,2.73928,-0.99300,0
3.04710,-4.23957,5.58379,0.15235,0
-1.99997,-2.66841,2.30001,0.92822,1
-4.05677,-6.03163,11.13749,0.39999,1
2.14954,-2.41622,2.58252,-0.30846,0
-1.53360,-0.49533,1.27957,-0.17460,1
-2.95087,-8.45999,11.04865,-0.08510,1
0.31190,-2.02986,7.35488,0.43988,0
2.19127,10.99752,-2.27705,-4.60994,0
1.29428,9.09338,-1.93721,-1.21730,0
0.90560,9.46609,-1.96407,-2.47728,0
-0.01103,-6.07756,2.07847,0.82546,1
4.44754,3.85010,-1.02354,0.59727,0
-2.05112,3.07000,-2.53083,-2.33373,1
0.49608,9.94850,-2.38992,-4.81575,0
0.72818,7.55976,-0.50220,-0.07015,0
-4.43637,-9.88859,14.75191,-2.12259,1
3.67562,10.60534,-5.67453,-5.24608,0
1.50301,1.42521,3.61579,1.62823,0
4.39150,10.17020,-4.66084,-3.04018,0
-0.37431,-2.11849,-0.73257,0.57868,1
-0.63330,8.59275,1.56432,-5.35074,0
-1.38354,8.12605,1.55854,-5.02831,0
-0.18798,1.30722,-2.15796,0.08602,1
0.36167,-1.22002,9.21190,-0.49809,0
4.32669,1.72571,1.52851,0.47274,0
-8.13533,5.16348,2.89209,-4.74343,1
12.30220,6.84016,18.86395,-0.09226,0
4.48839,9.45709,-4.39637,-1.92410,0
2.44065,12.51166,-3.19481,-3.42932,0
2.61819,5.26350,0.62343,-0.70805,0
4.27224,7.55823,-3.54458,-0.95547,0
0.21062,-0.85233,-2.13898,-0.14395,1
-2.03993,3.70968,-2.80872,-2.75451,1
2.30207,3.70231,1.13154,-0.15933,0
-1.04358,2.32876,-1.51394,-0.18942,1
2.20643,7.91475,-0.04744,-1.05830,0
2.30594,-2.36411,2.74289,0.96170,0
-1.38179,-0.15613,0.12806,0.11497,1
-1.20110,1.43077,-0.79797,-0.60905,1
-2.13965,1.91394,-0.54592,-1.21319,1
-3.77083,-0.14906,1.51924,-0.16349,1
-1.25124,0.45108,-0.02897,0.02980,1
3.22486,10.43474,-2.75521,-6.20611,0
0.09305,-1.20110,0.78683,0.32497,1
1.03168,9.50397,-4.42783,-3.68509,0
5.68170,7.12116,-3.77804,-2.04313,0
0.71634,-2.66696,5.43385,-1.28586,0
4.62909,3.01075,-0.21915,0.96568,0
-1.51626,-6.47017,8.36547,0.83896,1
-0.78662,9.10874,0.79397,-3.03953,0
-2.87714,7.11585,-2.16167,-4.63665,1
3.60607,1.25450,1.65829,1.16118,0
-2.80887,0.69590,-1.13151,-0.26996,1
1.83196,7.88840,0.69602,-1.98654,0
3.85284,1.92226,1.81046,1.91583,0
0.23506,10.43704,-0.84101,-6.56671,0
3.10236,-6.03006,6.81953,0.77039,0
-0.65802,0.47867,-0.73845,0.26520,1
4.76611,-0.37635,0.63675,1.17743,0
-1.31907,-9.73076,7.69255,-0.82772,1
4.75330,1.31355,0.38963,1.57159,0
1.09856,7.45786,0.00702,-0.22189,0
2.39317,-2.16344,2.58324,-0.54887,0
1.59047,-1.30261,5.98120,-0.53487,0
-4.35875,-10.68164,14.56758,0.40465,1
-1.82696,1.36453,-0.68849,-0.81672,1
0.69985,7.44992,-0.81818,-2.19554,0
-5.31821,-12.57775,16.68365,-3.18907,1
4.39181,7.91371,-0.17485,-0.62052,0
2.20624,0.58679,1.03118,0.83763,0
3.85647,10.37184,-3.90569,-4.12198,0
-1.63295,0.84711,0.25032,-0.51138,1
-0.60049,2.21192,7.50312,0.81588,0
3.58687,4.23009,-0.72525,-0.29986,0
1.81940,4.46494,0.97200,1.27912,0
4.52159,-1.04777,3.91645,1.04075,0
-0.40760,1.91456,-2.96099,-1.82641,1
-2.00300,-7.55219,5.36399,0.21635,1
4.72747,0.93417,2.40521,2.47443,0
-3.32680,4.52955,-1.39951,-5.79199,1
-1.68151,-11.16038,9.04081,-1.57921,1
-2.32935,0.18401,1.85714,1.63744,1
3.15555,1.48064,2.28032,1.49966,0
2.01010,-0.20574,-3.90669,-2.05057,1
4.41001,6.40125,-3.25591,-1.73036,0
3.84288,0.21320,2.81834,1.09683,0
-2.88604,3.74406,-0.19585,-2.36167,1
-0.75900,5.21822,-3.24346,-3.58559,1
3.54893,10.26474,-2.92449,-2.55250,0
6.62766,8.16368,-5.54627,-2.13171,0
1.56895,8.37805,-2.52985,-3.53550,0
3.43940,12.90145,-3.83062,-4.89948,0
-1.35064,0.09248,-0.17139,0.13297,1
4.15186,9.28067,-21.67329,5.77258,0
1.81949,9.73813,-0.23509,-1.25768,0
-4.63713,-11.12654,13.22363,-2.60407,1
-1.65530,0.48880,0.61963,-0.89308,1
0.94514,7.86543,-2.62607,-2.13031,0
-0.09483,-2.58260,0.69771,2.12899,1
0.95024,7.54482,0.77646,-3.32519,0
2.63203,4.09979,0.88598,0.37361,0
0.80515,6.58002,0.07377,-0.61518,0
4.38709,7.81600,-3.14279,-1.77100,0
3.82163,8.60389,-1.75184,-0.52084,0
3.13015,0.92389,2.17826,0.58817,0
0.44774,8.16485,-0.78603,-1.98141,0
1.84892,3.37871,2.34756,0.04394,0
5.00170,-5.16054,3.82421,1.27352,0
1.73050,10.26142,-1.90634,-5.39559,0
2.81882,7.18854,-1.39071,-0.48506,0
2.13884,6.43949,0.16445,-1.24851,0
-0.29937,3.77254,-3.11633,-3.85241,1
-1.42709,3.42132,-1.42788,-2.90270,1
3.66708,7.83825,-2.77308,0.57171,0
0.26372,-0.65092,-2.36273,-0.46454,1
4.20475,7.01187,-3.26502,0.20356,0
-2.14709,-6.71586,7.11406,0.73329,1
-2.41776,-6.69937,8.76426,0.68149,1
5.26913,2.07122,0.36612,1.71778,0
-1.42911,-0.08969,0.15920,-0.06387,1
-3.12891,3.43995,-0.41156,-1.23487,1
-2.63716,4.07611,-0.77106,-2.90662,1
0.48279,9.02619,-1.43487,-4.21991,0
3.43305,8.40062,-1.31470,-2.35983,0
1.99890,5.52246,0.27539,-0.46698,0
-2.82983,4.00129,-0.83682,-2.01872,1
-2.41921,4.65242,-1.54092,-3.87175,1
-4.08843,-7.00502,9.60454,-0.28929,1
2.40098,8.88570,-2.49864,-4.44421,0
0.02597,11.78277,-0.36834,-5.79357,0
2.51635,-1.74360,5.45531,0.32940,0
-2.06926,3.61770,-0.92047,-2.47413,1
-2.84502,7.66166,-2.12729,-6.78309,1
0.57165,0.28190,-0.90335,0.64357,1
3.71983,-3.77304,1.15898,0.06158,0
0.67699,12.70904,-2.01132,-6.77128,0
0.72576,10.97498,0.62587,-4.25832,0
0.10771,4.13909,3.27096,-1.21234,0
0.44909,9.01803,-1.24591,-3.62825,0
3.67865,-2.87935,2.89606,0.92429,0
3.54062,4.04726,0.16843,-0.09717,0
-1.00834,-1.56105,3.51216,1.04234,1
1.53019,10.48666,-0.96413,-3.97430,0
3.00483,6.63850,-1.35728,-0.27366,0
0.82883,8.30027,-0.85442,-2.38676,0
-4.39712,6.53470,-0.81601,-4.34986,1
-0.25555,2.92717,-2.97950,-2.00239,1
-1.05390,5.99634,-3.01773,-4.67144,1
-3.64578,-9.67824,12.52745,-0.77034,1
-1.06849,-10.23338,7.31416,-1.27977,1
1.68664,-6.74289,7.47382,-0.12702,0
1.07695,10.69884,2.07887,-2.71702,0
-2.29219,6.36633,-4.21692,-6.53822,1
1.61300,6.04118,-0.88381,-1.09731,0
0.00694,11.75372,0.50885,-3.02142,0
-0.07632,-1.92391,5.06452,-0.40858,0
5.48326,5.65030,-4.68213,-1.21070,0
-1.26870,-6.45833,5.02338,0.52644,1
-0.28695,-1.25761,10.83257,0.04789,0
0.63748,7.89885,-0.51811,-0.97480,0
-1.33519,0.55631,5.15737,0.05093,0
1.46716,6.06270,-0.57238,-0.70868,0
2.73446,4.43581,0.73526,0.01749,0
2.50071,-2.35509,4.11624,-0.18978,0
-1.32935,-2.07026,8.73289,-1.37851,0
3.86419,6.65250,-2.26496,0.35704,0
0.37123,10.05211,-0.63156,-1.75958,0
1.53696,8.68168,-3.02005,-1.73340,0
2.10718,11.19372,-2.80969,-5.81260,0
2.92147,-4.67847,6.36956,-0.37636,0
1.48903,10.28359,-1.84340,-5.00941,0
1.65968,10.75383,-2.67244,-5.43681,0
-3.37636,-1.45623,3.79451,0.20610,1
4.38394,4.07611,-0.63580,0.54899,0
-0.31912,11.42950,-0.72893,-4.69237,0
-1.64595,-0.86376,2.65796,0.75405,1
-1.10062,-1.70426,1.97790,0.80552,1
3.09020,7.78543,-1.18600,-1.98615,0
0.31228,0.20983,-2.23920,0.58593,1
1.97298,6.05231,-1.53584,-1.58540,0
-0.13507,3.24171,-3.56650,-1.74424,1
-1.89356,4.84945,-2.25146,-3.97591,1
0.82236,8.81461,-3.40159,-3.32052,0
1.61597,10.44644,-0.89210,-5.96766,0
-1.34659,-10.27963,10.40299,-0.16979,1
-2.03538,1.42247,-0.24616,0.07612,1
-0.54004,-0.10276,0.82837,0.64610,1
4.61318,0.29759,1.12590,1.72612,0
-0.01837,0.92013,-2.01320,-0.63213,1
2.49128,-6.45361,7.38325,-0.29757,0
4.77892,5.60508,-5.30675,-2.61041,0
-0.73241,-2.53302,2.70723,2.26248,1
1.55321,10.08564,0.20138,-3.07459,0
3.45015,4.46768,-1.82994,0.40427,0
4.30184,1.91020,0.65060,1.30686,0
1.37248,-1.68806,7.30916,0.67102,0
-0.50995,-0.16737,-1.20225,-0.09982,1
0.10282,1.61459,-0.70414,-0.57051,1
0.50157,10.73284,1.82660,-2.12773,0
2.51799,-4.56355,5.00470,0.04309,0
4.60845,-1.89044,4.24462,2.03765,0
2.62998,8.06963,-0.96363,-0.06495,0
1.25389,1.77388,1.71332,-0.05899,0
4.57656,6.05166,-2.47835,0.15929,0
6.10376,1.99732,-1.45705,1.09767,0
-3.98081,-8.25697,11.46983,-1.04897,1
1.70270,-1.37959,4.38889,-0.23974,0
-0.81149,8.10831,0.70101,-2.97450,0
2.57864,8.21539,-0.92646,-2.58663,0
3.91395,1.67945,1.19155,1.33563,0
0.34839,10.62366,-2.04467,-1.72555,0
-2.63320,-1.99362,3.36118,1.59436,1
-2.39244,-7.87115,8.39572,-0.79769,1
2.86998,9.28350,-3.14979,-3.91870,0
5.70526,-5.41009,1.07665,0.62262,0
3.86581,2.29809,0.42999,1.23833,0
4.21734,3.13924,0.37288,0.65252,0
0.96555,8.78688,-2.41246,-2.84313,0
1.48418,5.71733,1.52762,0.03912,0
-2.20545,-6.60916,6.73813,-0.82484,1
0.73944,6.93085,-0.44250,-1.65742,0
1.31117,-2.85736,5.00696,-0.03547,0
-2.20699,-11.00099,11.33881,-1.72415,1
2.41459,-2.33391,5.90352,0.21109,0
2.91420,-0.20137,2.58229,-0.51187,0
-2.58427,-2.26178,1.98171,-0.88023,1
-1.24931,1.84984,-1.49342,-3.00748,1
-1.25948,2.05407,-1.57140,-2.45284,1
-0.97384,3.40240,-3.26571,-3.56178,1
-1.38082,0.59037,0.02864,0.51621,1
-2.77986,8.21216,1.83645,-4.39161,0
4.28263,4.85477,-2.23803,0.86314,0
-0.36395,3.13687,-1.30152,-0.39469,1
-1.47616,3.90450,-1.62400,-2.07435,1
2.21886,-3.47536,7.70406,-0.81084,0
0.84625,5.45450,2.33670,0.17637,0
0.67613,-1.19303,7.32936,0.57004,0
-1.78812,-0.86431,2.08390,1.41757,1
4.95203,2.04584,-1.65786,0.37275,0
3.70616,-2.46055,2.81354,-0.50065,0
3.86196,5.74669,-2.41223,-0.58572,0
-1.09202,-4.74018,1.96658,-0.11264,1
4.07922,-3.67502,4.85515,0.63002,0
-1.31920,3.99044,-2.00507,-3.17792,1
-4.88034,2.81673,1.48698,-1.47728,1
4.60540,7.09743,-2.72355,-1.41584,0
-1.47096,2.41282,-1.89302,-2.31597,1
-2.69438,-13.38787,12.16820,-1.68773,1
-0.48305,1.98604,3.09476,0.76809,0
-2.85216,-10.70489,11.72809,-0.88934,1
-4.11490,-15.63516,18.78415,-2.29394,1
1.12811,6.43455,1.17181,-0.66682,0
1.75275,7.86348,-0.93003,-1.06292,0
2.99903,-0.87391,3.65014,-0.18119,0
2.87903,-8.94442,7.49817,-2.58564,0
0.56334,11.71162,-1.85447,-4.70017,0
-1.37695,1.79359,-1.64146,-0.47839,1
-0.65720,1.53216,5.37860,-1.11462,0
-2.52658,-7.23893,9.28815,-1.16707,1
2.03299,8.23275,-1.25986,-0.62086,0
2.83609,8.03178,-2.36774,-0.87007,0
-3.69822,-13.19217,14.62602,-1.29953,1
-1.73474,-8.74891,7.54164,-0.00786,1
-14.85147,5.28918,-1.57968,-5.54641,1
-0.48057,7.98671,0.06762,-2.85672,0
4.68076,-0.53685,2.02067,1.35193,0
1.14338,0.43898,0.91939,0.09284,0
4.27062,8.26863,-3.32759,-2.36905,0
-3.70682,-1.49871,5.09957,0.38218,1
1.51099,7.36090,0.01140,-0.42667,0
3.48235,9.70201,-2.69171,-3.25484,0
13.20152,-24.14984,-1.88952,-0.48871,1
5.52872,4.05356,-1.16867,1.12740,0
-4.23695,-12.46229,13.64783,-1.33031,1
2.56619,10.86297,-5.79659,-6.17322,0
1.33951,-1.90960,0.87303,-0.94515,0
-2.33992,-0.57470,3.86348,1.26853,1
0.61090,7.57907,-0.06189,-3.71781,0
7.27916,7.50578,-6.04418,-0.55070,0
-1.31434,-10.52628,10.81761,-0.56817,1
3.20420,6.76158,-0.19733,0.18151,0
3.34284,0.50965,2.00120,0.99760,0
-5.92352,6.53842,-0.56888,-6.76123,1
2.47249,2.00856,1.63722,1.21946,0
1.13090,12.43030,-2.33338,-6.07940,0
-1.84087,-9.20884,7.67735,-1.42536,1
4.57053,-3.25942,2.11202,0.13216,0
-1.06062,0.62993,0.05716,0.12099,1
0.86690,6.86878,-0.54953,-2.06266,0
-3.00166,2.70889,-0.27180,-3.13892,1
4.74363,2.33913,-0.53982,0.61759,0
3.46479,9.47495,1.14576,-2.74597,0
0.53595,1.50774,-4.60898,-2.97479,1
-4.86682,-10.97756,13.91872,-1.52505,1
-1.24030,-9.79008,7.62426,-1.79151,1
0.47550,-0.72299,-0.20405,0.74887,1
3.67423,-2.96308,4.72641,0.04140,0
-0.31422,1.08929,-2.12785,-1.60869,1
-1.21427,0.58715,-0.46221,-0.26699,1
-1.95925,-8.95940,10.83014,0.10248,1
4.48602,3.51056,-1.60216,0.41090,0
2.56336,2.05389,2.20436,-0.33689,0
2.10736,9.72787,-2.95989,-4.29511,0
2.81365,6.54682,-0.08493,-0.42635,0
3.92260,8.56635,-0.97518,-2.31275,0
-0.28038,-3.69099,7.57812,-1.85965,0
-3.01174,-9.28221,12.43367,-0.87750,1
0.97271,-1.12248,5.51621,-0.18064,0
-1.86947,-5.12869,5.42775,0.63935,1
2.67031,0.89720,2.03627,0.76953,0
1.25959,6.00129,0.70286,-1.06806,0
2.30104,-2.67814,4.44005,-0.05875,0
2.75969,2.73714,1.88875,0.75076,0
-2.23624,0.52690,0.89582,-0.11557,1
0.02212,-20.43189,3.17281,-0.06055,0
4.84541,0.08489,1.28899,1.28061,0
1.55919,-1.01085,4.79240,1.25035,0
-1.27195,8.48311,0.48984,-2.91700,0
1.90292,5.25597,-17.04864,-9.03877,0
-3.04642,-9.68204,10.57977,-2.35021,1
4.01386,5.30815,-0.51894,0.01919,0
-1.79887,8.17275,0.47024,-3.45517,0
-2.09274,10.19303,2.85488,-6.92718,0
4.28686,2.83623,-2.03351,0.90612,0
-4.29404,6.16542,-0.91947,-3.34153,1
-3.03918,-14.96985,17.71841,-1.49864,1
-4.61446,5.85468,-0.38275,-2.46107,1
3.97779,-0.17596,3.99125,-0.66332,0
0.12467,11.56145,0.42534,-4.73305,0
4.12039,8.55574,-4.78770,-3.66977,0
4.58857,-0.99841,1.25321,1.55693,0
3.86822,4.26897,-2.32020,-0.49108,0
-2.94978,-5.62493,7.65495,-1.22102,1
3.13135,0.43777,3.01685,1.53889,0
-1.73354,2.31731,-0.79879,-0.51885,1
-3.93662,-6.39920,11.58338,-0.12504,1
-1.55563,-8.90960,8.65899,0.65589,1
-1.86876,-1.85161,2.84119,1.18982,1
-2.31793,3.52675,-1.04040,-4.10377,1
-0.05618,13.29729,0.81927,-7.35317,0
-2.22499,-5.92497,7.77520,0.85089,1
-2.98677,12.83685,-0.05668,-6.51159,0
0.57245,12.41616,-1.55412,-8.47966,0
3.75572,-3.94104,4.10960,0.40060,0
-1.48118,2.18235,-1.66285,-1.29784,1
-2.89394,-6.77401,7.37833,1.18613,1
-3.44057,-1.01589,2.65033,0.27500,1
-0.35249,3.49912,3.40598,1.06728,0
1.59760,1.35070,4.81481,0.49613,0
3.59707,4.67608,-0.47870,0.65375,0
2.87691,-7.77144,11.52905,-1.47373,0
-2.85457,10.30413,-3.90882,-7.24944,1
3.95911,1.55492,0.35370,1.07612,0
-3.69461,0.16758,2.52308,0.54480,1
-3.39823,-0.94069,2.23700,0.54017,1
-0.16702,1.02680,-2.15776,-0.54240,1
3.59631,8.50656,-5.56231,-4.26742,0
0.80411,2.97948,-4.42482,-0.55665,1
-0.69092,-10.25415,6.14842,0.31355,1
0.40050,1.27126,-1.62709,0.55239,1
-1.23581,3.43683,-2.78503,-3.54502,1
-0.77290,0.02753,-0.96832,0.14785,1
0.41490,-1.76875,4.81494,-0.24205,0
-1.99517,5.46262,-2.33748,-6.36559,1
-3.37327,10.00393,0.38004,-5.86560,0
-2.59018,-12.27611,11.65124,-2.20476,1
-1.34039,-7.16374,5.66339,-1.39905,1
3.58338,3.81540,-0.68083,1.11379,0
-0.73759,4.54778,-4.22351,-4.48851,1
-1.53056,-5.68032,5.46847,0.67496,1
0.06123,10.48875,-1.41130,-5.06287,0
2.84527,-2.12698,3.64010,1.47889,0
3.29336,-1.30159,2.48097,0.23295,0
4.59676,8.21833,-5.52214,-3.36090,0
0.69884,10.53504,0.93322,-3.45202,0
-2.72390,-2.00812,3.70065,0.60132,1
-2.13478,-1.59897,3.98177,0.48584,1
-0.90383,-0.51300,0.73864,0.91393,1
3.20245,-4.41274,4.15720,-0.66227,0
1.72631,-0.24177,4.37543,0.42971,0
-2.73618,-8.77807,8.78056,0.16854,1
-1.28861,2.13756,-1.60696,-0.30669,1
4.16217,7.64742,-2.62941,0.48333,0
1.38761,10.71968,0.83144,-4.85338,0
1.75360,8.52247,-0.97154,-2.60935,0
4.10478,4.38361,-1.13000,-0.17881,0
-4.29027,-7.70805,11.90250,-0.06529,1
-3.03005,5.33684,-2.18538,-3.74412,1
3.98114,6.47872,-2.34196,-0.13497,0
2.20260,6.59987,-0.82960,-2.90066,0
3.95150,2.89589,0.50926,-0.03028,0
-1.75515,-4.61627,5.37043,0.72422,1
-6.19461,4.69554,2.13282,-3.57746,1
1.91802,7.44437,-0.54263,-1.68532,0
-3.58035,-10.53791,13.19570,-2.09847,1
-1.55920,11.43571,-2.68957,-5.55978,0
-0.88444,-6.53655,2.65577,-0.90748,1
-0.11871,-5.71035,2.90613,1.16271,1
-6.02059,7.14240,1.19931,1.82708,1
-5.38995,4.95462,1.16769,-2.46037,1
9.76648,23.65960,1.53593,-0.00994,1
3.06176,0.50872,2.18281,1.39126,0
3.63483,12.07981,-3.89549,-6.75397,0
0.18101,-3.16914,1.75926,-0.94921,0
-4.44289,-12.16290,14.07555,-1.77386,1
-5.30755,7.95033,-0.95055,-5.64568,1
-6.37404,7.54254,0.16672,-5.49521,1
1.00472,0.27182,3.22506,-0.38667,0
-2.11323,10.35378,0.14809,-5.60113,0
1.32396,9.32412,-1.32525,-3.52513,0
-4.07980,7.08041,-2.31278,-9.55462,1
-2.18975,2.91391,-1.88224,-3.17975,1
-0.65779,32.82678,-0.89205,-13.05649,0
2.79408,2.38154,-5.97585,-3.90080,1
-4.57400,-8.48709,14.57934,-1.90631,1
-3.26636,5.18753,-0.84604,-4.41911,1
4.35788,4.82668,-1.63043,0.74651,0
5.95223,2.69595,-2.35401,-0.17688,0
4.61393,-4.49592,2.48687,-0.34387,0
-7.08047,-20.59751,19.77671,-3.01510,1
4.58507,-2.39483,19.10014,0.49459,0
-2.42669,-1.49264,5.75333,1.47583,1
1.43805,9.46482,-3.17191,-4.15053,0
-3.62344,3.68474,-0.63680,-3.44800,1
-1.94884,-0.88261,1.82019,0.87291,1
-0.31078,10.68459,-0.96518,-5.86941,0
2.27764,7.97406,-2.14239,-0.36419,0
0.50386,9.38610,1.37596,-3.33007,0
2.03589,3.76980,-5.60883,-2.49135,1
-2.59944,-4.61685,6.99173,-0.13652,1
-1.61463,0.10468,1.41053,-0.48300,1
-1.97234,1.56836,-0.86916,-0.56919,1
5.33219,-1.64279,-0.19682,0.52029,0
4.83525,-1.69629,3.03136,2.01314,0
2.35377,-0.50121,-4.44807,-0.09188,1
-0.43114,5.12252,-3.44396,-5.77137,1
7.13530,5.28580,-5.05186,0.44962,0
-2.45947,-5.96414,7.38487,0.30937,1
2.95117,8.09606,-2.58307,-0.58397,0
-0.32955,-9.50918,5.30080,1.13117,1
4.69503,8.72912,-2.11869,-1.42612,0
3.50148,8.46143,-2.59939,-0.77310,0
-0.68887,-5.70814,4.95216,1.29789,1
-3.89181,-13.16511,13.73675,-3.10396,1
3.75152,3.66773,0.57265,0.57027,0
-4.21213,4.72946,0.08016,-2.65041,1
6.73689,0.64939,-1.11099,2.28922,0
2.07468,7.75755,0.30605,-2.50928,0
1.66277,2.88098,-4.11199,-0.41741,1
1.74105,8.04383,-2.66436,-0.90789,0
7.29691,6.36955,-4.43962,-0.36643,0
2.41831,11.48290,-2.01330,-3.63887,0
4.55016,4.74524,-2.55863,0.00077,0
0.42122,-6.40708,4.03100,2.46515,1
-0.71129,-0.77999,1.12197,0.97388,1
2.81147,10.26190,-2.42223,-2.30133,0
-0.79503,1.06322,-0.49049,0.43988,1
2.51151,1.39541,2.22320,1.69722,0
0.06281,3.11967,-2.46517,-0.72649,1
3.35847,6.58939,-0.75523,0.56776,0
-2.18504,11.06489,0.68664,-4.20277,0
-2.48889,5.24430,-2.28482,-4.74200,1
4.34936,-1.13304,2.31688,1.38034,0
-3.41642,2.78725,-0.45155,-3.30726,1
4.40424,3.15361,-0.87136,0.21119,0
3.37801,8.46923,-3.51428,-0.48837,0
-4.86722,6.83656,0.61119,-4.55016,1
3.40708,3.87326,-0.32130,1.24552,0
-0.98845,-2.96325,2.80276,1.02918,1
5.14363,1.79222,0.18315,1.72897,0
-2.39212,0.50612,1.58743,0.00636,1
-1.26260,2.00885,-1.62771,-1.56725,1
2.82032,5.45788,-0.61518,0.23711,0
3.53020,-2.82729,6.13654,-0.13389,0
-1.36895,4.28591,-1.38533,-1.01196,1
0.31218,5.89593,1.45834,-1.03235,0
2.61661,7.77249,-2.22299,-0.80309,0
3.27841,5.52476,-1.61450,0.53408,0
-2.59433,-7.47067,5.94633,-0.38555,1
-1.36523,8.89511,3.29690,-1.48416,0
2.77945,6.12077,-3.44893,-2.35864,0
1.66252,10.02431,-2.15336,-3.81369,0
1.72269,2.87752,2.61015,1.10357,0
0.76498,0.45961,-1.54341,1.02400,1
4.23450,1.65698,0.26185,0.62807,0
-1.09988,-0.74788,1.89757,0.82336,1
-2.49269,-7.15400,9.96948,2.40716,1
4.36320,2.24366,1.49374,1.08723,0
3.08940,-1.40860,6.81274,-0.56497,0
0.57729,9.76877,-3.19715,-5.51959,0
-0.93683,2.02529,-3.18913,-1.95743,1
1.36915,6.51187,1.06303,-0.44774,0
1.45279,-0.50268,5.47249,0.69573,0
-3.06119,6.78635,-0.60232,-1.57216,1
1.92427,8.67992,-0.03190,-1.28258,0
-4.10872,-7.80140,11.15302,-0.54317,1
1.13785,6.30368,1.12015,0.06282,0
0.47754,1.54239,-3.27904,-2.21152,1
-1.39677,3.08259,-1.90402,-2.76769,1
-2.16383,0.44037,0.14788,-1.30404,1
-0.65335,3.80231,-2.43187,-1.05557,1
-1.80181,0.14531,1.54862,0.37866,1
2.10205,7.66709,-0.94249,-2.15944,0
1.84457,3.84030,1.92370,0.66269,0
-0.38631,0.85534,4.42675,0.38007,0
6.10806,-2.93545,-0.72925,1.17009,0
-3.34759,-9.76939,9.12973,-1.13028,1
3.01921,8.84581,-1.48523,-3.63320,0
2.08930,-3.32679,4.11779,0.06950,0
-3.55615,-3.12575,6.98905,0.41966,1
6.20598,6.74863,-2.86639,-0.38059,0
-1.96977,0.10930,-0.28600,0.27156,1
1.94638,4.12112,-5.37754,-3.92537,1
1.43276,-0.01212,-0.83524,0.03197,1
2.33407,-0.99038,5.41122,0.65252,0
5.02059,5.05434,-1.92217,0.17729,0
-3.31971,-9.79378,10.05480,-0.72697,1
-1.07004,1.62864,-2.57953,-4.49438,1
-2.74415,-6.42014,8.24780,-0.27539,1
0.27564,6.94706,0.60664,-1.12834,0
4.29938,6.58640,-1.12122,-1.10660,0
2.47761,5.76793,0.46904,-2.33569,0
0.10572,-2.72094,7.05361,-1.44181,0
4.85589,2.11863,0.82642,1.96521,0
4.47809,9.90680,-1.55964,-2.08325,0
2.07047,6.55414,-1.21729,-1.44150,0
-2.25443,0.80309,-0.91637,0.54070,1
2.86889,3.74994,2.17610,0.95753,0
1.36378,-0.45395,4.90574,-0.53650,0
2.67631,2.99434,-0.41503,-0.19101,0
-6.28778,7.62351,0.34211,-6.92055,1
0.86810,-2.55791,5.23672,0.37697,0
0.14609,11.21077,-0.87648,-5.25711,0
-2.28041,-11.09061,13.29791,-1.50774,1
-2.09768,4.69360,-1.28628,-3.24511,1
-2.69314,-10.72653,9.95515,-2.15469,1
-1.31974,-8.41419,25.03773,-0.02937,1
-1.73048,4.85571,-3.43797,-5.68202,1
-3.16066,-12.84053,13.64537,-2.68660,1
0.68913,0.92248,-3.13962,0.57532,1
2.88696,0.80555,1.74510,0.27470,0
2.96101,7.42506,-2.53145,-1.17285,0
-0.15102,8.95123,0.35607,-2.56579,0
1.26744,10.27699,2.82076,-2.60718,0
-4.36477,4.86318,-0.36644,-5.90864,1
5.24834,1.66660,0.25502,1.12756,0
-1.71639,5.35963,-2.91495,-4.38803,1
0.47404,8.00917,-0.15661,-1.70534,0
-12.26790,-2.44612,1.28448,-7.84916,1
-3.63895,-9.18670,11.55170,-1.28857,1
-3.18150,-1.68603,5.48672,2.09788,1
2.85181,1.32167,2.78395,0.63852,0
2.95565,7.63189,-2.43746,-3.77693,0
-1.17468,-1.44653,2.48145,1.53015,1
-0.96752,4.67040,-2.90777,-4.87290,1
4.55667,2.05979,0.26079,1.35281,0
4.16185,-2.22694,3.75612,2.35446,0
-1.85018,6.05220,-3.04230,-5.23088,1
0.81854,9.64377,-2.03645,-1.42116,0
4.57484,8.54447,-1.06120,-3.32010,0
-1.35987,1.56432,-0.88075,-0.39291,1
-3.35081,2.81931,-0.78612,-4.59245,1
0.13252,7.84271,0.11143,-0.62497,0
4.93951,2.19815,-0.03553,0.50653,0
2.93501,-4.12577,3.99382,0.21894,0
-4.25173,5.79229,-0.65682,-4.17696,1
0.78905,0.20095,-0.49724,1.06250,1
1.66386,-0.81043,4.76170,0.23145,0
-2.44262,-6.76652,5.07094,-0.83516,1
4.12562,0.82084,0.33006,0.71717,0
5.38786,10.75056,-4.57485,-3.78170,0
4.79749,11.54239,-2.17048,-3.19527,0
2.01858,5.32826,0.33436,-0.17694,0
-4.28236,-14.21499,16.10766,-2.82983,1
-0.63929,2.24627,-3.22987,-0.95827,1
3.46270,10.86520,-3.77691,-4.61737,0
0.23865,-3.33573,4.53787,-1.33735,0
4.32228,1.65529,0.05995,1.17565,0
3.35130,-0.32902,2.78749,1.32276,0
3.48145,3.57524,-0.42858,-0.32677,0
0.53390,8.36362,-0.41662,-1.56163,0
0.04347,-3.24200,1.26038,2.05372,1
5.28382,-2.89509,2.59826,0.03974,0
-2.03841,-10.28773,9.44399,-0.10552,1
-1.25692,-8.73002,7.12643,0.26950,1
1.75891,9.95449,-0.57922,-2.70419,0
3.83577,0.28932,0.10295,0.15011,0
0.12337,10.81922,0.03776,-4.14586,0
0.78988,2.72167,4.87445,-0.21082,0
2.27196,7.56326,-1.86760,-1.18065,0
4.58127,0.71125,2.04485,0.76713,0
-1.11928,24.93714,0.66499,-0.49792,1
-2.27173,0.42542,0.32511,-0.98514,1
-0.31330,3.92855,-3.45399,-3.90634,1
0.15239,0.34288,-1.75036,0.29220,1
3.07481,7.77881,-4.21541,-0.40781,0
4.42379,-0.92102,4.44782,1.59264,0
-0.15183,-8.87491,6.28587,0.76626,1
-1.86665,2.23913,0.17793,-0.71740,1
6.04732,-4.63749,-0.83873,0.72254,0
4.22096,1.90727,-0.91362,0.55605,0
-5.88313,7.24541,1.11587,-5.06753,1
0.44350,0.80008,-2.95142,-0.15246,1
-2.26567,-10.00372,6.98264,-2.10823,1
-0.48398,1.11127,-1.74572,-0.78200,1
1.58254,10.77047,-0.84123,-3.51655,0
3.11017,-1.93624,1.29521,0.64542,0
4.66113,8.72193,-6.94682,0.28329,0
-1.23655,0.82064,6.34052,0.54704,0
-3.75327,-9.54297,11.43355,-3.10631,1
2.40045,2.76112,1.29510,0.68326,0
0.79271,8.60325,-1.11590,-1.95535,0
0.87402,3.55216,-4.85076,-3.19220,1
4.32976,3.47046,0.38634,0.72425,0
-2.59632,-2.61894,2.53349,0.95271,1
0.42065,9.59468,0.97221,-4.27588,0
-2.61167,-9.36832,11.42872,-0.38522,1
1.83059,2.80055,1.79814,0.00763,0
1.30214,11.96678,1.64358,-2.05729,0
-1.04418,-1.30761,0.17950,-0.24280,1
-0.12636,9.77373,0.46409,-4.43224,0
5.28751,-3.98480,0.83066,1.22546,0
1.78264,8.09895,0.09073,-3.02367,0
7.03969,-7.59559,0.97225,0.67188,0
-1.05335,-6.46606,6.42824,-0.39123,1
-0.76103,1.85654,-0.94086,-1.54225,1
-3.93130,-8.48130,12.25853,-0.38655,1
4.98561,10.88742,-4.76597,-4.26082,0
2.36162,7.50359,-1.42859,-0.83981,0
2.55172,4.24091,1.14042,0.20115,0
-1.53844,7.37103,3.13946,-0.93086,0
-4.75905,3.83482,0.70943,-2.30319,1
2.71596,-5.08330,6.06629,0.85236,0
0.19233,1.61077,-1.73377,-1.48604,1
-3.05650,-10.92565,13.51608,-0.83786,1
-2.63856,-13.85120,14.14025,-2.62962,1
4.41591,11.18588,-7.45936,-6.09154,0
-1.01905,-7.96098,6.55258,-0.75875,1
4.38875,8.76979,-1.64515,0.35518,0
2.68634,6.92972,-1.90828,-0.00022,0
3.76984,0.64890,1.29015,1.12517,0
4.69305,1.59085,0.05102,2.20227,0
-0.18155,3.21974,-2.67917,-3.62318,1
-2.39684,-8.67434,9.30972,-0.47533,1
-2.21904,9.51363,1.43319,-5.41415,0
3.36499,9.37566,-3.55901,-4.76330,0
-6.90369,4.42082,2.80866,-3.76098,1
-2.88677,-10.08952,10.06044,-0.08817,1
-0.35477,-4.14397,2.30518,1.80902,1
-2.12917,5.19058,-1.91110,-4.53366,1
-1.21432,-1.03947,0.19593,1.16979,1
2.62876,11.98283,-2.58818,-4.93601,0
-1.39083,-3.62558,4.84688,1.83806,1
-1.95210,10.12777,1.42056,-1.68448,0
-1.17218,0.81234,-1.57366,-0.57297,1
1.87550,9.13160,-3.23230,-5.21157,0
0.00339,11.01989,-0.57968,-5.25656,0
2.64806,7.41835,-1.47152,-0.26022,0
3.08732,2.68449,-5.66242,-0.78193,1
0.35479,-0.52283,3.64927,0.61759,0
4.46730,-3.97513,4.05225,-0.39777,0
3.23808,10.03478,-5.32294,-4.73188,0
-4.14586,-12.16730,13.23977,-0.66855,1
-3.17828,-1.70086,2.40616,-0.10034,1
-1.09779,0.48679,-0.23685,-0.46806,1
1.81474,7.99904,-0.74366,-1.31352,0
-4.21328,-13.36649,17.27219,-2.12541,1
5.00019,3.08035,-0.85099,0.97933,0
-0.67164,5.55785,-3.71907,-5.65331,1
-1.14778,-6.81465,4.22412,0.15841,1
-1.09489,-2.37690,5.86308,-0.76827,0
2.04536,4.30888,-6.09806,-4.99342,1
-2.87203,4.45754,-0.82596,-4.20877,1
2.62653,11.96472,-2.80460,-3.91687,0
3.90965,3.58028,17.52067,-8.59851,0
-1.77080,-13.27450,14.32853,-1.70750,1
-2.25470,-6.31680,5.83984,0.37581,1
-1.73850,-8.06073,8.92218,0.84000,1
0.22326,10.73819,1.51055,-3.58152,0
-1.74069,-6.03517,4.92080,0.09164,1
5.08241,7.51670,-4.62119,-1.65219,0
-1.05255,0.28744,-0.35832,-0.56109,1
1.10533,7.94019,0.78441,-0.80805,0
3.33181,2.18813,1.18757,0.75840,0
2.14757,8.54693,-1.13479,-1.85689,0
-0.39781,4.67503,-3.65464,-4.63564,1
4.27271,-5.49429,3.80400,-0.24873,0
-2.72859,-6.97655,8.62051,0.26933,1
1.70483,6.73558,1.52867,-0.33991,0
-2.83759,-3.73585,7.66666,1.26700,1
4.60333,-4.83327,-0.35709,-1.49249,0
5.18860,6.12962,-4.14939,-0.55984,0
3.78474,-4.57199,4.01751,-0.58654,0
-2.03777,-1.81451,1.11025,1.62550,1
-4.10401,-6.02621,7.03459,-0.33389,1
3.02650,4.31229,-0.47850,0.01127,0
2.16905,-1.11854,4.79035,0.94141,0
3.52571,7.53023,-1.60497,-2.72120,0
0.10871,4.64469,-3.35435,-4.54417,1
-2.70491,2.32027,-1.47457,-0.35739,1
0.11141,8.65077,0.35800,-1.07507,0
-0.09645,-7.35803,4.94373,0.67109,1
-0.55301,-0.76144,0.69291,-0.72872,1
2.40904,0.43072,3.68643,0.60641,0
5.00697,-7.35484,22.68614,-0.63666,0
2.47179,10.04744,-2.14045,-0.03038,0
1.73617,7.59389,-1.25225,-0.38089,0
2.16304,8.11340,-1.74181,-0.55701,0
2.83258,4.13460,-0.44740,0.20151,0
4.90946,-4.55338,4.26244,2.97423,0
-1.04112,0.66830,-0.78997,-0.13780,1
1.75401,8.63834,-0.89710,-3.31642,0
-3.07075,-3.81061,6.50558,1.00629,1
3.41955,10.08806,-4.09959,-2.11588,0
1.06881,8.38688,-2.79076,-2.94297,0
1.39111,10.17311,-0.00229,-4.05083,0
2.17455,4.13811,1.93287,0.43861,0
1.01503,6.99244,-2.26276,-2.94512,0
4.41554,-3.46202,5.89600,-1.11416,0
2.63038,2.54253,-0.07503,0.95458,0
-1.01089,-3.85230,2.75975,1.55970,1
-2.13490,-4.85423,7.41215,0.19096,1
2.31710,9.36469,-0.10337,-0.86648,0
4.49796,6.79506,-4.30681,-0.28362,0
-0.81983,2.60236,-1.23814,-0.47170,1
-2.20323,-10.07638,10.02851,-1.00349,1
2.12670,33.43983,-1.19565,-3.47557,0
0.34713,1.70125,-2.04600,-1.11311,1
-3.84073,-10.19019,13.46527,-1.73768,1
-3.45393,4.99903,-1.41094,-4.32717,1
-0.77637,1.01790,3.91864,-0.17908,0
-1.77757,-0.15491,0.28296,-0.47301,1
2.22475,-0.49713,6.71114,-0.33681,0
-0.71662,9.98915,-0.46978,-1.95970,0
2.36821,-0.69433,3.29569,0.29054,0
3.51286,3.46653,-1.24573,0.68879,0
-2.56157,5.12883,-1.36971,-4.79274,1
3.75701,6.58778,-1.69739,-1.32335,0
-4.82345,1.44991,-16.61400,-1.12116,1
-0.76564,8.38779,0.06788,-5.12041,0
4.92296,-1.37359,3.66537,2.24755,0
0.01598,1.74139,-2.59821,0.38836,1
0.33239,11.76083,-1.24560,-4.91183,0
-5.14442,2.09722,1.77219,-1.28833,1
-0.33274,-1.38230,0.83495,0.33080,1
0.55658,4.34857,-3.37597,-2.79416,1
3.34183,3.43717,0.15081,0.88039,0
7.00918,8.22584,-2.01017,-1.02333,0
2.77065,10.44127,-3.47040,-4.90856,0
0.93903,6.53107,0.40163,-0.55234,0
-6.02282,6.83462,0.87568,-1.75903,1
-0.26711,1.51024,-2.63696,-0.84642,1
1.01033,8.64601,-2.06863,-0.60408,0
-0.12377,-7.04436,5.36751,1.28903,1
7.42762,6.30416,-4.68631,-0.79288,0
1.66330,-5.61914,6.69363,-1.15722,0
-2.79867,-0.42978,2.19348,-0.54726,1
2.41144,9.16810,0.32378,-4.55681,0
-4.81047,11.03184,1.63375,-5.60143,0
-2.25213,5.56723,-2.36779,-3.78928,1
1.20454,5.56406,-0.14115,0.33831,0
0.53703,8.59107,-0.70282,-2.59777,0
-2.06326,-1.71489,2.93712,1.93326,1
-0.22686,9.21186,-3.52502,-4.48912,0
5.19654,8.29013,-7.25529,-2.25300,0
4.34110,0.40228,1.91217,0.91824,0
-6.50323,7.53905,0.43020,-4.47152,1
2.36836,-2.01237,5.37106,0.47113,0
-0.17874,-9.78505,7.08860,0.42296,1
3.48014,4.47148,-0.80887,0.11889,0
-5.44645,4.92401,0.65097,-2.10009,1
14.07066,7.76418,15.50589,-0.27541,0
-1.45806,-7.38131,5.87335,-0.80874,1
2.90467,4.39095,0.70888,0.72792,0
4.34386,-1.29683,4.60648,-0.00215,0
2.52991,2.83155,0.86158,1.04386,0
0.78471,0.57539,4.22079,0.66286,0
0.73029,5.71100,1.79598,-0.68719,0
0.76515,11.56584,-1.70109,-5.03817,0
1.36385,10.00738,-1.56063,-3.99047,0
0.11945,-5.01460,1.47596,0.82924,1
-2.65526,-6.96153,7.92679,-0.53867,1
-2.72600,0.05203,3.13370,1.19015,1
-0.31170,8.95810,-0.22267,-1.55712,0
-3.20838,3.24960,-0.41029,-4.04113,1
1.05271,0.54973,-2.03535,1.91195,1
-1.21743,-9.35469,8.10487,0.69879,1
-2.14093,-10.50522,8.56975,-1.49562,1
1.87369,-0.09411,4.52281,-0.46912,0
2.86875,1.57420,1.94212,1.43685,0
-4.21764,4.32995,-0.09954,-4.28419,1
-1.98283,4.61795,-2.53100,-3.49829,1
0.65731,-0.09763,6.13609,1.03042,0
-2.14131,-3.00694,5.35806,0.86150,1
1.58520,8.57647,-0.99345,-2.23268,0
-5.50738,6.88300,-0.44152,-6.71372,1
2.25346,7.47962,-0.27808,0.08279,0
-1.60795,-8.09455,9.78229,0.04737,1
3.63231,3.60655,0.75836,1.16756,0
3.29240,6.59109,-1.04860,-0.27910,0
-1.28999,-0.08285,1.07565,0.85265,1
1.80780,-2.85529,7.27556,-0.97333,0
2.80924,8.14046,-0.64201,-1.25134,0
-2.48379,-7.29660,8.47233,0.37197,1
-2.92398,4.30347,-0.95379,-3.27399,1
-0.37090,10.69299,-0.39673,-4.48230,0
-0.96849,10.58375,0.76229,-4.39999,0
2.31931,4.40443,0.21267,-0.81555,0
1.06634,10.38450,-1.28132,-4.44677,0
-0.73920,3.46526,-3.01190,-3.11248,1
2.28846,8.96835,-5.31276,-3.57030,0
6.73224,-5.57455,-0.83279,0.25144,0
-4.83145,-13.13178,18.05175,-2.15640,1
4.68228,10.49286,-3.20012,-4.77965,0
0.45470,-0.17671,2.38417,0.25164,0
-2.06934,-5.10997,6.56596,-0.45228,1
0.28933,2.82892,-3.14468,-2.62661,1
5.13678,7.98705,-4.90129,-3.08552,0
0.48610,0.51587,5.83910,0.73090,0
-2.21164,-8.98828,8.25080,-1.17078,1
1.48904,0.04504,-1.39212,0.12893,1
1.06317,-2.99076,8.47082,-1.44538,0
-0.70665,-0.21118,0.49486,0.41256,1
3.06715,1.06525,3.92502,1.64292,0
1.07864,7.11255,0.12239,-0.60536,0
-15.09745,-8.46976,12.95196,6.82438,1
-1.97170,-3.96026,5.30164,0.45464,1
-1.29160,1.88965,-1.22730,-2.72754,1
-2.94063,7.41217,-2.90780,-7.19628,1
-4.34423,1.76638,1.10918,0.60609,1
-0.16924,0.06600,-1.65746,0.13290,1
1.03534,7.17716,-0.11261,0.13699,0
-1.92698,-3.98894,3.87016,-0.08931,1
-1.52588,7.04594,-3.09791,-8.09067,1
1.79205,6.97131,-0.35685,-0.94196,0
2.17337,-1.31596,8.12013,1.68003,0
-2.25256,0.30634,1.29966,0.56470,1
2.76469,0.36008,-3.93222,-0.51460,1
2.33368,7.25094,-1.91367,-1.61503,0
4.09821,11.00198,-4.08287,-0.89945,0
1.49589,7.99751,0.45659,-0.71578,0
-2.69355,-8.96075,10.20268,-1.47564,1
0.02929,0.71873,-2.59811,-0.06808,1
0.15398,11.14395,-1.41735,-3.57212,0
2.57340,9.97407,-2.90711,-4.34802,0
2.65279,10.34292,-3.14695,-5.30492,0
-0.58975,0.60106,5.34233,0.18262,0
0.98286,-2.83730,7.01617,-0.36073,0
1.46497,7.88756,0.06588,-0.85755,0
3.32582,3.06320,1.57687,0.58447,0
-7.58532,6.26714,2.64211,-1.25379,1
-2.96490,-0.39351,2.09260,-0.83236,1
0.56558,1.60459,-2.85030,-0.37752,1
3.80090,7.91214,-3.06154,-1.12123,0
-1.07375,-7.62322,5.02552,1.03006,1
-0.43338,5.44520,-3.73163,-4.47207,1
1.84361,-5.14660,5.72278,-0.82758,0
1.90346,9.54225,-3.38465,-4.04597,0
0.24790,3.26435,-2.38090,-2.36447,1
2.00907,11.39266,-3.54622,-5.55331,0
1.76654,11.83804,-3.16629,-1.94206,0
-1.83436,0.31618,-18.10902,-9.14230,1
3.14363,11.21067,-2.33443,-5.26465,0
-2.59992,6.66325,2.20369,-1.20946,0
2.05884,-0.14124,3.07318,0.75659,0
2.18657,8.50215,-1.64960,-1.79769,0
-1.66157,1.69130,-1.56898,-0.72285,1
-2.00988,-11.24405,11.54493,-1.79760,1
6.27436,4.67707,-3.07524,0.36492,0
-1.42855,12.42676,-1.75248,-5.79790,0
2.85804,1.50888,0.83283,0.82670,0
-5.13650,-8.50384,14.90387,-2.18161,1
1.19819,7.80999,-1.16812,-3.24983,0
1.50659,-5.25490,7.32273,1.01138,0
-1.10707,4.23268,-2.42544,-2.63989,1
1.18143,-0.15264,5.36195,1.53534,0
3.19699,1.49055,2.68775,0.96768,0
-4.64233,6.09497,1.18746,-4.08873,1
1.65230,-3.02944,4.00507,-1.14886,0
0.23791,1.32208,-1.02816,0.59156,1
0.68802,-2.02369,7.86095,0.68001,0
-2.62237,10.35648,-1.35767,-5.76644,0
-0.91895,9.80116,2.59190,-4.78759,0
5.00343,-1.15730,2.31168,2.24617,0
2.40712,3.17233,3.01234,0.84446,0
1.66653,6.38049,0.93060,-0.66983,0
0.40503,6.06054,1.13681,0.04932,0
-1.84738,-3.34516,5.31495,1.32583,1
1.30512,2.79664,-3.36413,-0.13518,1
3.75600,-0.23055,2.38259,-0.16197,0
-1.24187,-4.45924,3.53196,0.65081,1
3.05452,-3.38665,3.99701,-0.45996,0
3.89439,1.80099,1.36355,1.16445,0
1.28587,8.24540,1.01483,-1.14823,0
1.97002,0.08275,3.28541,0.94794,0
2.56560,7.77877,-3.31942,-3.08039,0
0.21221,1.64758,-2.53189,-1.02680,1
-1.93620,0.23843,0.59100,0.71540,1
-0.45226,1.15434,-0.95466,-0.50512,1
2.29148,6.18677,0.23875,0.54231,0
4.48953,-5.47892,4.39491,-0.46738,0
3.03839,1.70816,1.09707,0.57859,0
1.69640,-2.21912,3.47955,0.24110,0
5.76963,7.19447,-2.36201,0.59257,0
5.57727,0.51933,0.00269,2.00899,0
-2.32059,1.73162,-0.56089,-1.81177,1
1.16780,4.83501,0.50431,-0.59861,0
3.86594,3.42805,1.25361,1.19142,0
-2.61944,-11.44725,10.63953,-1.38077,1
2.51074,1.29628,3.92102,0.97850,0
4.02672,7.90726,-3.62686,0.09774,0
-0.10301,22.73397,-16.22703,0.62466,1
2.34292,5.01823,0.28334,0.89769,0
2.19903,6.68460,-2.19449,-4.02216,0
2.38686,-2.57657,2.34039,0.24393,0
4.04938,-3.12849,4.29011,-0.36385,0
-1.72906,-3.28943,3.21269,-0.30855,1
-1.52792,8.08591,0.75721,-2.02266,0
-0.19769,-0.06984,-1.53964,-0.40616,1
1.99110,-0.09202,5.14829,1.18644,0
3.48405,4.06590,-0.17699,0.88398,0
0.52795,-4.21614,9.19978,-0.76669,0
-1.41383,0.09074,0.75931,0.26674,1
-0.80542,-0.80099,-0.54139,-0.88910,1
1.00490,1.24908,-2.92584,1.08867,1
1.52162,7.23448,-0.49397,-0.36311,0
1.13718,9.49568,-0.68561,-1.45673,0
5.83135,6.45292,-4.96250,-1.17989,0
2.70118,9.76293,-0.98092,-3.11056,0
-0.41166,3.74580,-3.73585,-2.71217,1
-1.60023,-5.15267,5.54654,2.00216,1
0.69070,8.64187,1.89098,-2.18525,0
1.31701,1.24147,-2.96710,-1.85259,1
2.73349,0.02056,2.39749,0.55681,0
3.78914,1.38524,1.83602,1.09608,0
3.15029,1.25875,1.14111,0.50560,0
-1.88099,-1.44329,1.98161,1.24357,1
4.97724,-3.83511,4.13786,1.22857,0
1.24469,-0.05101,-1.60478,0.71982,1
1.12737,9.12719,-1.05298,-1.03067,0
-2.22330,-12.16643,11.87113,-0.77174,1
-0.36690,3.23093,-3.65003,-3.57425,1
2.39589,11.01065,-2.53274,-3.62985,0
2.44917,6.57898,-2.95628,-0.79120,0
-1.93577,5.59830,-2.13012,-4.77262,1
3.23511,5.18857,-1.21350,-0.45302,0
2.17850,-2.83474,3.64525,0.06816,0
2.67658,2.28853,2.60255,0.43608,0
-1.56400,-3.48768,2.89995,1.07105,1
3.13324,3.80031,0.51377,0.76183,0
1.80015,10.89774,-1.29561,-3.89643,0
-0.10397,2.90133,-4.14083,-3.80909,1
0.91840,-3.15960,5.10933,-0.22995,0
2.37139,10.62212,-2.83742,-1.55734,0
4.44367,11.30423,-2.16824,-3.44975,0
-1.29866,0.17478,1.77499,0.23643,1
-0.04705,1.42380,-2.49423,-0.49980,1
-3.90271,-12.41454,15.51109,-0.60199,1
2.51949,8.28613,-0.26321,-0.20399,0
-3.12040,-6.93312,7.08003,-0.87666,1
-0.54624,8.88327,0.51942,-2.01116,0
-3.05350,5.75672,-2.23922,-5.50566,1
4.85736,8.45203,-3.87588,-2.35060,0
2.03785,6.29865,-0.58885,-0.06949,0
-0.03886,11.34636,-1.90309,-4.94268,0
-2.51528,-10.09849,9.82193,-0.52951,1
-4.46673,-7.76278,12.77714,-0.76918,1
1.52969,10.66740,-1.18702,-3.41687,0
1.55704,4.47897,1.80831,-0.36652,0
-3.00180,-6.46894,6.76167,0.05458,1
-1.04183,4.78740,-2.63484,-3.11543,1
3.40785,10.93886,-3.62818,-4.62208,0
2.57692,0.26663,2.65580,0.60377,0
3.53321,6.67843,-1.85500,0.04239,0
-0.06547,1.10499,-2.73204,-0.34884,1
-2.18178,1.56285,-0.39767,-0.55319,1
3.01437,5.55408,0.25279,-0.50055,0
-1.10861,7.74821,1.74362,-4.81238,0
-1.65657,2.30653,-1.49433,-0.93848,1
-2.06388,-11.36765,12.44245,-1.00469,1
-1.85238,10.18638,2.84150,-4.05710,0
1.97541,2.36921,2.44883,-0.22906,0
-0.91846,0.09320,-0.32174,1.14278,1
2.65747,8.20888,-2.81853,-3.20414,0
4.06216,10.42487,-2.69725,-4.37626,0
3.17185,-6.93575,7.67208,0.35693,0
-0.17586,2.75611,-3.26551,-0.57953,1
-0.90617,10.59775,-1.00320,-5.44284,0
2.19419,-0.58515,6.78819,0.90890,0
-3.12640,3.18149,-1.05296,-3.12558,1
0.31304,0.76594,-2.00667,-0.03317,1
2.25641,-2.05661,3.79043,0.84258,0
-4.14841,6.64587,-1.53817,-6.73265,1
-1.18430,7.64187,-1.67277,-3.70250,0
0.99194,5.54807,0.59259,-1.15225,0
-0.25458,-0.73960,-0.50830,-0.86243,1
5.03871,-0.82916,0.62273,1.51768,0
0.25025,8.21713,0.17061,-0.74316,0
4.63239,6.88353,-2.93444,-0.21490,0
2.73747,3.85764,0.92449,0.39543,0
1.97023,-3.73356,5.29006,0.17747,0
-2.38281,6.80970,-2.81546,-4.97957,1
1.72605,-0.02108,2.59597,-0.68950,0
0.74645,8.94237,-1.43467,-0.90392,0
-3.41058,4.12622,-0.67105,-2.60986,1
1.11977,6.23458,0.47381,-0.79636,0
1.42693,9.06227,-2.40237,-3.35799,0
3.97834,-1.54605,3.42693,1.67982,0
-2.96838,-0.66932,3.01481,0.48028,1
2.58881,1.51408,1.15613,0.08374,0
2.87910,-3.62137,3.69023,0.18542,0
-3.94343,4.71452,0.55401,-0.02688,1
2.73405,-5.17332,4.30052,0.70053,0
-0.97577,-3.59782,3.16343,2.10424,1
2.97347,-7.78294,3.46173,-1.22776,0
0.99595,-2.20578,1.52191,1.07987,1
3.72452,4.06381,0.32348,0.61275,0
-2.14690,-9.67246,10.85954,-1.67031,1
-2.18775,5.10469,-2.46617,-4.40486,1
0.28459,-0.23985,6.45071,-0.82543,0
5.54178,-2.81184,2.44121,2.90651,0
0.26360,0.31652,-1.29869,0.21557,1
-4.46098,-9.16061,13.76034,-1.20776,1
-4.26508,5.46185,-1.15765,-2.99192,1
-1.97524,1.10151,0.20715,0.16841,1
-2.71121,3.03572,0.23498,-3.04845,1
3.50133,7.07066,-2.30373,0.25198,0
4.50729,-1.73057,2.12434,1.56221,0
2.07449,-4.56840,10.16797,-0.05423,0
-3.69093,10.19353,2.51650,-5.24057,0
-1.43408,-0.68465,0.82802,-0.14432,1
3.15939,-1.11076,3.76798,0.01795,0
-0.51331,-2.44492,1.42433,1.32549,1
3.67532,2.31407,1.18411,0.72579,0
-2.72530,-3.90976,4.20128,0.71719,1
3.16201,-2.74495,2.70589,0.56477,0
-3.96291,-10.83452,13.27510,-1.58514,1
-0.07940,-3.45149,7.88606,-0.51300,0
3.16205,-3.44299,3.68929,-0.49711,0
2.31392,-1.97683,3.49778,0.55568,0
2.13694,-0.22939,2.55667,0.11801,0
2.42072,7.07082,-3.00808,-3.04992,0
14.58738,-1.24693,-13.53773,-0.65721,0
-2.69459,-1.08339,2.18431,-0.28955,1
-2.56634,6.13041,-1.36268,-3.07102,1
-0.53746,9.98225,0.18530,-5.05666,0
0.77099,6.36664,0.22666,-0.96277,0
2.59643,-1.83340,6.24530,-0.16939,0
0.89609,0.65698,-2.06305,-0.02593,1
4.46350,8.42227,-5.10472,-2.62291,0
0.10683,-2.17264,7.19722,-1.09059,0
2.48101,5.89150,-0.02473,0.50718,0
6.43543,9.47975,-6.32287,-2.91538,0
-4.48346,6.42215,-0.19398,-4.39188,1
-2.43809,-6.58920,6.54815,-0.81915,1
1.17056,8.46835,-0.96666,-1.01549,0
3.48557,3.28614,1.25492,0.02748,0
1.03713,2.62373,-4.00000,-0.07703,1
1.28259,10.22787,-1.92393,-2.23920,0
4.07422,0.92472,1.02702,0.82960,0
3.75412,9.22361,-1.24381,-1.23191,0
-2.34418,-11.33932,8.86369,-1.74970,1
1.75495,9.05144,-2.91410,-3.81242,0
-3.69007,-8.56972,10.60566,0.25685,1
1.79627,2.56894,-4.62208,-2.66362,1
-3.30008,-8.23385,11.41418,0.07654,1
-2.15293,-9.04847,10.66089,0.13809,1
2.64025,7.70908,-3.01098,-3.03118,0
1.29478,9.93864,-2.28553,-3.28541,0
-1.06235,-0.12422,8.25625,0.31352,0
2.87137,1.87646,1.66032,0.83172,0
-2.75718,2.88900,-0.63839,-1.48001,1
-6.03942,5.55706,0.87253,-3.73853,1
1.93762,-1.29220,5.85936,-0.09081,0
-7.04480,8.27974,0.46604,-7.94283,1
0.99031,7.30968,-0.18562,-0.90631,0
4.33637,-4.49835,5.31400,-0.30312,0
-1.43935,-5.37011,4.40546,0.02238,1
-2.24353,-6.34976,9.02621,0.15041,1
2.80131,5.88850,-0.69812,0.08146,0
3.66161,1.61488,2.20807,1.65882,0
0.09581,4.43757,-3.83671,-4.07305,1
1.84794,8.35516,0.56512,-2.07609,0
-2.68451,-8.27385,12.13603,1.18811,1
-0.17736,11.03790,-0.58852,-4.18718,0
3.98604,-4.29955,2.10052,0.09521,0
-1.68900,4.46505,-2.07254,-2.70603,1
-1.42598,0.56774,-0.20577,-0.67485,1
2.75872,6.45200,-0.83223,-0.90435,0
-2.02786,-8.67517,8.23507,0.18755,1
0.81797,5.47073,1.18928,-0.50502,0
-0.20758,-1.15321,4.73475,0.92375,0
-0.72907,4.37848,-3.65180,-3.36700,1
0.32619,8.40694,-0.70121,-3.58654,0
2.40790,5.28528,-5.24849,-5.41767,1
-2.05874,3.31419,5.98955,-0.18011,0
1.68561,7.49605,0.67532,-1.58749,0
-3.13715,3.53785,-1.10242,-1.81227,1
1.93090,-0.88004,6.00729,1.45238,0
3.36147,-3.35331,5.72516,-0.20048,0
2.75406,5.15781,-1.50221,-0.62973,0
2.36426,-2.90169,4.43719,0.63453,0
2.14550,-4.89782,6.70175,-0.91121,0
-3.25742,1.21956,-0.20055,-0.19010,1
2.90209,10.15163,-2.18635,-3.04580,0
3.24647,-8.59329,7.23701,-0.61210,0
-3.29421,-7.91079,9.02491,0.92077,1
5.74097,5.20142,-2.51086,1.04121,0
5.33955,-7.69381,4.22353,-0.81785,0
3.47985,9.29219,-0.03823,-1.76902,0
4.20370,11.16078,-2.81701,-5.01574,0
1.14530,1.04844,8.93554,-0.26731,0
0.58583,10.57880,-3.68619,-5.31316,0
-0.58080,4.22432,-3.11869,-3.48840,1
0.31351,-0.16803,-0.76258,0.17625,1
2.51806,6.50312,-0.63871,-0.32945,0
3.59282,5.48914,-1.16351,0.58735,0
0.01400,-0.10150,0.96380,0.28381,1
-1.56538,1.81846,-0.72938,-1.00679,1
2.05353,7.88064,-1.56119,-1.41397,0
5.00981,-1.81542,1.38373,1.40466,0
3.51141,6.71080,-0.05998,-2.68699,0
-1.29589,-8.57830,7.39586,-0.52786,1
0.53734,3.18689,-3.00677,-0.75262,1
-0.97405,1.64012,-2.35995,-0.36210,1
4.18937,1.10763,2.44027,1.14893,0
4.08430,-2.57241,-0.32393,1.72715,0
0.75666,0.15406,-1.47107,0.48158,1
0.07336,1.51035,-1.09668,0.00030,1
5.36030,5.20329,-2.44077,0.93721,0
3.55376,7.47006,-2.85810,-0.06414,0
-0.76823,6.03687,1.84857,-0.47502,0
1.34329,8.34523,-3.76792,-3.96834,0
-1.73710,-6.17134,8.54099,0.66433,1
1.91441,3.53917,-5.13094,-4.81268,1
1.45347,0.32990,-1.30006,-0.25161,1
2.85368,-3.89145,4.08118,1.23704,0
2.57516,2.33788,0.32407,-0.36022,0
2.76839,-0.02252,-4.23482,-2.48654,1
4.11272,4.60240,-1.09206,-0.16773,0
-0.51657,10.10208,-0.85129,-3.97367,0
3.75381,7.36221,-2.07149,-0.51114,0
-0.88583,-0.88262,-0.71654,-0.22350,1
4.11555,7.33514,-4.78533,-2.26734,0
3.85515,4.60498,-0.05503,0.52602,0
1.35782,1.42015,4.53220,0.36776,0
3.07478,2.70253,1.27885,1.45572,0
-2.91473,3.27815,-0.10940,-2.60549,1
0.65766,2.03712,-2.79320,0.02815,1
2.36466,1.88634,2.98248,-0.00803,0
4.59645,1.87844,0.44621,0.94239,0
-1.63659,9.37413,0.94092,-3.30531,0
-4.35114,-0.86763,3.24188,0.64319,1
-3.32567,8.34607,2.43170,-5.21723,0
1.59119,2.80778,2.62343,0.08727,0
4.94433,-2.14290,-1.01296,1.58426,0
-1.99543,-0.58522,0.53828,0.60464,1
5.12963,-0.61992,0.36207,1.46726,0
4.32076,3.31892,0.51264,1.57030,0
0.29794,-0.97241,0.41944,0.90320,1
-3.48827,-3.14017,4.78068,1.77690,1
-2.46405,10.09264,0.88730,-3.21688,0
3.10591,5.82672,-1.17374,0.52644,0
3.38539,6.61299,-1.45713,-0.41316,0
-3.09355,-8.19305,7.76377,-1.65642,1
-2.36881,-1.81052,1.51496,0.13194,1
2.20473,11.54693,-3.11321,-1.88267,0
5.00100,1.71607,-0.00459,1.04693,0
3.01132,-0.77443,-1.82342,0.10749,1
-1.83790,4.45376,-3.24364,-3.81986,1
0.22174,0.88115,7.36111,1.39401,0
3.04754,9.52993,-2.99504,-4.38682,0
0.03052,-1.05881,-0.50523,-0.05494,1
0.93761,1.89595,2.42920,-0.12159,0
-1.08448,2.78036,-1.15889,0.33477,1
-2.89923,-6.93198,9.41575,-1.64474,1
-0.27680,10.54162,-2.76650,-6.39542,0
-2.22172,-4.95682,3.21515,-0.70269,1
1.34468,9.43275,-0.48476,-1.73573,0
1.29243,8.57024,-0.34122,-2.25838,0
1.68392,-3.42739,5.32275,0.00507,0
0.40077,7.64928,0.95680,-1.98981,0
-1.63972,-7.47459,6.80734,-1.16986,1
4.81772,4.77669,-1.76945,-0.23983,0
2.86723,5.73567,0.90002,0.65229,0
-3.35801,-8.48139,11.67568,0.28297,1
-4.13561,-10.86661,13.20396,-1.93158,1
-1.09626,11.44492,1.93393,-5.48486,0
-0.97465,3.00226,-2.80554,-4.94854,1
4.67526,6.43047,-1.93350,-2.59990,0
1.25368,3.43461,-4.24867,-5.05335,1
-1.74235,-10.88989,10.49168,-0.09089,1
2.01942,2.34380,1.85508,-0.21985,0
-1.81020,-9.34968,8.11402,0.87202,1
-0.10217,-0.41735,6.93542,-0.23257,0
1.62137,-0.12458,-1.47527,1.45433,1
2.00126,9.99545,-1.20130,-0.18732,0
16.68300,1.24605,2.11012,-8.00290,0
-0.14622,-0.91805,0.89923,1.18195,1
4.84879,3.48274,-1.00461,0.40898,0
-0.44556,3.39614,-3.54601,-4.00222,1
0.24016,1.38463,-3.43150,-0.68656,1
-2.07224,-4.66120,5.28822,-0.52730,1
3.99770,7.84803,-2.24036,-2.37588,0
0.48100,8.08241,0.57105,-0.81607,0
-3.74315,-11.65037,13.93769,-1.67846,1
-12.02588,10.15258,2.46164,-2.97350,0
3.45013,-3.18025,4.81418,0.54561,0
-0.90355,8.93929,-1.42190,-3.86927,0
-9.83725,29.40707,0.23141,-0.70509,0
2.46392,2.92799,1.31175,-0.11013,0
4.93909,2.52993,-2.01463,1.26538,0
3.74793,5.48840,-2.80895,-0.08457,0
2.27007,1.00033,2.30919,0.42836,0
-0.83922,1.96342,-2.77625,-0.79451,1
-0.41884,-0.71758,-0.21562,-0.13063,1
-2.07608,10.27749,0.21118,-4.93617,0
-4.52270,5.33136,0.21579,-2.17656,1
-2.53337,7.49759,3.25808,-3.77927,0
-1.02918,-4.17378,5.80393,0.99278,1
2.70727,4.35603,0.69228,0.32502,0
4.59243,3.81620,-2.37371,-0.97486,0
1.13522,-6.27428,5.32870,-0.85660,0
-0.56938,2.33877,-2.79698,-2.55471,1
-2.51899,-8.84558,8.02064,-0.75077,1
-0.85585,-7.39919,5.01963,0.80937,1
-2.58427,3.90202,-1.26768,-1.50270,1
2.31338,1.83852,3.54525,0.44666,0
3.60894,3.69571,0.25687,0.04772,0
-3.30249,3.83621,-0.75465,-2.46320,1
2.49409,3.43306,-5.60328,-1.63022,1
-2.84845,-0.39008,3.30843,0.96853,1
4.21953,-1.30969,2.26315,1.74463,0
-2.20934,-8.47781,8.84547,-0.40170,1
0.15948,-4.51892,9.09071,-0.47196,0
-2.48665,-8.72612,8.43237,0.63339,1
0.60514,2.36624,-3.03082,-1.12398,1
-2.05857,-11.35729,11.24933,0.14422,1
-10.91949,2.26617,-4.00857,8.30097,1
3.75214,9.67935,-6.99600,-5.91174,0
-2.01355,-8.51828,6.17635,0.66553,1
-1.11904,-9.48358,8.64370,-0.89387,1
-1.09782,5.79554,-3.67968,-3.15624,1
2.60010,-2.09924,4.17586,1.04863,0
-1.33267,-4.51871,5.63088,0.78921,1
1.66269,9.58834,-2.02139,-2.41864,0
2.67321,-1.45572,1.34165,-0.19106,0
3.44139,8.49410,-3.80742,-2.71378,0
-1.37725,10.42818,0.69640,-5.50775,0
2.11369,2.05866,1.18345,0.27477,0
1.74803,-1.35810,-2.59894,1.65080,1
-1.23117,-19.61803,15.90685,-3.45841,1
-1.02769,3.62735,-3.04289,-3.31527,1
3.02530,3.53975,0.18640,0.45588,0
-2.19874,3.82073,-1.52073,-3.30558,1
4.22004,7.82415,-2.91308,-0.31269,0
-1.07131,1.21038,-2.33344,-1.11819,1
-1.23926,-1.11039,2.81779,0.81326,1
1.39222,0.73111,-2.53825,-0.42637,1
-3.38110,-8.24204,9.77540,-0.99724,1
-4.46367,-8.79038,14.34729,-9.40964,1
-1.87332,0.05976,1.45592,0.23807,1
1.60524,9.67057,-0.11538,-5.58802,0
4.67271,5.59644,-0.77092,0.62851,0
2.92633,-1.48962,3.63684,-0.79659,0
7.73818,9.02135,-6.63413,-1.32062,0
-1.94180,-7.98198,10.14634,-0.03722,1
0.88088,10.80239,-1.04333,-4.47009,0
2.23713,6.56741,-2.13767,-0.64631,0
-3.82408,-12.60033,13.66283,-2.11093,1
3.16517,9.03052,-2.37614,-0.41363,0
5.70298,-3.60169,1.45950,0.47884,0
3.05668,10.06780,-4.00429,-4.32640,0
-2.26842,-1.03702,2.12691,1.05002,1
2.94507,1.43097,-5.51185,-3.25289,1
-1.95469,6.95309,-3.38473,-6.26385,1
-4.60254,-13.38436,14.84798,-1.82531,1
2.84307,8.31358,-3.28232,-3.62550,0
3.45798,5.98846,-0.99208,0.08838,0
2.98915,-1.54805,0.13689,0.14148,0
4.27832,4.55670,-1.44141,0.29434,0
-1.35636,-11.21473,9.49721,-1.24910,1
0.07004,7.16585,-0.44477,-0.72615,0
-1.89429,-1.15234,2.12883,0.70936,1
-2.22701,-1.37919,2.99159,0.29405,1
0.59505,9.10936,-0.72021,-3.86449,0
1.94258,9.35095,-0.64848,-3.31721,0
-1.76265,0.99327,0.36964,-0.44030,1
3.39954,-0.78888,2.54404,1.69915,0
-3.53356,-13.22434,15.84839,-1.66325,1
2.75401,3.30447,1.01014,0.26204,0
-1.46661,9.17881,0.62011,-2.69183,0
2.06276,2.79452,-5.81160,-5.05981,1
-4.68176,-11.08328,12.65139,-2.19698,1
-1.59572,-6.30410,6.29735,1.89151,1
3.26936,26.85080,19.35627,0.85136,0
-0.11904,0.93826,-1.17983,0.14100,1
-0.85150,0.71288,-0.50677,-1.13860,1
-1.88633,-0.50823,0.75934,0.63632,1
-1.57086,-0.09924,0.65924,-0.37296,1
3.13710,9.28730,-2.84619,-4.30510,0
-1.23483,-6.42347,6.91367,0.35245,1
5.20068,6.06258,-6.13169,-2.78854,0
1.03832,-0.66052,4.23758,0.53124,0
0.14806,-0.24410,6.49024,0.08968,0
-0.19714,1.29174,-0.74831,0.12406,1
1.30222,-2.93000,7.33732,-0.70824,0
-0.49800,1.59561,-1.58073,0.11996,1
0.06431,-2.01630,1.06400,1.43670,1
1.62419,6.34793,-0.97994,1.09909,0
-4.07514,2.70626,-0.40299,-2.14705,1
3.07720,9.77593,-4.99951,-3.13243,0
-2.55402,5.90227,-3.04457,-4.28254,1
-2.93467,-5.75885,6.05514,-0.10540,1
0.35007,-0.24419,-1.09286,-0.04554,1
4.87143,-3.50565,0.96046,0.65261,0
-2.78346,8.24695,-0.19537,-4.03226,0
0.50037,1.57035,-2.58214,-1.52384,1
-2.03928,-10.21480,12.32775,-0.62528,1
10.54121,8.38353,-7.43201,-0.36366,0
2.20869,8.03705,-1.76983,-1.23260,0
2.99969,3.59774,1.28193,-0.24032,0
3.88070,-2.70410,3.12838,1.74694,0
-12.74084,9.77713,-16.39683,-3.39602,0
2.06739,10.59557,-3.70220,-4.96477,0
-2.22683,-7.10584,8.55621,0.28955,1
1.92176,9.84120,0.20226,-2.55174,0
1.27493,7.99008,-1.09821,-2.46810,0
1.98407,-4.00280,6.59676,-0.17897,0
-1.90640,11.49840,2.43117,-5.22136,0
-0.48624,-1.67937,1.06955,1.36689,1
0.93510,0.70873,-3.28719,-2.68445,1
0.52364,6.66610,1.11078,-0.55950,0
1.08093,9.30742,-0.46068,-1.87107,0
-1.03570,9.04102,-1.43666,-4.71319,0
1.87801,3.73755,1.86013,-0.33281,0
3.86649,9.79367,-4.09883,-4.29563,0
5.26240,-6.74800,4.08161,0.40475,0
-3.75201,-7.66804,10.98363,-0.67753,1
-1.20829,11.03547,-0.45663,-6.57488,0
1.94194,4.28633,1.60593,-0.33853,0
3.84233,8.85232,-3.27638,-0.08679,0
1.28270,1.93527,3.40605,-0.05992,0
0.32756,8.66143,-1.01399,-0.19683,0
3.09001,-4.00695,4.35401,-0.01205,0
3.19528,10.61822,-3.53474,-3.11899,0
3.89402,0.03102,0.28571,1.85028,0
2.84820,0.26829,3.38526,0.25785,0
-1.29664,1.61354,-1.79242,-1.22824,1
2.48975,10.23917,-3.55231,-6.53848,0
4.75219,-6.74671,6.39335,1.04853,0
-0.37323,3.15774,-2.86849,-1.02686,1
4.23069,7.03814,-3.67338,-0.34713,0
3.81691,-0.01227,-0.10479,-0.23038,0
1.12790,5.54413,0.27146,-0.74658,0
-2.51030,-9.70434,12.15899,-0.57714,1
1.12147,11.62648,-0.20287,-2.35719,0
0.84923,10.48061,-2.28625,-2.25259,0
-0.36723,12.69979,-4.97303,-8.46898,0
-0.56137,1.20276,-1.68979,-0.35814,1
1.17405,-6.19380,0.65482,1.38134,1
-6.87406,4.63590,3.37450,-2.42590,1
-4.02777,4.57583,-0.32255,-6.27306,1
-1.66672,1.50148,-0.91386,-0.75524,1
-3.22006,-9.96735,14.72227,-1.29003,1
-0.91923,8.85294,-0.50328,-5.45759,0
1.04622,10.53491,-1.94476,-0.94103,0
3.87312,8.34041,-3.00064,-1.73492,0
2.53633,5.64705,-0.13794,0.43858,0
-1.35475,-0.11914,0.18539,-0.57247,1
-4.40267,5.81715,-0.26935,-4.30060,1
5.55465,0.71373,-6.36969,1.03156,1
1.89802,10.89075,-1.73264,-0.96860,0
-5.27983,4.43521,0.14952,-5.43488,1
-0.82616,7.62647,0.63598,-0.85579,0
13.21206,-1.46873,4.68097,8.47688,0
4.45480,-5.97947,0.76788,-0.53429,0
-0.05360,9.84833,1.11723,-3.76710,0
1.63200,3.54549,2.17631,-0.41604,0
3.18575,2.71869,1.17909,1.10743,0
0.79910,-4.50945,5.91803,0.09083,0
-1.47740,9.21491,1.04401,-4.84509,0
3.64341,-0.46803,3.59853,1.10424,0
-0.69978,-1.04215,0.31683,-0.03452,1
4.29724,9.05947,-4.22212,-2.59502,0
-1.86465,-3.64463,3.65259,1.40039,1
4.76311,1.43620,0.58960,0.99002,0
0.59420,-0.62874,-0.91509,0.97613,1
-1.81039,-3.04937,3.41348,-0.31841,1
-1.47079,9.39484,2.14846,-4.80455,0
2.91680,-3.27547,3.28616,0.49504,0
-2.39826,-5.99332,6.42342,0.38684,1
2.17897,-1.32351,6.79149,1.17530,0
5.06264,-4.58853,3.41648,-0.60139,0
0.20062,4.04028,-3.78868,-3.07154,1
4.14003,-0.43209,-0.45212,0.31081,0
-0.86329,-9.09271,7.13178,-0.55707,1
-2.23555,11.07524,-1.01600,-3.30190,0
-0.37359,-0.45678,1.80360,0.50214,1
3.14413,6.71866,0.95418,-0.46981,0
2.71519,2.20233,2.78227,0.21751,0
-3.25963,-11.30688,10.56058,-1.21255,1
-2.37265,-9.24899,8.50677,-1.09758,1
-2.76266,5.65446,-0.32675,-3.16283,1
3.33197,-3.60247,5.33837,-0.78750,0
2.40110,9.15522,-0.81204,-0.45912,0
-3.96942,-6.67330,9.92086,-2.03841,1
-0.56264,8.06462,1.83483,-3.52975,0
4.72566,1.92043,1.41529,2.35554,0
1.33005,9.07742,-0.77084,-4.56054,0
0.99140,10.05082,-0.26780,-3.52792,0
-0.45073,9.21757,-1.37051,-3.11800,0
-4.04037,5.92112,-0.61768,-5.62433,1
-2.42217,-9.14737,9.38343,-0.89616,1
-2.59457,-10.65626,10.73345,-1.51496,1
1.48996,0.78076,4.82842,0.86081,0
0.22579,1.37926,-1.22232,0.41462,1
-0.53512,-0.38892,4.72935,0.40961,0
0.70094,4.27072,2.16318,-0.18554,0
2.37087,4.46404,-0.79073,0.17979,0
-0.53783,0.43828,0.19037,0.20090,1
-2.51547,-8.50951,10.66139,-0.06176,1
5.00719,10.26251,-2.54686,-4.23266,0
0.83039,8.93737,-1.02692,-2.78306,0
1.94322,9.08982,-2.22852,-4.07494,0
-11.29571,-23.27478,-2.24257,-0.63412,1
-3.77688,5.96287,-2.28977,-5.01541,1
2.20332,7.21343,-0.72217,-0.08624,0
-6.15936,8.13297,0.48106,-8.53706,1
5.07006,-0.57667,2.68827,2.78209,0
0.28399,1.92110,-1.69138,0.28076,1
-0.81800,-24.21269,0.38234,-7.97956,1
4.96194,2.53512,-0.27744,1.56113,0
-2.91080,-6.66312,7.91468,-0.64838,1
4.95138,0.12173,1.58827,1.69873,0
-2.82246,5.32694,-1.98836,-4.44796,1
0.00007,-5.36623,2.29114,0.62421,1
-2.57458,-10.49675,10.83370,-0.65954,1
1.19616,-5.51251,9.10947,-0.23281,0
-2.01095,-8.85050,9.71122,0.31194,1
-3.39369,0.85717,1.35525,-0.10042,1
-1.40590,0.53505,0.36361,-0.15721,1
-3.49632,-4.42152,6.81696,-0.73885,1
1.73398,10.31333,0.88049,-4.26376,0
1.00129,10.05290,-1.09441,-2.90619,0
3.60501,11.18601,-3.16447,-4.31133,0
-1.53785,-1.85410,0.34482,1.09052,1
5.25253,12.38314,-2.26886,-1.40659,0
0.80821,9.39208,-1.48780,-1.49508,0
1.81917,7.67173,1.52196,-3.08064,0
1.43811,4.86527,0.24081,-0.57218,0
1.82537,9.22094,-3.32622,-1.45837,0
-0.34600,1.16493,-1.43505,-0.57647,1
-0.68339,0.02692,0.08646,0.82061,1
-5.85532,6.38181,0.66306,-6.82121,1
-0.94750,-1.41146,0.12091,1.15153,1
3.48444,9.32324,-4.34368,-3.00416,0
1.51346,11.89439,-5.14238,-2.74774,0
-1.69779,-6.46155,4.74861,0.89047,1
-1.33530,-7.83684,6.15516,0.78651,1
-3.10805,5.61205,-1.91139,-4.14533,1
-4.22209,-9.88509,15.08462,-2.62098,1
0.65499,11.05140,-1.45905,-6.34226,0
-1.41787,4.08059,-2.72161,-4.01274,1
3.65515,-5.05754,3.18105,0.02962,0
2.22609,2.11527,1.47099,0.07067,0
4.38934,2.41752,0.81323,1.07060,0
3.33114,-2.04491,3.13578,-0.07840,0
0.12588,1.45395,-2.08903,-0.08894,1
4.99835,11.57848,-4.99537,-5.39356,0
-1.50785,5.90054,-3.61630,-6.63771,1
3.32476,5.40611,-2.15567,-1.53784,0
2.60166,9.66914,-1.32119,-2.96095,0
3.54772,6.53172,-2.17897,0.33680,0
-2.02704,4.49820,-1.68803,-2.20633,1
6.94598,-4.55537,2.32487,0.49597,0
3.26603,8.43418,-3.13459,-1.69785,0
0.88998,2.76094,-2.54446,-1.05901,1
4.01291,-7.23895,3.98557,0.27420,0
2.93314,7.41362,-2.08105,-0.92400,0
-1.92234,4.04882,-1.45744,-6.10471,1
-0.26747,-0.00900,-1.35809,1.25926,1
0.80131,-0.82363,4.50438,-1.27521,0
2.46839,3.25946,1.16683,0.35901,0
-2.54013,-8.13800,7.79953,-1.42830,1
-2.43834,-7.82742,9.89270,-0.78909,1
-0.11163,3.26216,-3.08930,-0.67606,1
2.82773,9.21708,-5.21068,-3.07046,0
-4.15166,-12.75260,-15.50840,-3.80272,0
2.92090,-4.94468,5.91704,0.18981,0
4.08358,5.43871,-1.93558,0.12476,0
-3.66227,0.09858,2.96111,-0.63642,1
3.25146,2.07291,2.76258,0.41327,0
1.89903,8.40073,-0.45338,-1.41371,0
-2.78630,-6.05685,7.94364,0.71369,1
4.13867,5.73380,-3.87584,-3.51832,0
4.79751,-2.23917,0.70417,0.91833,0
0.01729,2.50957,-1.82409,-2.85125,1
-2.67186,-7.55965,8.30644,-0.25829,1
3.01241,-2.32629,5.68683,-0.09633,0
0.80305,10.28689,-1.60565,-5.18113,0
3.38747,-7.22283,4.98732,-1.05140,0
-1.43119,5.07418,-2.63410,-5.07911,1
0.66132,9.55093,-0.70303,-3.38227,0
-3.56238,6.38258,-0.97589,-3.95712,1
-1.31549,4.63028,-3.38637,-4.79956,1
-1.87483,6.24190,-2.94534,-3.69912,1
-3.57495,4.52053,-0.42512,-3.77302,1
0.76674,-2.48921,5.88869,0.60096,0
-1.87200,5.38873,-2.69972,-2.07161,1
15.47024,24.42740,3.13124,1.19063,0
3.77835,0.60523,1.10645,0.88880,0
3.12427,-4.61469,5.60138,0.49600,0
-2.37187,-9.00339,10.28555,0.10312,1
3.78585,9.27058,-2.00293,-4.39230,0
-2.53049,-6.92345,8.37709,0.83080,1
-2.37263,2.25817,-0.43646,-0.69972,1
-4.30703,-1.67373,4.77679,-0.30808,1
-0.93095,-3.06706,3.32448,0.52335,1
-4.02638,4.32994,-0.02138,-3.41697,1
2.09931,1.69496,2.13096,0.45180,0
2.74384,6.46478,-0.64406,-0.47821,0
3.17056,-4.38671,5.68117,0.21601,0
1.86698,2.06355,3.64705,1.28253,0
3.33277,4.25144,0.71271,1.12204,0
-0.03930,-4.88774,3.32090,2.21202,1
0.01863,6.90433,4.01876,-1.70193,0
2.38938,-1.76279,2.47306,0.86127,0
0.43850,0.64882,-2.10667,-0.20288,1
-3.95558,4.87500,-0.92442,-3.09309,1
2.19982,4.56248,1.17389,-0.12057,0
2.12803,-7.60553,9.32818,-0.24042,0
-1.07430,9.78814,-1.66775,-5.62611,0
1.48475,-3.96708,5.49390,-0.41330,0
2.93892,5.15153,-0.21512,-1.39295,0
0.56579,1.23552,-1.60176,0.43551,1
-4.08053,3.46914,0.18900,-3.50891,1
-0.09195,-0.22867,-0.47937,0.25538,1
-5.52476,4.30525,1.15772,-2.75474,1
4.74548,-1.41936,2.39963,0.21152,0
4.86967,7.43184,-4.59732,-1.06226,0
1.26089,4.92385,0.99191,-1.13049,0
-0.95138,3.29896,-2.50975,-1.18034,1
-3.90825,-9.64697,13.92795,-1.14057,1
0.04031,-0.76133,0.98384,0.72328,1
-2.76619,-6.79482,9.58958,-1.78836,1
3.86110,10.05414,-3.59400,-4.10033,0
4.48120,0.71516,-5.67981,-0.53563,1
-2.48619,8.03939,1.77598,-4.28316,0
-3.96113,-14.34649,17.02221,-2.23142,1
1.28976,4.59980,1.65217,-0.61664,0
-0.27743,9.12508,-0.07021,-0.70156,0
-1.72372,-7.02318,6.09305,-0.33321,1
-3.74649,-8.36224,11.59271,-1.56674,1
-1.92064,-8.05022,8.88256,-0.83271,1
0.07349,-1.18357,-0.10656,1.44752,1
2.11709,8.10579,0.03043,-2.84200,0
0.70610,3.31744,-3.70427,-3.87940,1
3.59283,4.99532,-1.03564,0.61637,0
-4.11313,-9.57785,13.39753,-1.79075,1
0.93410,-3.45888,6.35054,-0.89860,0
3.30147,7.55301,0.08139,0.58204,0
3.80742,5.60809,-1.16975,-0.00328,0
2.42869,-0.86150,0.84514,0.12769,0
-3.15942,-9.59676,11.53289,0.12674,1
1.41921,8.74053,-1.63049,-4.64025,0
-0.29035,-0.71676,0.46728,-0.41699,1
-0.86350,0.36212,1.04814,1.02778,1
-3.27970,-7.07045,9.73253,-0.81012,1
-3.50260,-8.20178,13.35000,-0.09632,1
4.22387,7.79137,-3.05482,-2.20837,0
-1.86534,-0.06047,1.05616,0.78787,1
-0.10643,-1.23138,-0.34847,1.74473,1
3.25144,8.16212,-1.32714,-0.79637,0
-4.27082,-10.42242,11.73364,-1.54713,1
-2.00520,-4.93204,3.82691,0.18228,1
-4.12554,10.16452,3.85839,-5.70211,0
2.91073,0.72625,2.08868,1.06465,0
3.45225,1.47948,3.38051,-0.37559,0
4.72525,0.13488,-2.32085,-0.43646,0
1.57247,3.86444,2.56920,0.58695,0
-5.24401,4.26470,1.35283,-2.60166,1
-1.73938,1.12418,0.80967,0.31093,1
-3.17267,4.94078,-1.30344,-6.07137,1
1.83886,10.09088,-3.35738,-1.55085,0
2.68621,9.42372,-3.08583,-3.15501,0
-2.12121,2.13459,-0.60807,-1.31531,1
4.85902,6.66457,-3.90640,-0.36760,0
-0.78833,-5.76351,2.02103,0.11429,1
0.47893,8.12383,1.62273,0.29402,0
0.20270,2.25719,-3.13606,-0.25119,1
-2.14449,-1.28552,1.73658,-0.11337,1
-11.34693,35.09781,2.41848,-5.17782,0
2.74484,-2.72156,5.03598,-1.07225,0
3.65859,10.21040,-3.99727,-0.97173,0
-3.58703,-9.05515,10.56973,1.04929,1
2.62557,-2.55773,5.37494,0.39821,0
-1.63146,-0.49216,0.49349,0.15622,1
1.86285,-3.80069,5.21246,-0.98137,0
0.14240,0.04036,0.33499,0.51710,1
4.10529,9.21091,-2.80324,-3.73580,0
1.94006,-0.85232,3.76389,0.76749,0
3.83757,4.84390,-0.79063,0.07103,0
3.33818,9.59556,-3.97365,-5.21659,0
2.66880,7.42678,-1.64953,0.81458,0
-0.02907,1.72978,-1.16489,-0.48831,1
-1.22997,7.86184,2.87250,-4.51002,0
0.04977,3.42396,-3.07160,-3.57387,1
1.07312,5.68055,0.67374,-0.93186,0
-1.71630,3.47377,-0.59236,-1.00980,1
-1.17312,7.42786,-2.94373,-4.77523,1
3.82485,8.74547,-3.55700,-2.63665,0
4.96296,-0.54780,2.30553,1.59059,0
1.44757,1.09994,4.30402,1.19654,0
-0.28185,2.26903,-3.60289,-4.65124,1
1.24233,4.97034,1.62769,-0.17402,0
-0.97583,4.41125,-3.31012,-4.21084,1
1.70465,0.63525,3.94274,1.04529,0
-1.06781,3.41000,-1.74840,-0.49960,1
2.73428,4.31054,-0.11406,-0.54937,0
-0.46874,-2.03543,2.34964,0.54847,1
-3.36548,10.69390,1.24914,-3.54088,0
2.99251,-3.36318,4.74953,-0.02958,0
-4.04174,6.14345,-1.29807,-4.83887,1
-2.40381,6.53794,-3.05118,-6.45295,1
2.09470,-2.91567,2.39596,0.40634,0
-1.87485,3.67168,-1.69681,-1.66557,1
-2.36282,-12.73784,15.24148,-0.87236,1
6.15354,1.13229,-0.56791,1.30323,0
1.33013,-0.45169,3.53648,0.71134,0
-2.49038,-5.24059,5.96002,1.19898,1
-4.26669,4.01956,0.98903,-3.99038,1
5.03234,6.16913,-0.93089,-0.36391,0
4.86732,-0.70916,0.95625,1.23694,0
-2.71060,-10.35037,11.91986,-1.02400,1
-0.76402,-0.30740,2.27687,0.88567,1
4.73572,-5.29414,1.48398,0.77543,0
1.58462,6.45882,0.41522,0.40267,0
-0.82306,-8.10169,8.14409,0.10989,1
-0.69977,9.75883,1.05500,-3.78928,0
0.19387,9.03039,1.67621,-0.66955,0
2.97843,1.39153,-6.37955,-1.95523,1
4.90990,3.75812,-0.93477,0.79232,0
-0.53673,2.16410,3.60856,-0.32406,0
1.20931,8.33620,-2.24002,-2.02087,0
-1.42598,-9.30330,10.03401,0.24425,1
-1.75714,1.47238,-1.05725,-1.08933,1
1.60707,9.64526,-0.59200,-3.26413,0
5.26413,6.34160,-4.27442,-2.98782,0
5.55143,2.83163,-1.10787,0.77207,0
-4.27989,7.24029,-0.84137,-4.38975,1
-0.21164,12.33734,2.35029,-4.24741,0
6.16696,10.73037,-4.37437,-1.49773,0
-0.32585,1.81645,-2.50670,-0.90652,1
-2.62310,-4.49786,5.84816,0.81420,1
2.29067,-1.42714,3.66056,-0.11856,0
2.08802,2.50562,1.31199,-0.45173,0
1.65915,9.30049,-2.52311,-4.44649,0
-1.18020,-2.01909,2.16308,1.31863,1
1.13937,8.43455,-0.49734,-0.67942,0
3.18320,-2.25004,1.86356,-0.46548,0
3.46199,3.73823,-0.39624,0.03965,0
-0.51777,2.83626,-2.66641,-2.20729,1
-2.68043,-10.36027,9.89053,-0.68483,1
1.77201,10.53585,0.09677,-2.61257,0
-0.23082,6.66583,2.26993,-1.77451,0
-2.50675,-3.55896,5.70809,1.76141,1
0.25071,12.01837,-0.33932,-5.82032,0
-1.70719,7.74857,2.50711,-4.01031,0
5.31091,0.36638,1.09145,2.18624,0
2.88034,-23.44909,-5.03290,8.17062,1
1.19875,10.08335,-2.82832,-0.78183,0
-3.58932,6.93169,-0.07090,-4.53494,1
-1.41743,-11.20519,11.57370,-0.35049,1
1.07021,3.16757,1.52796,0.26950,0
2.31479,-2.50056,5.92880,0.76356,0
2.42727,0.58839,2.19547,0.99875,0
-1.58506,1.39181,0.87224,0.53438,1
5.98560,-4.83540,3.64383,1.05184,0
1.02999,2.92733,1.79108,-0.20966,0
1.70305,6.76064,-3.04416,-2.40745,0
-3.12805,-7.24302,8.20256,-0.14825,1
-4.61357,5.42856,0.34859,-4.80138,1
0.17457,-0.14311,-2.48380,-0.12641,1
4.17919,6.47643,-1.03265,-0.62396,0
-3.20116,-9.72217,13.46468,-0.56495,1
-1.78387,4.83041,-2.78030,-2.53099,1
-0.51761,8.56201,2.66882,-2.65750,0
0.20777,-4.36401,1.16858,0.17894,1
-1.86460,3.26992,-1.48118,-3.17182,1
3.26295,2.85369,1.63988,1.05760,0
2.63083,-1.92464,3.39637,0.36968,0
0.31502,1.39466,-3.15029,-4.07806,1
3.51699,6.06963,-1.34479,-0.20420,0
4.72968,6.02518,-3.14648,-0.33862,0
0.83718,1.95103,-2.82631,-1.58064,1
-1.69047,1.55996,-0.14066,-0.51563,1
3.14561,3.82039,-0.24489,0.19275,0
-5.96103,6.88510,0.13816,-5.27078,1
-1.19418,11.17615,-2.54772,-5.29903,0
2.22121,-1.60506,-3.51351,0.24495,1
7.61715,7.69506,-3.11866,-0.61879,0
1.80651,2.70259,-4.23925,-0.54164,1
3.71539,-3.11793,6.13257,0.49079,0
-0.92044,2.39753,-1.90113,-2.64412,1
-2.82949,-6.45867,7.05264,-0.93768,1
0.62110,10.02142,-1.05857,-3.26651,0
1.59437,5.63140,0.88591,-1.17459,0
-2.96054,5.76489,0.67917,-3.71716,1
-1.46271,-3.70407,3.02747,1.47981,1
2.46033,9.15404,-0.65413,-3.07004,0
4.10798,-0.50597,1.56034,0.68839,0
-2.08203,-4.38516,4.75982,0.40085,1
2.74742,7.46966,-0.51421,-0.19505,0
1.64175,2.28572,2.19890,-0.07428,0
2.39869,-3.40265,5.02265,-0.42117,0
-1.95985,10.43409,-0.56014,-5.10531,0
-1.66184,-0.10880,0.87954,0.24177,1
2.51121,7.84650,-1.42173,-2.18051,0
1.12188,-4.47630,7.45305,0.67143,0
0.22451,11.75828,-4.99272,-7.56185,0
-1.57903,-4.77867,5.18391,0.73751,1
3.13936,8.73774,-4.45824,-4.13899,0
1.34771,0.24596,-0.42453,0.88191,1
-3.59446,-8.55675,10.19533,-0.64083,1
0.41026,1.22275,-1.29483,-1.45133,1
2.72790,3.72424,0.80785,-0.02784,0
0.53482,-6.10352,8.43913,-1.82346,0
1.59383,2.12385,-3.66858,0.36428,1
-2.63597,-0.28235,1.22410,-0.12765,1
5.39591,10.00976,-1.73968,-2.99594,0
-1.93508,-0.27222,0.61387,-0.76829,1
-2.20605,4.97971,-1.63978,-2.25535,1
3.11522,-4.33307,2.80795,-0.26234,0
2.84514,4.88675,0.77171,0.34558,0
-2.71124,-12.52177,12.04119,-1.62466,1
-4.24421,3.55303,0.30873,-1.84881,1
2.04977,5.46193,1.12290,0.32949,0
5.40356,3.33302,-0.91165,0.35017,0
-0.81661,-8.32785,6.13015,-1.88965,1
0.58594,-2.28546,4.83949,-1.72730,0
1.74592,9.89084,-2.89760,-3.15789,0
-3.59878,-9.98588,13.31981,-1.81348,1
2.51835,12.06265,-2.17472,-3.33752,0
1.51499,8.97718,-1.06653,-6.15846,0
2.00273,2.06565,1.58582,0.43606,0
-4.48621,6.21742,0.06216,-5.70560,1
0.06032,10.37728,-3.94939,-3.43342,0
1.72143,6.88137,-0.92479,-0.75390,0
-4.49469,5.41263,-0.35853,-4.03232,1
-4.45292,4.03217,0.28393,-2.04746,1
3.39005,-1.64363,3.36661,1.16340,0
-4.04237,-9.55540,11.63013,-1.60423,1
-0.96923,12.24310,-1.01020,-5.61999,0
-1.04600,-10.89487,8.29713,0.03724,1
0.79924,11.90081,-1.19721,-1.62463,0
-3.17223,-10.94805,13.83005,-1.93100,1
-2.94092,2.86516,-0.16929,-2.65517,1
-2.97350,2.40708,0.07145,-3.37759,1
-0.96707,4.21950,-4.15844,-2.11270,1
-2.39049,1.79807,-0.16581,-0.96620,1
-2.17349,-0.46685,1.83958,1.22056,1
-2.70318,-0.22003,1.76227,0.73754,1
-3.75018,4.65364,-0.72097,-3.71312,1
-1.52864,1.20624,0.19569,-0.45923,1
-1.82391,-4.68614,4.90764,0.66960,1
-1.95114,-1.81093,1.97685,1.63659,1
6.19477,6.77307,-5.16205,-1.82192,0
2.90149,8.68103,-3.21296,-3.24657,0
10.90835,3.89015,-3.66403,-3.82139,1
2.30689,-1.23007,7.68150,-0.36538,0
1.07587,2.43752,4.93544,0.63282,0
3.43673,6.49570,-0.55549,-0.10324,0
-4.33782,7.41382,-1.05428,-5.27465,1
3.84749,3.86149,-1.16036,-0.01882,0
2.65902,2.58222,2.31891,0.83228,0
-0.81367,2.80533,-3.33459,-1.33899,1
2.04705,7.72782,-0.70919,0.19942,0
1.59010,8.04671,4.13174,-1.53621,0
-2.70502,-0.95781,2.92397,1.00874,1
2.27686,3.20101,1.49705,0.42280,0
2.90401,9.60277,-3.65598,-4.70794,0
1.98940,7.31331,-1.22996,-3.00545,0
-2.50123,2.51982,-0.34337,-0.50667,1
-1.64589,9.95024,-0.03578,-5.52041,0
-2.39150,-0.20101,2.25292,-0.09451,1
1.68889,-4.41756,-0.76633,1.89559,1
-0.00800,10.49763,-1.28898,-5.08135,0
-3.38026,0.73946,1.90874,-0.62171,1
-0.68717,1.40359,-0.75665,-0.08269,1
1.06847,-6.32518,1.22182,1.50784,1
-2.60971,-10.58307,11.30982,-0.33547,1
0.62840,8.78962,-1.38723,-3.89805,0
3.92095,-5.73004,3.91765,-0.20309,0
-0.57567,1.11121,-1.17452,-0.04124,1
0.17024,1.51362,-2.80278,-0.97378,1
-0.30317,-0.54711,-0.93446,0.81060,1
1.65031,-1.91507,1.25957,-0.58906,0
-2.33707,2.04903,-0.89260,-3.79433,1
-3.97365,-10.57160,14.17646,-1.16741,1
-1.61435,-1.06612,2.27232,-0.08504,1
-3.94265,-13.44899,15.49042,-3.27288,1
-2.26502,0.66185,1.09479,-0.72033,1
-2.03230,5.72308,-3.32926,-4.64613,1
-1.59994,-7.30539,6.35104,0.42065,1
1.89382,0.67477,2.70609,0.44071,0
2.52825,6.84289,0.20378,-0.69764,0
3.39924,3.71083,-0.33311,0.27221,0
-0.81162,0.37185,0.57665,-0.05421,1
3.07741,5.01303,0.09604,0.01666,0
7.74493,8.95570,-5.54902,-1.49327,0
0.14391,4.19272,-4.85173,-5.14431,1
0.45583,-4.43362,9.12350,-0.67022,0
-1.86629,-10.47126,9.76720,-1.36295,1
0.62322,-0.48750,6.19131,-0.04848,0
-0.56962,-4.15894,6.80745,-1.99216,0
1.29940,5.50584,1.99534,-0.60460,0
2.72350,5.03272,0.51297,0.75132,0
2.46712,-0.05468,3.90404,1.18612,0
1.91729,-0.88715,-2.57207,0.89344,1
1.68733,2.65771,1.82868,1.65680,0
1.71714,3.03950,1.25438,0.25257,0
-0.14998,1.21425,-3.28298,-0.94988,1
0.71847,1.86814,-1.86324,-0.79896,1
5.65431,-0.24875,0.73433,1.04120,0
1.99558,-3.41188,1.23550,-1.02421,0
-1.87866,8.17719,0.98439,-5.33758,0
0.91393,1.06999,4.14287,-1.22214,0
0.46229,-4.81513,1.16041,1.51719,1
-1.84549,0.11831,-0.12495,-0.08309,1
5.65644,8.03546,-2.33547,-0.72142,0
4.30961,-3.53910,1.56811,0.10367,0
2.08639,-2.10447,4.14330,0.10427,0
-3.91859,-10.52536,12.45142,-2.84983,1
-2.30489,3.56640,-1.00594,-4.81091,1
1.63251,10.06272,-4.21707,-5.55237,0
2.40411,8.55314,-2.08034,-1.61935,0
0.64334,12.61258,-3.19708,-7.33557,0
-4.92444,-10.14637,15.15340,-0.93420,1
-4.68285,0.93585,1.35749,0.52467,1
-0.73180,0.27338,-0.49853,0.33582,1
-1.71109,1.89252,0.71792,-0.02231,1
-2.83556,-8.81175,10.74180,-1.00901,1
1.96886,4.26848,0.53807,0.23468,0
2.14330,8.25175,-1.58612,-0.51069,0
3.16795,4.59745,-1.18320,-0.36975,0
4.05258,-29.04280,4.66174,-5.80914,0
-3.06712,-11.23520,10.99858,-1.73600,1
-2.30600,-13.93427,15.49132,-1.80030,1
-2.16165,-1.88083,2.36606,1.41461,1
0.03270,-0.44362,0.64703,1.24327,1
-2.45429,1.97096,0.23479,-0.50645,1
-0.32416,4.55591,-3.81371,-5.67792,1
-1.51981,8.21602,0.04762,-2.76530,0
2.66433,5.12564,0.67297,0.33680,0
-4.18385,-8.99313,13.93351,-1.41949,1
-1.85448,-4.63701,5.69012,0.89804,1
-2.32420,4.73751,-0.87403,-2.22718,1
0.05292,-0.12077,-0.05507,0.32441,1
-3.64136,-10.52872,12.46077,-0.42851,1
-5.66159,2.39248,2.79435,1.27982,1
4.85254,2.08200,-0.36013,0.77950,0
3.61490,1.47228,-0.46909,0.59372,0
-1.49206,-3.88538,5.70298,0.78108,1
-2.88304,-11.02943,12.95558,-0.93983,1
3.59284,7.38284,-2.65979,-1.05529,0
1.78578,11.27001,-2.68625,-4.49413,0
-0.88685,1.65918,-0.52364,-0.38554,1
2.39901,-2.85759,6.55068,0.79267,0
2.37498,-1.78084,4.03790,1.16726,0
3.67273,5.64200,-0.85960,0.29112,0
-2.00535,5.20718,-1.82822,-3.53177,1
2.28204,5.60747,-0.21422,-0.90956,0
3.94597,5.30989,-0.66710,0.12145,0
-0.77402,10.29975,1.15515,-3.52142,0
3.04609,0.07001,3.97156,1.42511,0
2.32920,1.70421,-5.22951,0.07545,1
2.45513,-0.54149,-4.17483,0.18526,1
1.84879,7.60301,-0.32725,-0.82317,0
-4.02935,-7.89627,11.94615,-1.82119,1
3.93055,8.95086,-2.45769,-4.85541,0
-0.60254,-4.10476,5.30125,3.32393,1
-3.74808,5.49766,-1.17452,-4.29619,1
2.22647,8.87882,-2.18002,-0.44425,0
-5.24708,-9.79139,16.16247,-1.68656,1
-0.15787,9.79500,-0.84181,-3.63615,0
3.56089,-3.81880,4.88689,0.05766,0
0.26748,7.57679,-0.26978,-1.80703,0
1.96901,-0.15826,4.27041,0.57756,0
3.68998,2.15540,0.22137,0.63709,0
-2.27308,8.16848,2.08856,-3.59056,0
-1.10999,2.46564,-2.75897,-4.16731,1
-1.49561,-5.93499,7.98933,0.18321,1
1.34139,10.24386,-2.64892,-1.37921,0
-0.50038,-3.70285,1.56123,2.00942,1
-0.09564,10.43594,0.61168,-3.60132,0
-2.50413,-6.89544,7.62394,-0.15486,1
-0.78941,-0.75826,8.61557,-1.07427,0
1.45397,7.50268,-0.01437,-0.55315,0
4.16191,8.68262,-6.61260,-3.85108,0
0.18372,3.67660,-2.76369,-2.38236,1
-3.40383,-9.98373,13.63430,-0.62457,1
-9.81658,-0.83295,6.18077,-0.05117,0
-4.14642,-0.43658,1.48249,0.23543,1
2.68520,4.26218,0.89801,0.04464,0
2.25667,8.38356,-1.69839,-2.16789,0
1.64255,2.15979,3.25938,0.77505,0
-3.38801,-8.30331,11.74400,0.59324,1
1.78045,-1.05626,2.11046,-1.58268,0
3.60961,9.05409,-3.09628,-3.26283,0
3.86792,-4.03386,2.66949,0.74960,0
-1.22778,-8.27951,8.09399,-0.32001,1
3.14763,-2.05611,6.65550,0.22714,0
2.07685,8.25852,-1.69605,-0.89581,0
-1.68001,-4.72933,6.82382,0.61909,1
2.72204,1.65645,1.06691,0.79754,0
-2.65849,-11.30731,11.96285,0.04016,1
2.38788,-2.89963,2.85989,-1.04954,0
2.29350,6.04123,0.50651,-0.27198,0
2.33699,0.12988,1.62060,-0.39538,0
1.43200,1.30170,-3.66521,-3.04798,1
-2.12359,2.24664,-1.21322,-1.69210,1
1.27249,6.51658,-0.07593,-1.11255,0
-0.85089,-8.85290,7.38879,0.66646,1
-0.42636,-1.32853,8.57599,-0.46445,0
-1.88902,-0.74250,2.75647,0.61953,1
4.20126,-1.65826,2.66690,0.13295,0
4.76390,6.65008,-1.65108,0.66952,0
1.64256,5.75521,-1.44707,-1.28388,0
1.56757,10.45256,-4.73110,-5.75509,0
-2.44440,9.05407,2.61368,-5.65988,0
1.35376,-3.33173,5.09446,-1.04123,0
0.11071,10.48078,-0.29440,-5.25859,0
2.44476,-1.11758,2.17363,-0.19835,0
-2.05717,-13.42522,11.49890,-1.35855,1
1.71876,6.93140,-1.80958,-0.35170,0
-0.78006,3.18464,-1.25614,-3.63975,1
-2.01384,-5.35956,6.45802,0.25013,1
16.01256,2.16939,0.03885,9.20627,0
1.41207,10.13091,3.25487,-2.10723,0
1.75584,8.29520,-0.27239,-1.29065,0
0.92998,12.52709,-0.66061,-6.33069,0
4.16706,1.16410,0.65475,0.27040,0
-3.58965,4.81382,-0.78346,-3.90495,1
-4.93654,5.52167,1.28816,-1.82638,1
0.33516,2.60239,-2.93245,-0.70544,1
-0.34597,-6.46092,4.82149,0.84866,1
1.84794,2.52125,3.67221,0.36279,0
4.77221,-3.27316,4.13300,2.29434,0
0.81764,12.74546,-3.19376,-2.12751,0
1.89195,8.74743,-2.33372,-1.48143,0
-0.11409,2.31042,-3.27108,-0.28837,1
-0.46227,13.30358,0.14561,-5.87968,0
-0.34027,3.87637,-2.97751,-2.40823,1
0.30819,-0.68215,-0.91413,0.71632,1
2.47967,6.90931,-2.59880,-0.98101,0
-1.74128,-9.23760,7.14998,-1.84637,1
-3.09594,-0.78657,2.51866,-0.07712,1
2.95047,6.32539,-0.88710,-0.35474,0
3.08354,5.24938,-0.16269,-0.04373,0
2.04357,5.24407,0.61629,-0.03422,0
-0.14558,0.45848,-2.94459,0.53515,1
-2.84605,1.52287,-0.15719,-0.32600,1
2.94719,11.84307,-3.46717,-7.43214,0
1.67439,-4.32379,7.52677,0.06102,0
-0.49076,10.30119,-1.32723,-3.43791,0
-4.04137,-7.55630,9.23183,-1.78896,1
-3.75176,5.90513,-1.38663,-6.28984,1
3.70383,-1.24628,3.72267,1.70312,0
-3.66957,1.77970,-0.02719,-1.92769,1
0.79241,5.74292,1.00013,-0.35468,0
-0.40836,10.63302,-0.79244,-5.49583,0
0.42684,7.79351,-0.02343,-0.68884,0
-0.54020,-0.16410,0.31992,-0.48936,1
-1.36332,-10.05815,10.09299,-0.61721,1
-3.92566,-16.18899,16.61254,-3.81480,1
-1.31575,-2.35544,1.02364,0.71606,1
-1.03406,-0.91163,9.05815,-0.18523,0
-0.31639,1.08450,4.44438,-0.44337,0
-2.05890,4.94010,-3.10051,-5.52359,1
0.90078,4.32877,2.12992,-0.22696,0
0.55551,-2.92083,4.37973,-1.28130,0
2.21930,5.97297,0.49032,-0.39594,0
5.14752,-2.75468,1.21645,1.25895,0
2.76291,3.45932,0.82791,0.24866,0
3.88145,-3.02260,2.85616,-0.29203,0
5.56155,-3.99526,2.32672,1.14049,0
-1.60113,-1.00775,1.80030,0.87208,1
4.83405,7.04028,-2.53042,-0.28452,0
-1.04852,1.90044,-2.91392,0.18158,1
6.20427,8.29228,-2.15803,-2.93448,0
2.46814,9.45201,-2.30666,-0.68499,0
-0.37349,2.42430,-2.59659,-1.80106,1
4.22699,0.31605,2.50331,0.71438,0
-1.76866,1.66125,-2.29353,-2.15265,1
-1.46736,0.04624,-0.00154,0.17272,1
-0.71370,-0.56249,-0.85781,0.25460,1
2.47370,2.53131,1.67164,0.50298,0
-2.10302,1.17465,0.06229,0.36363,1
2.31070,-2.17900,2.41733,-0.26190,0
-1.89503,3.97001,-1.75566,-2.51872,1
3.63123,30.38775,-1.02279,-8.75195,0
0.77051,1.10537,0.17928,0.50852,1
-0.43227,3.61925,3.83995,0.60151,0
0.22578,2.04468,5.43537,0.47300,0
3.49674,8.11685,-1.71268,-0.57273,0
0.56885,5.84520,0.11240,-0.49399,0
-5.98113,2.46774,1.72131,-2.87067,1
2.20259,6.65042,-0.19342,-0.73972,0
2.18555,7.89290,-1.37129,-0.42233,0
-1.18149,9.16310,0.88313,-6.02980,0
5.51171,7.72662,-2.75674,-1.96529,0
2.75411,8.43614,-3.12715,-1.39762,0
-2.44044,3.39732,-0.26873,-1.68401,1
2.07486,6.40233,0.71161,-0.84836,0
-2.43047,-9.86070,11.28802,-1.25202,1
-6.63601,5.59982,2.13160,-5.12288,1
-1.86497,-2.74646,3.97952,2.07698,1
-5.04141,4.05266,0.80202,-3.50626,1
2.66871,-16.85773,-2.45008,5.25611,0
2.33708,-0.90655,3.80691,-1.13442,0
-1.09510,-0.59635,0.84977,-0.10319,1
3.01893,6.29510,0.16616,-0.11485,0
-1.88651,2.97713,-2.41310,-1.26882,1
0.37141,8.02241,-1.86973,-1.92230,0
3.52450,-0.57161,3.39858,1.43005,0
-2.89691,-12.90397,11.18754,-1.96868,1
1.74508,8.63661,-3.42447,-5.72718,0
-4.55571,-9.96472,14.12104,-1.55474,1
-0.94825,-6.76389,6.47697,0.81871,1
2.67923,-3.17552,2.42953,-0.56536,0
-2.13917,-0.21242,2.47512,0.55233,1
1.48184,-3.87530,5.39906,-1.25155,0
-2.78053,4.52576,-0.40792,-1.17293,1
-1.53095,-1.38300,0.02512,0.65181,1
-5.68034,10.62458,3.54433,-7.89674,0
-0.02434,0.65204,-0.24340,0.15669,1
0.30913,0.29267,3.77984,1.02918,0
-1.41871,3.90033,-1.17823,-1.12263,1
1.17529,10.04531,-0.02648,-4.73920,0
-1.39594,-6.93536,5.11895,1.42460,1
-4.18019,-0.16378,1.56063,0.67618,1
-1.59767,-10.08965,11.27857,0.29138,1
0.71027,1.69000,-2.28697,-0.10385,1
-6.72860,5.66292,1.26947,-3.81453,1
-6.67280,6.50711,1.40215,-5.68769,1
5.24320,8.56030,-5.12248,-2.29661,0
3.16735,3.19683,0.31586,0.35025,0
3.80278,-3.55961,4.44805,-0.42866,0
2.04810,2.68669,2.52462,1.28682,0
-0.80710,8.78979,2.19280,-0.69587,0
-0.42079,1.33965,2.24792,-0.23543,0
-0.83405,-0.94309,-0.20096,0.29855,1
3.11398,6.21086,-1.98986,-0.55148,0
2.14892,-2.87605,4.04525,-0.13382,0
2.07546,6.89169,-1.00634,-1.08308,0
3.30481,10.02429,-3.93579,-0.14492,0
-0.34276,8.22166,-0.73320,-4.74214,0
0.77572,7.36951,-0.15046,-1.26793,0
2.65431,-2.24160,1.62512,-0.78144,0
2.10997,7.99515,-0.27158,0.34211,0
1.84486,8.70179,-3.80402,-5.08276,0
3.03261,5.88875,-2.37622,-0.88269,0
6.05547,6.11265,-3.49464,-2.85121,0
5.55198,-6.15400,1.70000,0.16402,0
2.57363,9.92940,-2.34018,-3.64101,0
-0.07480,1.58988,5.07229,0.91870,0
-2.96613,2.34534,0.89597,-1.51990,1
5.31238,5.76215,-1.76846,0.81903,0
4.94270,8.09575,-3.55781,-0.05300,0
-2.59029,6.23478,-0.97142,-4.55289,1
2.74767,5.77082,-1.55339,0.61435,0
2.82023,7.56451,-2.05048,-0.98377,0
1.39979,6.49834,-0.99980,-3.33909,0
-5.23670,4.41213,0.47387,-2.90764,1
1.41670,6.15249,1.15304,-0.23188,0
2.28025,-2.88465,4.69679,1.00415,0
-2.48634,-6.35527,7.85951,-0.41548,1
-2.62302,-1.49789,2.26833,1.00742,1
4.95488,-5.49222,3.57530,-0.98274,0
9.18835,7.88947,-4.59921,-1.13972,0
-2.33295,4.36806,-1.35992,-3.31710,1
-1.88721,-6.69566,7.17505,0.65637,1
-0.66172,2.31123,-2.99631,-3.40288,1
-1.25054,9.64698,0.46317,-3.37513,0
2.42089,-4.60967,3.96273,-1.18213,0
2.19035,3.14219,-5.54155,-2.10324,1
0.09545,-1.05845,-0.41747,0.18866,1
-1.69602,-5.59713,5.69059,0.57892,1
-0.57858,27.11637,-3.63596,-12.28408,1
-0.46479,-1.07652,0.65000,1.06291,1
-0.31419,5.37544,-4.66671,-6.36291,1
4.55282,-2.42451,3.37264,1.70434,0
-2.60385,0.19177,0.05762,-0.27403,1
-1.32851,-1.34994,1.84291,0.48140,1
2.97926,1.90553,0.92181,1.06866,0
-3.15982,-11.80802,14.03596,-1.02891,1
3.78581,8.59145,-5.13905,-2.27608,0
3.15218,0.16253,2.32927,1.31433,0
-1.10361,2.17838,-1.67099,-0.89527,1
-1.72439,5.71711,1.12834,-1.68887,0
3.97409,-2.22538,2.34351,0.71082,0
-1.84713,-3.11355,3.58522,0.66850,1
2.72547,10.52864,-3.24001,-4.19735,0
2.44875,6.94690,-1.65410,-2.07538,0
-5.07761,3.51706,1.63022,-2.77881,1
6.09436,5.17430,-1.75269,1.17656,0
5.10022,-8.31523,4.82406,-1.18897,0
-0.69209,0.22060,-1.98975,-0.47659,1
-0.12276,2.85969,-1.79671,-0.76910,1
3.91854,6.35982,-2.04559,-0.51885,0
0.64096,1.84251,-2.33159,-2.23249,1
-14.32105,-10.59952,-3.95947,0.18184,1
2.57500,2.26807,2.40418,0.92054,0
1.43025,9.76388,-1.10693,-5.09001,0
-0.20777,8.97375,-0.80326,-1.12531,0
1.50646,10.87936,-3.74634,-5.58868,0
1.44984,2.48010,-2.58028,0.15881,1
-2.52455,3.60863,-0.36793,-12.58889,1
0.33254,10.39879,1.30665,-3.89438,0
-3.18939,6.88820,-1.54487,-5.38230,1
2.18783,4.35225,-1.87804,-0.55006,0
-0.60790,10.30167,2.13670,-2.63389,0
3.56850,12.28236,-5.81293,-7.16351,0
3.32082,1.70615,2.74327,1.32638,0
-2.88798,-0.30269,0.18493,-0.01822,1
4.59644,-4.11407,5.61959,1.17310,0
6.08268,4.29652,-3.43262,0.60284,0
1.18111,11.42880,-0.92474,-5.00415,0
0.33066,-3.91600,7.68779,-0.69362,0
2.23984,-0.66045,1.37754,-0.07551,0
0.60482,8.63659,-0.85994,-1.92519,0
-3.08809,-13.03734,14.01311,-1.60316,1
1.62288,8.16473,-1.48573,-0.80186,0
1.77647,0.02676,5.65216,0.11679,0
5.47911,7.68798,-2.40514,-1.89647,0
-2.80742,6.98414,-2.52697,-3.93832,1
-2.09685,-12.54589,12.63691,-0.87301,1
4.71831,2.58078,-0.74584,0.78006,0
2.16086,-2.54635,7.13658,1.40246,0
-2.20255,-3.58710,6.28498,-1.03461,1
-1.91583,1.23424,-0.76673,-1.44932,1
6.46687,10.01482,-6.77495,-3.45575,0
3.15131,-0.25098,-5.66562,1.55209,1
-0.52746,-0.23404,6.77891,-1.48717,0
1.84299,8.78773,-0.22133,-3.54297,0
3.74440,6.82493,-0.84336,0.41734,0
-3.45529,-0.33487,2.04343,0.61664,1
0.85820,-0.78657,2.55269,-0.98003,0
-1.74314,-8.96382,7.46793,1.22135,1
0.06712,-0.64685,-1.09102,0.28565,1
-0.28591,8.26633,1.37545,-3.48634,0
5.26136,-3.57766,0.57642,0.38646,0
-1.93432,-10.47486,8.69050,-0.70691,1
4.46494,4.12377,-1.75163,-0.06907,0
-0.62540,-6.08169,6.92930,1.80367,1
2.24061,1.25148,2.95841,1.04549,0
-2.70681,6.62875,-2.49438,-4.97417,1
0.12923,2.66774,-2.05275,-1.31289,1
5.07417,4.69153,-2.50314,1.13627,0
1.63064,7.24126,0.41507,-1.04665,0
2.58125,0.95472,1.77072,0.90172,0
3.91461,4.34490,-2.34796,0.59308,0
-4.86867,4.45566,0.23356,-4.13368,1
-0.37918,-6.27106,5.97762,0.45221,1
3.02380,4.22707,2.55086,1.04077,0
-1.82573,-7.36358,7.72059,-0.30881,1
0.23819,-0.38067,7.04752,-0.87417,0
5.54430,8.42269,-4.33767,-1.13107,0
0.05675,0.76302,-0.39773,-0.22889,1
0.22959,-1.42898,10.72598,0.79518,0
-0.15547,3.90275,-3.79273,-0.94803,1
-2.21012,1.49814,-1.08868,-0.58198,1
-4.31168,1.56270,1.12237,0.85000,1
1.35380,6.74897,1.35784,-2.28527,0
-0.58600,10.76755,-0.42176,-4.96045,0
5.22828,1.62469,0.08752,1.21459,0
-5.27361,2.82383,1.56482,-2.36827,1
2.55019,9.47651,0.51896,-12.45960,0
0.38031,10.56396,-1.20972,-1.18099,0
1.57737,6.81716,0.43204,-0.05019,0
5.11340,2.27766,-1.06468,0.35946,0
-2.42836,-8.98564,9.14748,-0.76810,1
1.61060,-2.55220,5.55935,1.05855,0
4.37894,7.13999,-3.79541,-1.81531,0
-0.81468,-7.44393,7.90686,0.08683,1
2.11399,1.17032,2.58929,0.06356,0
4.21308,-5.47961,5.62192,0.74895,0
1.07077,4.37488,-5.10670,-5.01838,1
0.03168,6.19616,2.57748,-0.36873,0
4.95375,6.88498,-1.99761,0.85606,0
4.13813,8.56943,-2.52828,-3.51706,0
-3.50304,-7.29791,9.59452,-0.52324,1
1.89081,8.31962,0.05975,-2.48612,0
3.22590,8.64623,-0.90705,-0.41168,0
-2.08452,0.02315,1.27620,-0.00476,1
0.67212,-4.49729,5.20070,-1.28062,0
0.14536,-1.19062,0.52482,0.61226,1
-2.16761,-5.88922,5.79635,0.18376,1
-0.60605,8.60830,-0.85709,-3.44064,0
-1.96616,-9.47011,9.53882,-0.10148,1
0.83176,-1.46526,4.69557,-0.93735,0
4.34395,4.49926,-0.51300,0.54949,0
2.84271,3.06409,1.20258,0.89322,0
-1.22363,-5.76564,4.08296,0.85369,1
-1.78793,0.68255,0.45110,0.77109,1
1.78147,-3.72790,7.36055,-0.66081,0
-3.80993,-11.27710,12.95406,-1.28308,1
-1.11467,-1.21725,1.15287,1.18188,1
4.60442,4.81710,-1.69860,0.11770,0
-3.64204,5.35387,-1.13427,-5.54084,1
4.93996,8.78591,-5.23266,-3.28929,0
3.45816,1.79419,1.32151,0.63263,0
0.82428,2.52161,3.95117,0.54635,0
0.79244,8.07120,-0.96087,-0.47834,0
0.93453,-4.41778,8.49121,-0.35474,0
-1.69199,-15.21053,12.91779,-2.18310,1
-5.92129,4.60395,1.69854,-1.80458,1
-1.84740,2.10913,-0.51721,-3.44590,1
-0.25674,-10.31228,7.04735,0.02757,1
-2.72163,14.69392,12.32037,-0.55168,1
-2.72330,5.83478,-1.83297,-4.80438,1
0.41518,2.15436,-3.33634,-0.80320,1
-3.14193,0.58210,1.49312,-0.32384,1
1.79101,-7.13873,7.37099,-0.24512,0
3.72941,9.42008,-6.58884,-4.13160,0
-0.84758,-1.39038,1.47361,1.40017,1
1.82576,-0.51119,3.69211,0.01025,0
1.39839,2.54473,-2.79799,-2.57841,1
5.57920,3.47634,-1.56254,0.84727,0
1.04613,2.68946,-3.52019,-1.13283,1
3.23261,9.38729,-2.64285,-2.14042,0
-1.00877,-3.72909,2.66596,0.87365,1
-2.14728,-4.86725,8.55379,1.19151,1
-2.45711,-4.13448,4.62481,-0.14061,1
2.45451,-3.53068,6.48270,0.68750,0
0.44060,-0.56028,-0.86400,1.24274,1
1.72977,-5.83299,4.42456,-1.24466,0
6.22696,-2.36923,1.22174,2.15576,0
3.52956,11.36489,-5.78589,-5.58960,0
2.35412,7.20476,-1.83123,0.13981,0
-0.62249,-1.44856,0.65565,1.01538,1
2.70249,1.78802,-4.71878,-1.32296,1
-2.08508,-11.87813,8.88009,-0.89812,1
-1.55105,-4.46329,4.35428,1.40690,1
3.08305,8.44118,-2.24859,-0.54074,0
-1.38717,-6.26470,4.89068,0.64570,1
-0.87763,-0.57800,0.92791,1.24735,1
-2.19008,6.46426,-3.25583,-4.10360,1
0.28900,-1.94885,5.18991,0.10197,0
3.02991,-1.60016,1.35831,0.03530,0
2.46050,3.41787,0.25200,0.07211,0
2.04479,-1.48006,2.67677,0.98058,0
-2.99580,5.43064,-1.65443,-6.55625,1
-0.51724,10.25276,-3.65639,-5.25437,0
2.54835,7.26762,-1.37845,-1.06351,0
1.95496,3.59154,2.50622,0.87433,0
-5.20287,6.57875,1.25241,-3.66530,1
-4.15225,2.20224,1.82191,-0.76182,1
1.76223,7.93293,-1.09258,-0.83274,0
1.89535,6.99389,-0.46138,-0.44989,0
2.72469,5.22551,-7.00254,-4.73490,1
4.63128,-0.28438,2.54650,0.22615,0
1.77406,7.44886,1.10477,-2.08147,0
-1.93670,-6.26752,6.41685,-0.12782,1
-0.65141,1.03471,-0.63725,-0.06583,1
-0.20621,9.19470,-0.58477,-5.24656,0
-2.60491,-0.95765,3.20604,0.39144,1
2.80259,8.16834,-1.41095,-1.05523,0
-1.04712,-7.99897,3.93765,1.02811,1
3.62987,6.39571,-0.74428,-1.59828,0
-4.33062,-6.51932,10.57706,-0.39253,1
-4.62939,3.64518,1.25760,-2.07720,1
-4.12567,-9.49757,12.49217,-1.99820,1
2.48667,7.79846,-1.68397,-3.03880,0
-3.90086,-11.93488,14.32199,-2.83019,1
-2.11670,4.87564,-2.11051,-2.02789,1
2.65956,7.24927,-0.50734,-0.29662,0
-2.33312,5.39400,-1.36473,-4.39098,1
-1.27911,6.62374,2.40862,-0.37507,0
3.88241,-0.06672,1.08765,1.93820,0
-3.96555,-7.54038,8.83593,-2.86443,1
0.29840,10.88561,-2.49814,-8.01459,0
-2.18694,-7.79403,8.66358,-1.20204,1
1.40557,-2.67172,6.24517,-1.60688,0
2.01434,-2.45164,4.81828,-0.18549,0
-4.00323,-5.83058,9.36762,-2.30758,1
-3.20256,-2.93462,5.93669,0.58500,1
-1.30248,-1.13231,1.46536,0.66108,1
-2.61191,-6.28799,8.27510,-0.24919,1
-2.46794,-5.52767,7.33936,-0.41951,1
-2.12293,-0.28592,1.81966,0.50556,1
-2.64241,5.55815,-2.71978,-4.55332,1
4.06895,-1.92066,1.32114,0.31606,0
3.11538,3.88479,0.46749,1.51286,0
-1.34158,4.09966,-1.95921,-3.93355,1
3.48896,3.44187,0.46581,1.10345,0
-1.06570,2.10500,-3.57260,-2.96707,1
2.48805,-0.35253,3.12256,1.43330,0
2.28701,9.75216,-0.65428,-3.68909,0
-3.67446,4.45099,0.04423,-1.85551,1
-0.52417,2.31022,-1.73361,-1.16059,1
1.18795,2.88256,-3.18307,-1.73332,1
-1.29894,-5.26439,5.08091,0.30130,1
0.17981,-0.54038,-0.06595,0.60435,1
4.40437,10.65285,-6.76145,-5.17013,0
3.18386,8.04995,-1.60114,-0.49974,0
-0.51961,6.67479,-3.76842,-5.12815,1
-0.22605,-0.80513,1.66463,0.91037,1
0.69400,0.05126,-0.16427,0.36641,1
-2.62461,12.14599,2.28488,-6.15925,0
0.04480,7.92520,-2.43028,-3.35663,0
1.56397,8.81951,-0.81696,-3.76747,0
-0.63359,9.20057,0.38690,-2.79700,0
-1.97996,-4.52509,5.00249,-0.53635,1
0.63284,2.50564,-3.56403,-3.01709,1
1.17586,9.16091,-0.63830,-0.75200,0
-1.22348,5.15013,-3.32888,-3.92388,1
1.74158,-4.52865,0.99549,-0.27577,0
2.38596,7.12870,-1.26910,-0.86086,0
0.41564,-5.50997,2.92983,1.02566,1
-4.51703,4.98055,0.31097,-5.72017,1
-1.79979,8.31877,-4.12667,-7.16997,1
-1.14869,3.35271,-1.53236,-3.34260,1
4.72531,-4.75260,5.01183,2.66805,0
-0.11380,-2.01085,8.10390,1.05302,0
3.35636,8.10255,-3.72953,-1.08593,0
-2.66788,-0.84658,1.59432,-0.53207,1
3.11228,0.49974,-4.54705,0.24768,1
2.75273,-0.44593,-0.18436,0.70340,0
-0.04310,-1.06256,0.08183,0.53766,1
-2.52575,1.11319,-0.20300,-0.34461,1
4.81170,4.74943,-1.60018,0.74575,0
1.51327,10.83879,-1.22746,-4.96178,0
4.47172,9.50652,-3.29424,-3.09104,0
-1.86097,-4.53099,4.66529,0.40096,1
-2.42833,-8.08247,6.99771,0.10653,1
2.07991,3.01825,1.12770,0.77607,0
4.27103,-3.99488,5.92355,1.51999,0
2.63575,-2.73524,3.65944,-0.63957,0
-0.00151,0.52775,4.59485,1.44933,0
2.18914,3.63217,2.29467,0.76817,0
-2.37430,4.35055,-1.10408,-2.46466,1
4.56336,7.21006,14.62845,7.72950,0
1.05704,3.94835,1.27725,-0.04342,0
-2.16765,3.30550,-0.36573,-3.17109,1
1.09041,1.29675,-2.10645,-0.28450,1
1.95842,-2.35476,6.85421,-0.91603,0
-0.77246,3.19913,-3.36206,-3.56152,1
1.31978,-2.29855,8.08043,-0.65190,0
1.02254,1.72217,-3.43125,-0.05033,1
0.52346,4.14498,-4.38472,-3.53181,1
1.65054,-3.38772,0.91216,0.20153,0
2.74134,5.07170,-0.90607,0.16402,0
3.53102,7.72191,-2.86302,-2.20397,0
0.95973,0.35698,5.48511,-0.08240,0
2.46138,8.62979,-3.43679,-3.84267,0
3.56955,10.03923,0.55403,-3.20869,0
3.25688,10.74975,-1.48434,-3.04394,0
-0.57050,10.67759,1.24479,-4.80921,0
5.35883,-0.81015,1.23623,1.79745,0
2.63882,8.54322,-0.24537,-0.47294,0
1.67988,-2.70315,4.11850,-0.14067,0
5.15101,7.48423,-3.92645,-2.61927,0
1.48240,11.17513,-3.48822,-6.36514,0
3.11692,3.49773,-0.76314,0.76791,0
1.45779,6.66376,0.30757,-1.69419,0
2.16327,-0.88063,2.02187,-0.32530,0
-3.15415,-12.84230,14.22584,-1.37373,1
-0.17916,4.15541,-3.15554,-2.11814,1
-1.62517,-9.01651,8.88458,-0.03889,1
-2.01137,1.33103,0.04251,-1.29575,1
1.23745,2.32689,-3.91615,-1.18865,1
4.48886,2.55619,-0.00653,1.07559,0
-1.62336,1.51493,-0.99654,-0.84168,1
4.31801,7.70795,-2.25754,-2.16254,0
0.47768,3.01705,-3.28527,-2.33738,1
-0.73699,-0.96082,1.82323,1.08571,1
-2.69009,6.85331,-2.65232,-6.91024,1
2.62903,2.66135,-0.18926,0.49754,0
-2.15945,-7.25008,8.99714,0.35150,1
2.40620,2.67480,0.67204,-0.22444,0
-0.35675,8.83308,-1.50428,-4.56512,0
-1.83225,11.76077,-1.18141,-8.04218,0
1.99867,5.55403,-1.18197,-0.26016,0
9.75269,21.33494,6.04360,0.50792,1
-1.62516,11.51057,-0.26799,-6.66195,0
3.89157,2.69276,-0.12403,0.24299,0
4.22459,1.81766,-6.92887,-1.74266,1
4.99482,3.95059,0.07600,1.52132,0
1.43547,10.19028,-1.84474,-4.20170,0
2.36144,-0.70577,3.85298,0.47238,0
2.65806,0.89077,3.34987,1.12529,0
2.16659,-3.17664,5.37413,-7.54575,0
3.54145,8.46671,-1.82599,-2.60096,0
3.12489,8.51362,-3.31683,-4.17341,0
-0.16672,7.49384,1.44766,-3.81737,0
-0.72508,-1.56843,-0.97375,1.47594,1
-1.65772,-0.79183,1.75837,1.05837,1
-0.12003,-3.21903,2.54139,0.57356,1
-2.83962,3.15546,-0.63006,-1.16888,1
-2.39721,-0.20747,1.30949,-0.23939,1
-3.68521,0.30381,0.52452,-0.76880,1
-1.78980,0.56493,0.70745,-0.93722,1
-4.23473,-5.77926,11.41034,-1.25341,1
-2.83878,-0.64953,2.35223,0.34921,1
-2.35334,2.52557,-1.26443,-1.92277,1
3.42472,5.29845,-2.07944,0.28508,0
-0.50279,-1.36890,1.97090,1.13324,1
2.15733,11.51640,-3.72964,-2.56064,0
-1.50791,2.74793,-2.93710,-1.15776,1
0.01609,11.92118,2.63117,-4.40956,0
5.13265,0.94273,1.76413,2.75691,0
-3.19059,3.09780,-0.84947,-0.67338,1
0.06478,9.50160,0.20950,-1.08546,0
4.03813,3.47961,0.89210,-0.74400,0
-3.97858,-12.80867,16.37926,-2.63778,1
-1.69970,-0.63301,2.13637,0.62301,1
0.39842,3.09121,-3.77945,-1.36258,1
1.20623,-5.70429,8.11375,-0.18288,0
3.41224,12.91080,-0.50772,-3.37759,0
-2.95300,4.36741,-2.58717,-4.91034,1
2.31300,-1.92892,3.96646,0.54494,0
6.28693,6.18169,0.02967,3.28677,1
-3.77380,3.34596,0.75897,-1.52008,1
-3.66332,-32.38876,13.27033,-0.57687,1
2.62960,8.77628,-1.80648,-2.69557,0
-1.65249,-8.62417,8.98343,-0.26290,1
-3.47185,8.81790,-3.10632,-8.67213,1
-2.69271,-8.12131,9.91801,-0.32993,1
3.25670,-5.31768,7.18438,-0.30932,0
3.13526,5.08308,-2.11923,-0.07518,0
3.81481,7.64475,-2.58672,-3.42905,0
-2.48074,-10.81337,12.91720,-2.02350,1
-0.12358,-0.58660,1.21075,1.67106,1
-1.96246,3.11919,-2.28292,-3.73265,1
0.04427,3.36983,-2.31851,-2.27895,1
1.58516,1.27284,-3.03312,-0.32423,1
-3.53754,-1.83710,2.67625,0.87496,1
-10.53962,6.58136,-17.81866,-0.91543,0
-1.52135,-10.96105,8.79987,0.22041,1
-1.51668,-6.18611,5.53084,0.07283,1
-0.82397,2.89866,-2.73287,-3.74026,1
0.19599,-0.54149,-0.71583,-0.23606,1
4.01934,8.64269,-3.65256,-3.95230,0
-2.18631,-8.11340,9.89135,-2.14743,1
-2.20607,-0.53480,2.40750,1.03672,1
-1.53259,-6.61261,3.95841,0.43053,1
-2.96960,-7.47889,7.84709,-1.04084,1
-5.13516,8.63912,-0.10328,-6.12844,1
2.38198,8.10414,-3.35718,-0.58906,0
3.48772,4.86809,0.67586,-0.03370,0
-2.77993,-7.14104,9.83403,-0.40775,1
-2.70869,-12.87243,11.54479,-2.32943,1
0.05979,9.70680,-3.03874,-4.23435,0
3.00225,11.43829,-2.21428,-3.35654,0
1.81374,2.37903,3.45924,1.50708,0
3.70053,1.39715,2.68869,0.30556,0
5.14056,0.82154,0.83499,1.38118,0
-0.68440,10.45635,1.72285,-5.22174,0
4.36864,-2.88494,2.10837,0.92215,0
5.15332,3.90207,-1.82481,1.08479,0
5.34319,7.81355,-4.15379,-1.61764,0
-10.27096,2.24922,5.08998,-8.84545,0
-4.09584,-0.83511,4.21775,0.25321,1
-0.72169,-3.67766,4.30814,2.90104,1
-3.59528,-1.76192,3.23864,-0.40920,1
6.58850,-2.93055,-0.00325,1.69794,0
0.40743,-0.87907,0.12788,0.96360,1
5.02032,9.25466,-3.26956,-3.92020,0
-1.55897,9.69431,3.70380,-5.08390,0
-3.24539,-5.08118,9.24350,0.99872,1
-1.37562,0.78539,17.82318,9.27451,1
-1.03634,1.88973,6.52469,0.88395,0
2.72822,-0.56683,2.73211,-0.39870,0
-0.71395,1.41967,7.46510,0.21682,0
-0.22502,11.68232,-0.52101,-2.75983,0
-0.92305,0.37978,2.42195,0.54426,1
-3.09091,-10.48966,14.46274,-1.29055,1
2.23329,6.63942,-1.15976,-0.04944,0
-2.68028,-7.75381,8.55799,-0.20673,1
3.17769,3.71603,1.49220,0.67257,0
0.66186,-6.22587,1.95174,0.95327,1
2.06500,10.59262,-4.34794,-4.85521,0
-4.36494,2.32693,0.42428,-1.39237,1
3.96682,0.91572,0.13605,0.36487,0
-2.30951,-8.71792,8.71306,-1.07675,1
0.64133,3.04538,-3.09913,-1.51888,1
-3.98650,3.34957,-0.78600,-0.72667,1
1.50732,1.45406,-2.38959,-0.30094,1
1.49233,0.94056,3.91607,-0.24388,0
1.04866,4.55882,2.35077,-0.12161,0
2.89043,3.24022,0.92602,0.34161,0
-2.39516,-13.56134,12.24600,-0.65780,1
-1.97861,-1.15886,1.99290,0.59627,1
6.43914,6.49995,-3.40938,0.11559,0
-0.41681,10.28802,0.82181,-4.17322,0
-3.22727,-1.49930,2.95236,0.06503,1
4.50858,6.43687,-3.29842,0.07181,0
4.51221,2.60134,-0.20622,0.09554,0
0.81274,8.41475,-0.33540,-0.38393,0
3.11289,-5.20413,5.14409,-0.71923,0
-3.22726,-3.78954,4.54763,1.46633,1
3.53968,6.27336,-0.39669,0.63551,0
3.89025,1.99646,0.60095,0.96766,0
2.06380,-0.88766,5.20594,0.75791,0
-0.41333,7.51820,1.92336,-3.07252,0
-4.23512,10.37093,5.55377,-4.85344,0
4.57077,8.18688,-4.67705,-1.38841,0
3.19699,8.70690,0.96874,0.11417,0
-1.37719,5.38522,-3.02822,-3.96640,1
-3.51287,2.67563,1.23161,-2.54655,1
2.30159,6.28932,-1.75976,-2.01650,0
-0.36533,-1.05917,2.14054,0.72548,1
3.88101,-2.74212,2.83699,0.60935,0
3.37604,-1.98095,5.32275,-0.11124,0
1.08418,-1.19927,-0.13452,0.79464,1
-1.09159,-3.59510,2.07781,1.68981,1
-0.08127,-0.54462,4.53759,-0.64568,0
2.80636,10.63153,-0.93665,-2.68422,0
-0.17375,-7.28244,6.66464,1.45082,1
1.32704,-0.41586,-0.73003,0.20991,1
-2.30596,-3.70819,7.66264,0.48877,1
4.97448,9.70122,-2.30519,-4.20049,0
-1.68057,1.02741,1.39200,-1.02755,1
-5.40348,4.91911,0.73740,-4.31388,1
0.59316,9.93200,-0.73223,-4.06552,0
-3.25570,2.35921,0.97832,-0.96835,1
2.20326,-2.59589,4.98269,0.09572,0
-0.58316,0.58986,-1.80359,-0.51151,1
-1.52318,-8.41451,7.76926,-1.12271,1
3.93284,5.80835,-1.28711,-0.31867,0
-4.72479,4.06374,-0.13627,-4.23221,1
-0.50345,1.93976,-1.28283,-0.22081,1
-3.00165,-8.18475,11.44751,0.09163,1
1.75403,7.56783,-1.42987,-2.48654,0
-5.01249,-14.62029,18.91534,-3.56281,1
2.15427,3.57065,0.77545,0.05205,0
3.71019,5.78598,-1.59478,-0.50313,0
3.14981,1.49955,2.03521,1.40491,0
3.44328,-0.81717,2.64261,0.39491,0
-1.47519,2.37824,-2.26536,-2.01972,1
3.70909,9.50519,-2.32828,-1.14096,0
2.26587,6.11892,-0.92062,-0.67209,0
-0.18649,1.49564,-0.17235,-1.68809,1
1.77777,-0.58864,-1.52001,2.03663,1
-1.66878,-10.83625,8.58369,-0.41966,1
-0.43928,7.56108,-0.87987,-2.89813,0
0.78771,7.07958,-1.46879,-1.28156,0
2.11184,2.42465,2.11342,0.45841,0
-13.14940,0.27567,1.40847,8.70796,1
-2.50968,-3.59802,4.46220,0.56221,1
-1.84408,1.36087,-0.60614,-0.60717,1
-4.26276,-14.16423,17.06051,-1.14244,1
-3.15675,-1.06744,2.41677,-0.24264,1
2.70441,-0.00615,4.46445,2.44137,0
-1.11170,0.24866,-0.17427,0.49632,1
3.27682,8.44577,-1.78960,-2.34013,0
-0.88591,-1.65473,1.83051,1.49827,1
3.43024,6.70665,-3.34022,0.07809,0
-3.24488,-7.59899,9.01554,0.03431,1
2.82452,9.59587,-1.36388,-3.17164,0
-4.14625,-7.09342,11.47001,-0.38676,1
4.48934,7.24548,-4.68810,0.45998,0
1.40469,1.66691,3.29878,0.33220,0
-2.77286,-5.54224,6.88988,-0.72259,1
2.01491,7.44248,-2.06206,-2.09876,0
4.48767,10.41294,-2.11598,-4.03469,0
1.60775,-3.92584,6.52884,-1.07924,0
-0.67782,0.18850,-0.48192,0.45178,1
-2.83916,9.29668,1.20368,-5.21976,0
-0.75818,1.92742,-3.18192,-3.10081,1
1.16613,-3.30301,4.89001,-0.41562,0
-0.53378,-3.62683,7.01831,-1.35295,0
-2.75799,2.43876,2.41289,0.13769,1
3.41393,6.74179,-0.84950,0.32794,0
1.54534,4.49193,-5.45389,-4.74407,1
-4.53978,4.39515,0.16186,-4.81192,1
-4.35163,13.51864,2.54152,-9.49100,0
2.14835,4.26948,-1.50824,0.88384,0
-1.67885,-9.75122,9.55894,0.12888,1
-1.82803,-4.64995,3.93283,1.70724,1
-3.55549,-4.15527,7.94278,-1.08939,1
-1.43405,0.61445,-0.54926,0.03344,1
1.43739,-2.45099,6.45586,-0.40592,0
-1.41460,0.41418,0.51961,0.56351,1
-2.13256,-0.28397,1.36413,0.01551,1
-0.11215,3.10748,5.47469,0.26568,0
2.34643,5.86051,-0.00201,-0.68241,0
0.22706,0.15867,5.10288,0.05735,0
4.50771,-2.29082,4.74950,0.78787,0
4.20645,0.42648,2.32839,1.49520,0
1.51411,-3.57928,3.17902,-2.31098,0
1.09135,9.35399,16.62502,-0.94150,0
4.20262,7.32382,-1.56338,-1.66945,0
-3.00151,-7.24158,9.21589,-0.75798,1
1.22726,0.28897,-2.36693,-0.56350,1
2.80765,8.57064,-2.53556,-0.83455,0
-2.01623,1.47793,-1.32670,-0.53106,1
1.84599,11.23249,-0.81304,-5.45183,0
-1.21883,3.19447,-1.55589,-5.80710,1
-1.90322,7.19845,-3.87989,-6.22599,1
-2.59764,-2.96764,4.40466,-0.20168,1
1.03561,-6.60154,5.93646,-0.18292,0
6.41268,-0.67077,0.67776,1.59229,0
3.63255,-5.90702,4.28085,-1.84711,0
3.26979,6.83998,-0.56662,-1.77469,0
-0.23525,-0.12334,-0.00478,0.77667,1
0.76911,7.45596,2.67414,-2.48571,0
-2.25086,-6.15943,8.38334,0.55820,1
1.18361,9.72532,0.77449,-4.28047,0
3.14469,8.27915,-2.11902,-0.16403,0
-1.11598,1.47747,-2.24564,-2.93842,1
-1.83012,3.20257,5.05890,-0.49732,0
1.44812,1.21390,-3.01308,0.36514,1
-0.85167,3.57983,-2.54598,-3.10946,1
-3.41453,9.01370,2.67493,-3.08279,0
-1.63465,11.84053,-1.54674,-5.44991,0
2.61004,5.41959,-0.59374,-1.17691,0
-3.39880,8.47847,0.82739,-3.19775,0
0.96404,0.06750,-0.93835,0.33005,1
1.65144,10.15442,-5.22992,-6.25179,0
-4.06004,1.34998,1.63774,1.15589,1
-2.23577,-0.42854,2.53249,0.27925,1
4.51923,-0.54235,2.62717,1.98211,0
-4.05586,-7.91042,11.17877,-1.13453,1
-1.16635,10.50366,0.89707,-1.78831,0
-0.00433,3.02928,-2.71991,-3.74234,1
-0.13220,-0.92290,3.98233,-1.71805,0
-3.19300,-9.21931,11.04096,-0.38621,1
2.43866,8.43089,-2.45292,-2.42439,0
2.19780,5.61232,-0.94059,-0.64770,0
-6.09626,7.55034,-0.19800,-4.28373,1
-3.22193,-11.98450,14.16598,-1.65545,1
0.21678,2.73807,-3.67319,-0.20151,1
-5.21362,-15.65641,20.67018,-4.07525,1
-4.26657,5.31142,-0.69607,-3.09727,1
1.61420,1.64176,-2.82563,-0.32993,1
-13.96869,3.97104,-1.84958,-3.03706,1
3.42609,-5.76334,6.70026,-0.27222,0
-1.09928,3.94295,-2.77653,-3.22313,1
-1.15439,11.34527,1.42440,-5.59435,0
3.22321,1.75104,4.46196,1.07974,0
-2.70714,-7.76755,9.10513,-0.72437,1
0.74364,3.15659,-4.50236,-5.22291,1
-2.35773,3.85570,-1.26676,-2.92074,1
4.25159,6.89900,-3.23542,-2.75432,0
3.30795,9.76494,-0.04430,-4.50016,0
1.18539,-2.05144,6.21734,-0.79494,0
0.04422,-0.84892,2.31396,1.87816,1
-0.49375,-0.82707,-0.07238,0.49292,1
-2.05472,-10.24602,8.74819,-0.51768,1
-3.30255,-2.23122,4.93779,0.81997,1
2.46911,10.13034,-1.22345,-3.36749,0
3.07138,7.67895,-3.35677,-1.38977,0
3.70466,-1.35728,0.35548,0.44501,0
1.24030,9.42324,-2.26232,-3.31557,0
1.39442,-1.34616,5.08991,-0.01212,0
0.50483,10.20136,-0.69760,-1.23812,0
-6.41852,6.49023,1.12267,-5.96502,1
-4.51978,4.66805,0.13365,-3.56419,1
3.47230,4.87395,0.60064,0.49112,0
-8.39904,9.61381,1.75343,-7.82063,1
-1.98074,5.84892,-2.90690,-8.28912,1
-2.02503,-1.52393,1.21867,0.20080,1
2.03741,-2.06567,3.38370,-0.50098,0
-1.71209,-6.62966,4.09582,-0.81731,1
1.41904,9.61619,-2.24302,-1.62766,0
-2.37664,-5.74128,6.72358,-0.38565,1
-1.55499,-5.33959,5.84044,-0.16019,1
-1.90802,1.41632,-1.58461,-1.31741,1
-0.57694,10.98931,0.54708,-6.72154,0
2.23700,4.61085,0.63065,0.63659,0
2.16930,-2.56600,4.93205,-0.41292,0
-1.92752,-0.70633,2.15600,-0.26012,1
2.70802,-3.37827,3.74850,1.00871,0
0.04642,10.28643,-1.47061,-5.18477,0
-3.45638,-3.13091,8.53425,0.59185,1
0.50601,-2.26712,6.79801,-0.17677,0
4.53014,-4.93219,7.75814,0.77617,0
-0.82610,2.03399,-1.39545,-0.53371,1
3.02028,4.10833,-0.59589,0.28085,0
1.81080,7.50815,-1.33648,-1.08600,0
2.14316,5.30309,-0.45081,-0.36890,0
2.49149,8.89472,-1.49680,-0.37456,0
-0.45252,-3.84799,4.18128,0.89189,1
-0.74515,-8.37967,11.66240,-1.93177,0
2.07659,5.35413,-0.90185,-0.94601,0
-1.27824,10.78122,1.02731,-5.48114,0
-3.88056,-10.83449,14.19249,-0.75185,1
2.56667,11.18627,-2.25903,-4.77401,0
-1.91517,0.03839,0.67986,-0.32071,1
-2.23745,9.64823,0.89232,-4.33780,0
-3.57645,-9.97876,15.27871,-1.18885,1
-0.15627,0.03679,0.23308,1.09780,1
1.75910,-0.96643,5.48914,-1.06939,0
-1.44463,6.20151,2.71351,-1.38338,0
-1.84469,-6.65606,7.27016,0.79247,1
-0.98667,3.42470,4.88451,0.42878,0
-1.55345,0.83654,-2.47073,-1.52681,1
-3.72062,-7.30549,9.81631,-0.76394,1
-2.19567,-4.18894,5.87319,0.37975,1
2.78689,13.00841,-3.06699,-5.81685,0
-0.56793,10.64993,-0.91597,-5.11539,0
3.83668,-2.68752,1.75156,-0.30428,0
-2.38340,-4.32704,7.15605,0.93787,1
-0.74228,-10.40175,8.95858,-0.51705,1
1.40532,2.53363,-3.46852,-1.28977,1
-1.69357,5.60886,-3.68207,-5.88050,1
-4.39728,4.94863,0.05208,-3.18524,1
2.31724,7.54522,0.18382,-0.37246,0
5.28740,-0.40128,0.98548,2.13557,0
-5.42714,-12.15682,15.88764,-2.13327,1
0.13792,1.34718,-2.15418,-0.91186,1
0.63069,-0.15709,-3.32366,-2.76214,1
-1.17104,0.76030,-1.19053,0.51608,1
-0.66969,3.06636,-2.97331,-3.93257,1
0.74884,9.37872,-0.83402,-11.83286,0
0.74644,-1.99131,6.54589,0.70825,0
3.64772,0.20451,1.29026,0.83348,0
4.03766,9.28665,-2.20339,-0.72398,0
-3.27040,4.71037,-1.60656,-4.94702,1
-1.10938,5.01249,-3.35162,-1.35042,1
-1.09670,1.64213,-1.30843,0.05965,1
2.67990,4.92914,1.65847,0.22078,0
-1.28597,2.97825,-2.00358,-3.22793,1
-6.45605,6.08968,1.06111,-5.75724,1
0.12930,-0.24066,0.67400,0.25285,1
-4.22764,-17.57622,20.02264,-4.19554,1
-2.11847,-0.91779,1.93870,0.56723,1
-1.47655,-5.22826,6.24411,3.41607,1
-3.82539,-8.27703,13.72551,-0.64229,1
3.69360,-2.82087,2.42830,0.54473,0
3.00926,2.64372,0.68011,0.85150,0
2.52407,4.88093,-0.46900,-0.48854,0
6.18443,8.52479,-3.63644,0.51961,0
-0.45339,1.32859,4.43086,0.84492,0
-3.79026,4.70173,0.56739,-2.01598,1
7.69480,7.85614,-7.32480,-2.15064,0
2.01755,11.22766,-5.70448,-6.73331,0
0.17770,1.00367,2.35449,-0.59963,0
3.31413,3.51284,-6.29450,-3.73741,1
-9.74492,-2.82437,5.17167,-8.82175,0
1.85586,0.24317,5.42655,1.12310,0
-3.39776,12.68124,-0.72556,-7.35761,0
1.02714,8.95256,-0.70706,-0.64682,0
-2.90973,-0.93169,2.14702,0.40060,1
0.47670,-0.05814,5.07207,-0.02173,0
-0.63145,-4.18064,7.50174,-2.19315,0
0.11839,1.81816,-3.08965,-1.07645,1
-0.22208,9.96014,-1.41119,-2.06762,0
0.14189,-2.71283,5.39863,-0.43209,0
2.76554,3.58323,0.56156,0.27771,0
3.47544,5.39223,-1.91446,-0.19469,0
0.74408,2.55357,-3.37134,-1.13757,1
-4.69399,-12.33177,17.13871,-1.30434,1
-2.25206,2.12507,0.12964,-1.73142,1
4.60243,3.40121,-1.70872,-0.39737,0
1.37687,6.62368,0.35545,-0.27934,0
0.71233,5.95786,-4.35267,-3.68953,1
-11.49979,-23.83929,-3.59553,-2.34543,1
-3.86462,1.98587,10.41141,-0.96418,0
-7.57074,6.35305,3.15607,-3.71044,1
-2.89419,4.71464,-2.13451,-4.79698,1
-2.13312,-5.98813,4.69114,0.71464,1
-3.01978,3.35324,-1.95803,-1.60642,1
-2.17093,-6.97838,7.10689,0.54804,1
-1.56906,2.07380,-2.47846,-3.54314,1
1.97793,8.13595,0.97546,-3.40701,0
2.28613,-3.45444,4.10262,1.33795,0
-1.95001,-2.60188,10.93997,-1.47877,0
3.48938,3.57607,-17.46854,0.48598,0
1.79968,6.93469,0.47432,-0.04227,0
-2.13913,1.35136,-0.34746,-1.95371,1
-3.06985,-6.91316,7.21088,-1.56962,1
-3.05659,7.27257,-2.16060,-5.02453,1
-1.99409,-10.25108,11.16433,-2.17207,1
5.14827,7.13145,-3.26533,-1.37993,0
-2.41061,9.16759,1.24696,-2.51193,0
1.91119,7.37812,-1.30588,0.25405,0
-1.07817,0.97840,-0.44728,-1.12161,1
3.95016,5.56391,-1.84153,0.00728,0
3.11335,6.17817,-2.13716,-2.06749,0
-1.31463,0.63630,0.44683,0.40775,1
-1.41077,0.44057,-0.03288,0.07664,1
-10.56324,9.13947,-18.61242,-0.69106,0
6.57326,11.15117,-5.72670,-3.97108,0
2.70207,-4.49950,4.08632,0.29078,0
-3.59324,-14.26609,15.68761,-2.49009,1
0.20973,-5.07540,6.02288,-2.34542,0
4.30494,5.37847,-2.08760,-0.99114,0
4.02469,9.12480,-3.13099,-4.03674,0
2.95760,0.09587,3.62616,0.93299,0
-0.88025,2.81330,-2.05128,-0.63559,1
-2.78761,6.68678,-3.01994,-5.32051,1
1.64768,-5.44756,8.88377,0.12756,0
1.66186,-0.00794,-3.90195,-2.10057,1
3.55903,8.77027,-2.86194,-0.72048,0
-3.25415,1.53368,0.62885,-1.22649,1
2.03858,3.64941,-0.03780,-0.53922,0
-1.06603,3.48106,5.09757,0.18989,0
3.48658,9.28632,-2.89285,-3.37321,0
3.60378,8.63991,-2.63741,-2.36643,0
-2.25925,1.80975,5.11670,-0.64601,0
0.39559,12.41977,-0.19578,-4.03394,0
-3.84256,6.63361,-0.29879,-5.09865,1
-1.67888,9.59740,2.54337,-4.23679,0
5.15435,3.86701,-2.39534,0.86019,0
-4.03361,-12.37941,15.36783,-0.96748,1
1.86853,-3.83032,7.92739,0.36644,0
-4.61382,6.14428,-0.77603,-4.67266,1
3.76188,4.29248,-1.03901,0.00430,0
5.20378,2.18706,-1.59613,1.56496,0
-3.74669,-8.97319,12.11007,-0.57503,1
2.48049,0.23335,5.04464,0.04246,0
-3.61634,2.05829,-1.29201,-1.93220,1
-0.91252,-1.45954,9.62731,0.27937,0
-0.90982,3.36042,-1.94061,-2.37056,1
-2.82537,4.70562,-0.50087,-2.63972,1
1.61587,7.73199,-0.24768,-2.03245,0
0.80780,8.76532,0.88121,-2.96323,0
0.98814,-2.50777,6.80404,0.74175,0
-4.48047,2.90131,1.15083,-1.69999,1
0.87746,7.01392,-0.33698,-0.20452,0
0.36351,-0.32922,-0.24010,1.07752,1
-0.82613,0.18495,9.53690,-0.88244,0
7.27781,5.14518,-3.13621,0.34664,0
1.52130,-1.11572,5.12925,0.67242,0
2.03133,3.22774,0.56829,-0.19311,0
-2.20873,-7.56172,8.13924,-0.04811,1
3.48389,6.87078,-1.19548,-0.98131,0
2.69394,0.17925,4.31146,1.29268,0
2.75075,-2.06318,5.82198,0.70176,0
1.48908,-4.24747,5.76734,-0.20524,0
-0.65291,4.36663,-2.37314,-3.93007,1
8.27873,4.79335,-5.49543,1.97744,0
-2.67429,-0.38675,1.70794,1.10074,1
-3.14482,7.54668,3.28900,-2.00174,0
-3.51814,0.85022,-0.23483,-1.17928,1
1.20172,-0.12719,3.82316,-0.00452,0
-2.60832,2.40905,5.82240,-1.80440,0
1.51340,-3.93787,5.89479,0.13594,0
2.28336,-4.63776,2.32652,-1.22280,0
3.93222,-4.76088,3.02439,-0.02165,0
3.28741,-5.05176,5.16804,-0.37819,0
3.96599,2.24039,1.11144,0.45458,0
-0.92141,0.02960,0.61382,-0.12267,1
2.82361,4.98571,1.01032,0.77822,0
7.56467,6.93037,-5.73080,-0.53038,0
-0.82141,7.90454,1.35584,-3.81372,0
2.06775,0.02121,3.27112,0.85554,0
3.07377,5.25216,-1.15601,0.29837,0
0.30308,4.34923,-4.79340,-3.76161,1
2.55234,3.84460,1.70580,0.03513,0
3.53126,1.52082,0.38232,0.39118,0
4.76347,-3.64996,1.98884,0.20780,0
-3.06917,4.93548,-0.35730,-2.37891,1
-3.15990,-9.85271,12.28109,-1.07634,1
-2.31922,-5.03399,6.93738,-0.10695,1
0.55883,-0.46581,7.73925,0.72960,0
2.39292,3.59035,-0.38774,-0.62584,0
3.91242,1.69045,-0.03755,-0.17219,0
-0.33715,-1.28133,7.84418,-0.26819,0
-3.04195,6.22971,-1.95629,-5.24836,1
2.89364,4.24628,1.27347,0.30283,0
2.16454,-5.16934,6.97807,-0.38619,0
-1.86822,0.57102,0.91947,0.34771,1
-2.86175,7.72150,-2.11154,-3.59136,1
4.22331,1.96906,0.69937,1.05041,0
2.23237,0.05542,14.53237,-0.42768,1
2.29314,-3.35595,6.45155,-0.16433,0
-2.43132,-1.84428,2.98579,0.83649,1
-6.19809,7.00007,0.14830,-7.35240,1
1.09778,7.29210,0.68188,-0.61121,0
-1.81004,-10.89385,8.68834,-0.27759,1
2.31043,5.29588,-0.11052,-0.00860,0
-1.37886,-8.05531,4.85812,-0.75496,1
4.78415,8.39981,-3.06170,-3.22239,0
2.40793,-4.19846,6.33569,0.15380,0
2.04190,-3.42911,2.35336,0.41701,0
5.81252,1.67633,0.39559,1.51508,0
-3.49449,-11.05219,11.74284,0.21350,1
-0.27267,9.06195,-0.25949,-1.57872,0
1.70458,8.65459,-1.19252,-2.47748,0
2.09513,4.86975,-6.13320,-3.25947,1
2.66369,-0.58211,-1.01810,1.01952,1
-1.53095,-10.16394,10.34215,-0.59607,1
-1.39257,-0.43635,0.59499,-1.12071,1
1.46066,33.92211,-1.46619,-4.23048,0
2.76815,8.57603,-0.68374,-1.32903,0
1.55406,-1.00389,4.69887,-0.14783,0
-2.35834,-7.94489,6.84862,-0.58852,1
-5.29528,-10.20278,15.59344,-2.13624,1
4.17910,-3.10082,3.93964,-0.81008,0
-6.62988,6.63369,1.08077,-3.17888,1
-2.86238,-7.30512,9.41968,-1.30788,1
-3.06904,-9.28287,12.33583,-0.33908,1
0.37340,-8.96715,3.24413,-0.98038,1
2.64412,3.08774,-0.04244,-0.39674,0
6.63843,1.96088,-1.43810,0.89431,0
2.96082,2.02065,0.32122,0.42157,0
1.90917,-2.76429,6.17303,0.02713,0
-4.32062,-0.34507,2.68537,-0.84502,1
0.79077,9.57044,-1.04156,-0.06241,0
0.21473,8.85109,1.14382,-2.78366,0
5.04830,9.07054,-3.92270,-3.77125,0
-1.20285,3.74518,-3.17312,-4.41359,1
3.51978,-3.69396,2.73309,-1.22701,0
-2.29183,2.76516,-0.73558,-3.35113,1
4.64859,5.49863,-0.66573,0.15501,0
3.33678,-1.74612,3.03747,-1.60745,0
2.48182,2.63678,2.50036,1.23308,0
2.48836,7.54256,-0.45207,0.02041,0
1.64133,7.38535,-1.92948,-0.47543,0
-2.92812,-11.37049,11.87734,0.48123,1
-3.95344,2.62454,0.20795,-2.65336,1
-0.53342,11.45661,-2.40581,-7.32862,0
5.81881,-24.15173,0.49031,1.08971,0
4.75654,3.11908,-0.04780,0.66151,0
-2.04154,-3.18820,4.44020,-0.46603,1
-5.36823,6.89908,0.46483,-7.04858,1
-1.63435,-4.18827,2.95008,0.59315,1
3.03440,-2.60226,4.02923,0.97037,0
2.93103,7.13134,-2.32803,-0.40862,0
2.62285,4.00066,1.40739,0.87474,0
3.23084,8.30075,-3.14655,-0.84598,0
3.09085,-3.05663,4.81596,-0.54260,0
0.22307,2.43314,-1.33800,-0.88423,1
5.35534,7.51672,-4.38755,1.68969,0
3.26796,4.74496,-0.79725,-0.01469,0
4.03011,11.41962,-5.20197,-4.03900,0
0.12863,4.19689,-4.12669,-4.47982,1
1.15063,7.48506,-2.81472,-3.02640,0
2.04168,-2.73824,3.42608,-0.61745,0
4.53828,3.35037,-0.58666,-0.04993,0
2.39285,10.65125,-3.06775,-2.51822,0
3.13424,8.83727,-1.49395,-0.92900,0
4.99501,4.19140,-2.61867,0.47687,0
3.78832,-2.26913,3.85462,1.87274,0
4.61825,1.74734,0.04025,1.56157,0
-3.15058,-7.67137,11.47610,-0.89821,1
3.24262,-4.93552,2.26699,-0.30163,0
3.19711,6.36891,0.24965,-0.04406,0
2.51895,4.99491,-0.08101,0.02448,0
0.29639,2.50016,5.51459,1.21082,0
-1.84496,3.22011,-0.95429,-2.30908,1
-4.80536,-13.81358,17.92790,-3.81736,1
3.23286,3.44473,0.58431,0.88259,0
-0.00036,0.06678,-0.81333,0.83493,1
0.61073,-0.40831,-0.30950,0.78224,1
-4.35263,-8.54171,10.04333,-1.56716,1
3.91266,4.72910,-1.40603,-0.20293,0
2.21700,8.74088,-1.66723,-3.93622,0
1.97035,7.58026,-2.42244,-1.07745,0
4.15618,4.87960,-0.47885,0.09746,0
-2.16604,-2.15375,2.60722,-0.28428,1
0.01587,-2.09495,3.00797,-0.28443,0
3.15968,8.66947,-1.42473,6.61084,0
-2.53825,-1.17467,1.75037,0.06378,1
1.35400,9.43344,-1.78831,-1.50630,0
-1.89260,4.01861,-1.96472,-1.55822,1
7.29373,8.06287,-5.77846,-0.32406,0
0.63995,1.17562,-2.83881,-0.13789,1
3.74054,3.56206,-0.77088,0.09805,0
0.06224,-0.27414,-0.55222,-0.25804,1
1.80409,-3.27047,6.61532,-0.62053,0
0.00087,-1.36564,1.18172,-0.33412,1
1.16569,-0.55953,3.62964,0.80560,0
-3.11601,-7.11339,9.23449,-0.39481,1
-1.89902,3.05972,-1.34388,-2.61511,1
0.38978,-0.01856,5.22165,0.15921,0
7.50477,6.30606,-6.17182,-0.23143,0
4.55900,-0.39853,1.52382,1.25391,0
-0.62735,-4.50732,7.11160,-1.23209,0
3.57300,-6.80119,6.18956,-0.49460,0
-0.84548,12.15407,1.11460,-6.80883,0
1.04533,11.41609,-1.48961,-6.13447,0
7.30349,-4.62986,-0.87314,1.37172,0
-4.39010,10.25488,1.92482,-4.20248,0
-1.95196,-6.62132,5.56031,-0.20624,1
1.12173,3.33860,3.04071,0.31739,0
0.91518,-1.67701,3.13767,-0.25101,0
4.17943,7.89185,-4.40256,-3.14585,0
-0.22026,-2.00597,7.15008,-1.91322,0
3.60346,6.56096,-2.78744,-0.87494,0
-1.46958,10.23061,-0.33000,-4.69253,0
0.80892,8.10758,-0.34837,-2.55982,0
-3.27117,-10.30553,14.01545,-1.44784,1
4.52043,2.01779,0.35072,1.11350,0
-0.66954,-7.14274,6.57609,1.39544,1
3.17291,9.22517,-2.34472,-3.26256,0
3.60014,0.50317,1.95178,1.20644,0
2.74098,-6.79583,7.94261,-0.14307,0
-14.24073,-9.76213,12.65068,-0.11043,1
2.94139,7.89006,-1.57692,-0.25679,0
3.60431,4.56004,-0.06807,1.02071,0
2.39719,10.17854,-1.86906,-3.71401,0
1.22165,9.10146,-0.17344,-1.16640,0
1.84484,7.57250,-0.57070,-0.74038,0
-1.07367,-1.85882,10.19304,-1.77150,0
-4.90912,6.29465,0.16239,-3.23307,1
-1.07143,10.55666,17.50663,7.28168,0
1.86138,3.43717,1.34478,0.23504,0
0.55191,8.07243,0.17212,-0.29423,0
2.12247,2.55404,3.04647,0.92155,0
0.14404,-0.87361,0.30892,0.33305,1
5.10280,7.98249,-1.02332,-0.67298,0
5.43626,-2.79438,1.82037,0.20605,0
1.65728,8.74810,-2.58055,-6.36798,0
1.37041,0.43043,-1.93175,-0.35049,1
4.24794,2.25241,0.86122,0.61297,0
-2.09334,-6.08978,7.98707,1.01031,1
2.78906,5.67294,-0.85763,-0.76467,0
3.13957,-1.88353,3.84624,1.30787,0
2.58424,-5.12009,3.82199,-0.74348,0
2.05474,8.40534,-0.17855,-0.00747,0
0.13853,11.60939,-0.02042,-5.25824,0
3.23358,10.62047,-3.92712,-3.50109,0
1.19398,2.16100,2.79954,0.33033,0
0.06115,0.45098,-1.75571,-0.18391,1
-2.27160,7.62357,1.53676,-1.66508,0
1.26823,11.93154,-1.19918,-6.06247,0
0.47071,11.22606,-1.15203,-5.50512,0
4.65252,8.61586,0.18245,-1.91289,0
2.16945,-3.82754,3.82744,-1.49913,0
-1.81311,-1.27452,1.94115,0.60000,1
2.08404,-3.35655,5.25720,-0.27566,0
-4.10619,-10.54213,13.89304,-1.61846,1
0.72225,9.97718,-2.87476,-4.43229,0
-2.39849,-5.78963,7.98842,0.43459,1
-2.39386,-1.70579,1.37834,0.47535,1
1.59396,4.29323,0.74846,-0.33099,0
0.57862,-0.59999,6.69153,0.07959,0
2.83503,-4.73753,3.09151,-0.77413,0
0.20689,12.29286,-2.89894,-2.21754,0
3.01875,4.71104,-2.64806,-1.64901,0
2.39007,-1.10398,5.43439,1.07788,0
0.21064,1.29679,-1.12370,-1.33782,1
3.57813,9.25477,-1.97673,-3.86508,0
-0.84846,0.01532,0.11569,0.88464,1
-0.36783,1.79395,-3.10794,-1.26284,1
-3.57983,-1.51384,4.21130,0.01805,1
3.28778,5.46203,-0.42027,-0.39793,0
-0.34981,0.34914,-0.47115,0.17298,1
4.73195,8.25328,-4.31218,-1.13606,0
0.43554,2.98842,3.87929,0.97034,0
0.99277,-3.37077,7.68234,-0.24101,0
-5.21430,4.98111,-0.73768,-4.32194,1
-2.14477,-0.13265,0.52093,0.19822,1
5.69550,3.18266,-2.23424,1.09194,0
0.22916,10.03889,1.54046,-2.46216,0
-2.02759,1.11524,-1.62456,-0.85012,1
2.80470,1.49102,0.72276,1.37603,0
3.11697,5.84930,-0.64155,0.27111,0
3.39587,-1.36509,2.19627,-0.07264,0
-1.93383,0.63777,1.68300,-0.72804,1
3.35903,-4.68702,5.11628,0.56695,0
3.24073,2.35440,0.93989,0.84553,0
2.43948,8.54780,-2.52959,-2.69330,0
-0.36649,0.84212,-2.04525,-0.26536,1
6.45020,9.57106,-5.78977,-3.24091,0
0.42976,1.18079,-0.94288,0.85743,1
3.48143,-2.40462,3.02048,1.35331,0
-1.07095,-0.03988,1.15271,0.78106,1
-1.43471,-0.28025,2.95989,0.33619,1
2.35176,-0.04954,4.48285,-0.36246,0
4.01544,7.88262,-1.95013,-2.63873,0
-0.66902,-8.95340,8.61480,-0.56893,1
-0.94531,2.81132,-1.18698,0.11737,1
0.61615,-0.31247,-0.86416,1.32527,1
-0.10995,7.49247,1.76175,-2.57603,0
2.82433,3.79450,2.66123,0.54087,0
-1.86596,-6.68812,6.81804,0.70140,1
-3.94296,-10.81426,13.17207,-2.09068,1
1.23169,2.35689,-2.23207,-0.19464,1
0.86148,8.97999,-1.00610,-4.43281,0
2.24822,-1.66985,5.45997,0.13820,0
-2.27975,6.83960,-2.03949,-4.35269,1
2.95317,2.56358,2.30661,1.44722,0
-2.80039,-12.23876,12.19483,-0.73622,1
1.83419,-0.65944,4.03097,1.33601,0
3.31513,3.22883,0.23910,-0.19335,0
1.50464,9.50334,-1.20222,-3.49187,0
-0.92060,9.43644,-1.03681,-8.13468,0
2.28719,2.23133,1.79772,0.82468,0
-1.55857,-2.30908,3.74983,1.59853,1
-2.77144,-6.76474,9.51216,1.47320,1
-3.52671,5.30061,0.56049,-2.76210,1
2.04343,9.26164,-1.82691,-2.51776,0
1.37748,4.45632,1.07297,0.31677,0
4.76101,1.74873,0.11837,0.64784,0
2.73580,-2.82303,4.42408,0.03966,0
-1.51664,-2.42640,2.49049,1.19168,1
0.57092,6.05602,2.46943,0.20083,0
-2.03339,-6.75908,6.68665,1.05110,1
0.96066,10.49523,-1.68951,-6.18622,0
-2.56985,9.54253,3.57415,-2.11006,0
3.26839,-7.58826,9.45535,-0.19641,0
2.01486,5.12004,0.14705,0.09421,0
-1.39808,-1.00947,3.43808,2.27672,1
-2.82983,-3.29799,4.46552,0.81254,1
-1.13124,-1.18185,1.23544,1.03759,1
12.02753,-25.43921,1.26244,-0.71919,0
-0.84725,-6.94008,6.22555,1.06554,1
-0.69454,6.21112,-2.31188,-4.32489,1
-0.96189,0.20567,0.35534,-0.60795,1
1.33198,0.34077,-2.19432,0.22119,1
-4.40556,7.18443,-0.64074,-5.81530,1
3.03019,7.54388,-2.48231,-1.56679,0
2.85005,6.78923,-1.70797,0.41272,0
5.95414,-3.46150,1.53792,1.45593,0
-0.44878,-0.55224,0.46638,-0.30605,1
5.07605,1.97691,0.84686,1.45612,0
1.12606,4.12728,-3.70788,-4.49471,1
3.04171,4.40083,0.18820,1.08238,0
-1.66968,2.63239,-3.14217,-1.41493,1
4.15378,6.99038,-3.90883,-1.71918,0
1.06235,-2.07574,6.15222,-1.06651,0
-1.58434,-9.11675,8.39432,-1.44798,1
3.51214,-3.82397,4.14181,0.31211,0
3.11212,9.59374,-1.26236,-1.54673,0
5.35303,-1.10864,3.21120,2.57593,0
4.73925,2.94268,-1.01829,0.19725,0
0.59198,9.73075,1.29883,-3.82965,0
4.19238,5.22214,-1.51977,0.40624,0
-1.56136,3.40066,-1.16392,-3.24672,1
1.77442,-2.66338,6.67491,-1.02528,0
1.39039,-1.89982,3.97002,-0.56114,0
-0.62342,-14.17516,10.45502,-1.54389,1
4.85773,6.22320,-1.21370,-0.56045,0
-2.47949,-1.94030,2.92106,0.20404,1
0.78391,6.98727,-0.07964,-0.89573,0
1.59921,-0.65678,3.23910,0.60991,0
-1.47427,-8.35488,7.88997,-0.88902,1
-0.73046,4.54661,-4.27733,-5.37161,1
-2.80546,3.96395,-1.43366,-2.22062,1
-0.67045,-1.32415,2.28327,0.82386,1
1.08865,11.27758,0.03730,-5.10415,0
-3.66613,-6.45043,10.60208,-1.25628,1
-0.64293,2.77330,-2.29269,-0.50822,1
-1.85611,0.32163,-0.31972,-0.58676,1
-2.00157,-6.79790,6.03251,-1.29150,1
0.57857,11.63734,0.61490,-3.16895,0
-3.27332,-9.30752,11.00332,-9.99792,1
-7.63832,7.06639,0.82623,-7.27778,1
1.97000,9.19849,1.21265,-3.17107,0
1.25205,3.31503,-3.03413,-2.39459,1
2.31317,4.43055,0.25484,-0.35902,0
1.13124,7.22649,-1.93058,-2.58047,0
0.85033,5.84915,-0.30233,-0.79601,0
-2.32978,-8.57791,8.44510,0.58276,1
-0.51740,-2.87419,0.52519,0.58811,1
3.16948,-3.22257,6.25314,0.27452,0
-0.78354,1.17190,-0.22202,-0.01360,1
1.70884,-3.40123,9.18826,-0.54926,0
-1.09817,-9.52060,6.79213,-1.23448,1
-1.47026,-0.42841,1.60455,1.54786,1
4.17812,0.92102,1.79145,1.48679,0
1.15584,-2.33141,5.62133,0.06665,0
-2.21557,-10.97937,8.94949,-1.29604,1
2.25869,2.45443,1.42926,0.68785,0
-1.76343,2.90257,-0.75285,-1.15834,1
0.87111,6.92579,-0.57337,-3.17546,0
3.08339,-0.42070,2.38735,0.37642,0
1.97679,1.03887,-3.21301,-0.07647,1
-2.22121,3.61800,-2.01047,-2.97505,1
0.22226,6.11513,0.84778,-1.09313,0
3.77971,0.63562,2.64575,1.75377,0
-1.77871,0.41414,-0.09620,-0.22414,1
3.98503,7.88244,0.12614,0.07075,0
-3.05553,-8.44695,10.33497,-0.91617,1
-2.85239,-7.98206,11.51774,-0.04335,1
-7.48188,6.34807,2.82880,-2.85818,1
0.97293,3.94249,2.18252,0.82766,0
4.06253,-5.00433,4.63351,-0.12601,0
3.30507,-3.98963,4.61559,1.03409,0
-0.12306,9.08204,1.77561,-4.16614,0
2.36840,10.44535,-2.88136,-4.37260,0
2.50317,-1.20538,4.43740,1.58762,0
0.65123,10.24954,-1.14797,-2.16315,0
2.87926,-3.52673,5.84767,0.47816,0
-2.28647,1.01592,-0.02081,-0.32895,1
0.76458,-2.44809,6.25195,-0.38972,0
-0.37825,0.29126,8.68766,0.52148,0
0.03501,4.52745,-4.15456,-4.63472,1
1.29365,1.39825,-1.55348,0.29718,1
-1.66153,6.71441,-3.51149,-6.76134,1
1.89213,7.38240,-0.37574,-1.18393,0
0.38331,-0.44309,0.24570,1.49505,1
-3.20143,-10.06912,13.33890,-1.00753,1
-1.53985,-0.47591,0.01921,0.37775,1
0.21598,4.76983,-3.28214,-4.42224,1
3.67974,8.67452,-3.55384,-4.07431,0
3.86297,3.59378,0.12357,1.24001,0
-1.46608,3.08906,-1.83209,-2.68015,1
-2.50933,12.19231,1.93546,-5.54792,0
3.67306,-3.32906,-14.44809,9.15642,0
-0.00337,0.51128,-0.18545,0.28261,1
-2.48223,-6.36519,6.97247,-0.67223,1
-0.59768,-5.29141,2.89533,1.17623,1
-0.16361,-2.00593,2.89317,2.12592,1
1.06427,8.93647,-0.54561,-2.69433,0
-0.61158,-0.29591,1.04002,0.08048,1
4.59278,7.33725,-1.23538,-1.35297,0
-0.75275,-2.62074,0.13740,1.73747,1
7.21264,9.20683,-4.04479,-2.44561,0
3.07859,3.34809,0.34356,-0.15064,0
1.39580,-3.73926,8.43076,0.24379,0
1.56452,0.77717,-3.67220,-1.53135,1
4.14944,3.44220,-1.54386,0.79090,0
-1.19257,-7.17931,6.52084,0.11405,1
2.15402,5.67159,-0.34302,0.10225,0
-1.94357,-7.11598,7.58962,-0.62895,1
-1.74476,-9.66909,10.19994,-0.54156,1
2.37458,5.30118,0.87576,0.10923,0
3.27240,4.59412,-0.17775,0.23555,0
-2.63676,-7.02799,8.55287,0.12332,1
-1.27275,1.98103,-1.94564,-1.25574,1
-1.61357,-7.45689,8.98808,0.48439,1
0.62589,9.83777,-0.13076,-4.74778,0
2.89469,0.93625,3.44945,1.33061,0
-3.07165,-5.94418,8.24329,1.42612,1
2.99780,8.75080,-2.17163,-0.40182,0
3.46837,-3.55904,2.68437,0.96178,0
-1.86432,-1.54394,3.20632,0.92955,1
1.57013,7.76759,-0.02618,-0.36016,0
-1.92961,6.39029,-2.74582,-4.89108,1
1.66839,3.50945,1.42996,0.63168,0
-2.84203,1.51413,-0.77856,0.44823,1
1.06709,0.96765,-0.65477,0.10024,1
1.32743,8.93827,-2.82033,-2.81398,0
-2.37081,-6.55290,9.76974,0.09287,1
3.07041,-4.53599,3.32703,-0.08891,0
-0.82793,-7.86529,4.15425,-0.48356,1
-5.19152,-14.28975,17.91436,-2.10730,1
2.74910,1.06158,1.90966,0.66788,0
3.23883,0.83491,0.59384,0.70845,0
3.60405,-4.55997,5.30618,-0.96934,0
-1.11420,6.22937,-4.23716,-3.61008,1
-2.28614,-0.20998,1.45012,-0.47671,1
0.90216,2.26382,4.08714,-0.06677,0
-1.57602,-1.78597,1.92731,0.86755,1
-2.84110,-9.19441,10.19690,-0.62194,1
2.65994,4.08894,-0.13589,-0.47598,0
1.78532,-2.46072,4.96524,1.38350,0
3.23835,4.98950,-0.20459,1.17368,0
4.38201,2.79659,-0.39553,1.73347,0
-0.45729,10.12053,-0.03679,-5.68314,0
-1.21984,8.30771,1.20201,-1.59432,0
-1.94675,-5.98944,6.62046,-0.33417,1
4.97048,-0.70083,2.28476,1.81678,0
5.59805,3.49706,-1.73602,0.78296,0
1.86777,-2.33391,6.07702,-0.88951,0
-2.68927,-7.03230,7.93409,0.91186,1
-2.92261,-9.52378,11.98786,-1.02093,1
-2.35018,3.97943,-2.47848,-5.48222,1
4.41654,-5.66774,3.99663,0.01218,0
0.78612,-5.54808,5.78061,-0.90062,0
3.08265,-0.66316,4.30391,1.53423,0
-2.04369,-7.10020,6.50326,0.14271,1
6.76676,8.14003,-6.42921,0.41498,0
-1.00352,-5.86655,5.85308,0.95768,1
-2.30790,12.35975,-0.02362,-6.95004,0
2.71040,3.84285,-0.43957,-0.02238,0
-1.90544,4.60203,-2.17758,-1.99152,1
-1.39854,2.35876,-1.68350,-1.84027,1
-1.44451,-6.69534,6.14971,-1.24214,1
1.81690,11.10651,-1.58316,-4.75267,0
1.39974,-6.13282,7.61392,-0.17143,0
3.54531,5.43564,0.05682,-0.16418,0
0.53445,8.00204,0.52630,-2.82605,0
1.67114,11.85847,-1.69459,-4.64938,0
1.46838,2.65060,1.31527,-0.01315,0
-1.05381,8.48399,1.86201,-4.15480,0
-1.05968,2.10510,-1.89534,-2.98721,1
6.69845,-6.22864,3.26262,1.16880,0
1.53237,1.28509,5.77102,0.00343,0
3.36823,5.02747,-2.29112,-1.29776,0
0.73906,2.96312,-3.79059,-3.92656,1
0.22662,1.18778,-3.01661,0.05959,1
-0.65644,9.70198,1.68551,-3.26340,0
1.43467,8.26833,-1.02706,-3.05653,0
3.94713,0.65578,0.60469,1.47869,0
1.79714,6.82709,-0.28820,-1.54699,0
-3.31449,-5.17087,5.46847,-0.75334,1
-5.18547,-11.74294,14.65836,-3.33545,1
2.37250,5.68702,-1.04133,-0.43127,0
1.16365,0.17584,3.92191,1.32586,0
-2.58163,-1.43774,4.19149,0.62265,1
-0.25722,2.10847,-2.25207,-2.84044,1
0.69407,4.57347,-4.31826,-3.84929,1
14.94489,5.66369,-3.28194,-1.26013,0
3.11317,3.39606,-1.56712,-0.97692,0
-1.96926,0.70665,1.86774,0.87933,1
-0.57840,0.42548,-1.47956,-0.71231,1
-3.46090,5.50843,-2.26349,-3.42924,1
-0.80577,1.55662,4.86158,-1.51127,0
2.81524,8.75341,-2.72814,-0.75015,0
-0.94735,0.70796,-3.42416,-0.89007,1
2.20452,3.72272,-0.64135,0.02946,0
0.24491,8.67699,-1.34852,-2.11079,0
-5.50167,4.45459,-16.60523,5.74224,1
1.12959,0.84192,5.69348,0.35042,0
0.03017,10.19395,-2.61300,-3.87653,0
-0.48577,-0.64450,1.06217,0.65772,1
2.10377,4.77071,0.51354,-0.18062,0
-1.50325,3.19520,-1.23123,0.35822,1
1.13294,10.07894,-1.02372,-1.85574,0
0.74573,10.19073,0.80781,-4.62312,0
-3.15502,-6.43657,8.02260,-0.17648,1
0.31617,6.27641,-0.88995,-1.58666,0
1.92254,2.97985,-3.56415,-2.19169,1
-0.50351,8.69005,1.51982,-3.54826,0
0.64915,-0.21876,5.32076,0.00721,0
4.47901,-2.01270,2.88669,1.34320,0
-3.22567,-8.16695,11.19645,0.04506,1
-0.33816,2.09656,-1.80179,-0.67090,1
-2.05088,-0.77729,0.93375,0.51520,1
3.59348,8.15476,-4.71252,-3.99212,0
1.58981,6.32657,0.21732,-1.51286,0
5.12277,-2.18262,0.42181,1.74357,0
-2.33318,-8.91710,8.55424,-1.51196,1
0.90683,-0.50666,6.58291,0.36668,0
-3.31758,-1.55318,2.24367,0.32012,1
3.46357,6.19907,-1.67942,-0.30141,0
2.89822,6.33605,-1.50646,-1.04651,0
-1.36625,10.08750,-0.27597,-5.94987,0
-3.14839,3.88728,-0.90553,-4.47555,1
2.08818,5.50651,-0.35933,-0.34691,0
-2.16624,-1.44675,2.33376,1.16662,1
3.87825,9.72130,-3.07708,-2.79878,0
-0.60360,10.35135,0.39852,-4.36901,0
3.41732,-1.55222,3.30260,1.18482,0
3.28890,8.23922,-3.76377,-0.89550,0
-10.48976,-15.32670,-0.44850,-4.07373,0
1.57467,-1.84028,7.43960,0.81906,0
0.01779,-5.66464,3.84858,-0.06253,1
4.26339,4.73406,-2.10014,-0.43142,0
3.30545,11.53845,-5.56742,-5.65161,0
-2.20680,-8.31926,9.34959,0.15100,1
-15.19215,5.07470,16.06339,-4.39956,1
-2.20550,4.46167,-1.73869,-3.31570,1
3.63077,2.00616,0.72190,0.91044,0
-1.96001,12.70791,1.54737,-7.02668,0
3.57823,2.64938,0.09277,0.33729,0
1.57454,-2.66810,4.88360,0.22055,0
2.60288,7.99728,-2.19185,-5.15297,0
-2.67072,3.54827,-0.68467,-1.69682,1
2.51530,2.34260,2.24932,0.18186,0
-4.10636,3.63913,0.15115,-2.88999,1
-2.82444,-6.50021,7.74628,0.47331,1
-1.81780,-7.66103,9.38307,0.70739,1
0.21621,-1.20489,-0.51532,0.73287,1
-2.26305,-0.82127,1.85078,0.64030,1
-2.23437,1.17075,0.67332,0.07109,1
2.32286,6.88348,-1.85685,-1.14519,0
3.91134,-2.36830,0.65300,1.29823,0
-3.47199,-4.84597,6.94864,0.09184,1
-3.13074,-0.74899,2.14852,-0.33201,1
1.40882,10.51789,-2.69107,-4.39063,0
-2.88617,4.19667,-0.49506,-3.39057,1
4.86704,7.58032,-2.87362,-0.30080,0
-0.26713,-0.99410,1.10310,0.82732,1
-8.26794,7.30014,2.63260,-3.64473,1
4.36457,2.37069,0.79634,0.86846,0
-2.69533,9.15372,1.73351,-2.51430,0
-5.96542,8.30899,0.62501,-4.48672,1
3.76268,7.91697,-0.99719,-1.83711,0
5.69200,10.64217,-7.03124,-3.78120,0
3.29339,3.25283,0.89777,1.18797,0
-1.87725,-9.79899,9.62302,-1.39086,1
0.61963,5.17264,1.07896,-0.72604,0
3.10159,6.85262,-1.77642,-0.17848,0
1.39893,8.71116,-2.13982,-1.93039,0
1.19969,11.81122,-2.94038,-1.42650,0
1.19284,2.55194,2.70970,1.08335,0
-3.69424,-8.03224,8.45042,0.19174,1
1.94024,3.64818,0.70512,-0.26160,0
1.67863,8.01673,-0.28989,-2.93556,0
4.05190,3.19362,-0.87446,0.64950,0
-6.97355,5.50067,2.59529,-1.48279,1
-3.99474,-9.73487,10.17335,-2.64420,1
1.83251,5.50469,0.44998,-1.69971,0
-1.20685,3.00102,-1.84731,-0.31630,1
-3.65940,-9.47523,11.78434,-0.09882,1
-1.78370,-5.11727,5.85750,0.11355,1
2.86816,-2.21013,2.49936,-0.03903,0
-3.33597,5.20817,-0.86963,-2.78382,1
-0.49902,8.32613,-0.81028,-1.84063,0
0.79240,8.40126,-1.87393,-2.52617,0
-2.68018,1.47301,-0.94723,-0.64725,1
5.32553,4.53286,-2.86362,0.10340,0
1.84686,3.01427,1.53615,1.34163,0
-0.94558,1.06948,-0.63445,0.08152,1
1.49272,-1.13618,7.63530,-1.27033,0
-2.10644,-0.36109,0.78926,0.46063,1
1.90349,5.31133,-0.42759,-0.14011,0
-2.06072,-1.47321,3.59786,1.50404,1
-0.16370,-1.18271,4.50609,-0.02122,0
2.43533,-2.96133,5.26428,1.22109,0
-4.14053,3.35715,0.26960,-2.66314,1
6.02511,8.21106,-4.35445,-4.15394,0
4.21944,0.63547,0.99518,1.91159,0
3.13427,-6.09519,3.31159,-0.65979,0
0.55984,2.05349,-3.62175,-4.73879,1
2.42662,3.26728,1.69257,0.68745,0
5.38231,-3.62138,4.96163,0.83297,0
2.65151,6.31510,-0.62405,-0.48733,0
3.36683,8.01200,-0.20241,-2.99969,0
3.38611,5.64284,-1.54788,-0.60429,0
2.53946,3.18800,1.12720,0.59056,0
-1.38810,-5.22249,5.33975,0.27439,1
3.80905,5.31373,0.13426,0.21933,0
0.02452,0.79682,-2.42966,0.19946,1
-6.20453,8.64609,-0.73674,-7.04326,1
0.52769,0.00000,-3.51972,3.03088,1
-0.43060,0.10493,0.00017,1.53832,1
-4.91939,2.71917,1.54477,-1.02366,1
2.71799,10.43720,-3.68157,-1.45544,0
3.56112,6.83546,-1.13901,-0.05635,0
4.66306,1.84656,-0.54203,0.55446,0
2.53647,5.31053,-0.24647,-0.48220,0
-1.48357,9.07667,0.77008,-5.21477,0
2.74230,5.95059,-1.11020,-0.10561,0
2.64705,-4.47670,6.02415,-1.37958,0
3.87818,-2.15352,0.77762,0.06488,0
0.85968,5.75687,1.47907,-0.63648,0
2.47984,-0.88273,4.93335,0.71507,0
-0.65188,0.39162,6.16455,-0.60224,0
0.60755,-1.99367,0.59529,2.86545,1
4.18478,8.57397,-4.78147,-2.56335,0
0.20379,8.28166,-0.29821,-3.29471,0
0.66788,7.05638,-1.02996,-1.54251,0
1.28092,1.86610,-3.29000,-0.82530,1
2.76891,9.20197,-2.83150,-3.02689,0
-0.73326,0.72098,-1.38347,-0.97459,1
2.60558,-0.66684,2.54403,-0.16660,0
-2.18118,9.77920,1.37634,-5.01040,0
0.30054,0.50465,-0.96988,0.72091,1
2.01836,4.63331,0.79494,-0.93186,0
0.27369,10.19736,-0.65065,-4.79299,0
-10.76198,10.65873,-3.89508,3.58809,0
0.34978,9.51496,-0.86478,-0.42652,0
2.82536,8.20083,-3.09327,-3.29018,0
-2.78685,-0.89641,10.80416,-1.78252,0
2.45584,2.03859,1.89584,-0.01584,0
3.79638,3.86641,0.23608,0.61455,0
3.38290,3.62552,-0.71629,0.08619,0
1.77767,8.07369,-0.26412,-1.98021,0
7.48035,8.06390,-4.76316,-0.96194,0
-0.08301,2.09604,-3.06060,-1.23229,1
3.22830,4.93803,-7.26183,-6.18337,1
-0.80964,1.41824,-1.44273,-0.15329,1
-1.32210,4.78502,-2.23396,-4.09996,1
4.00261,3.73237,0.90489,1.05216,0
2.08606,-2.27871,5.85562,-1.38959,0
-0.60109,1.90883,7.41294,1.08300,0
5.19932,8.46839,-4.43314,-2.71983,0
-1.97641,0.86591,0.45307,-0.40078,1
-0.47306,-0.73090,5.40827,-0.67169,0
-0.16549,-0.27903,-1.25557,0.57124,1
1.03615,0.53033,5.68069,1.25862,0
2.53856,8.98284,-1.70090,-2.05818,0
-3.12359,-7.89240,9.10349,-0.81531,1
-2.93402,7.27136,-1.49418,-5.38382,1
0.66645,-6.38107,2.90226,0.96596,1
0.22018,0.97050,-2.46418,-0.36939,1
-1.89118,9.18296,1.96487,-4.04742,0
-3.85484,2.83147,0.68407,0.15240,1
6.20688,2.20793,-1.17373,0.76816,0
5.18366,9.18715,-5.80713,-3.82883,0
2.93370,9.21591,-2.41621,-0.23983,0
0.33601,-0.79025,1.38356,1.43634,1
1.95044,3.59414,0.89855,-0.00644,0
2.93047,6.51942,-0.77918,-1.44920,0
1.68519,10.54579,-2.62226,-1.97546,0
0.64362,-1.17937,0.31607,0.36718,1
4.23950,0.92817,1.47128,0.01574,0
2.78452,3.05861,2.45033,1.35736,0
4.16025,0.76868,0.45427,0.76404,0
-1.85158,-0.53950,0.78280,0.79836,1
2.49823,4.61983,-0.54393,-0.07886,0
3.58923,1.61045,0.55846,1.30736,0
3.15986,5.25953,0.48784,-0.40013,0
-3.83398,-9.29144,14.09174,-1.43760,1
2.66587,-5.00412,4.34618,-0.33921,0
-2.27048,-0.00935,1.61519,0.20969,1
5.53602,6.07769,-2.93880,0.33772,0
2.16122,10.19418,-4.08050,-4.37413,0
5.20960,2.05552,-0.44930,1.09735,0
-0.43186,-7.31383,0.85159,-0.02421,1
4.53826,-2.39148,2.55191,1.38331,0
-4.56790,2.57971,1.70688,-0.96827,1
1.43892,-2.79924,6.59070,-1.51949,0
-3.39991,-7.54193,8.25857,-0.35987,1
-0.91235,-5.40260,2.53624,0.94779,1
4.49852,10.64088,-4.13117,-0.71437,0
2.04088,7.74771,-0.17323,-0.83002,0
-4.22670,5.35928,-0.06066,-4.72518,1
2.61980,10.11178,-1.68788,-3.21277,0
3.36745,5.54837,-0.12197,-0.21867,0
2.11771,1.65775,3.04089,0.24951,0
-2.49295,5.25569,-1.72590,-3.37944,1
-2.21785,-5.27709,6.45730,-0.91158,1
-0.98242,3.74650,-2.44849,-2.36161,1
0.95277,9.98621,-1.19793,-5.30873,0
1.87124,-1.54200,3.61135,0.69243,0
-1.97850,-6.49246,5.81057,-0.68598,1
-2.32883,5.35322,-0.92554,-1.86453,1
-0.52823,-6.82105,4.51345,0.08227,1
2.60349,0.29066,5.29752,0.69839,0
-1.40724,6.94550,3.22392,-2.30977,0
-0.81289,10.88025,-3.83766,-5.71498,0
3.74976,4.50799,-0.39310,0.31592,0
0.70583,-6.69026,7.32487,-2.30096,0
-4.06707,-8.12536,10.55814,-0.09853,1
-0.04883,3.91134,-2.37651,-0.92076,1
0.61770,0.86743,-1.09094,0.75743,1
-4.23463,-6.46111,12.34664,0.15161,1
-1.55620,-0.74702,2.95845,1.31907,1
3.38554,-3.45134,5.54819,0.44662,0
0.75299,7.90689,1.25500,-1.01191,0
-1.46248,-35.22974,8.29544,8.87136,1
7.11386,8.56689,-5.52730,-3.58987,0
1.45940,-4.52461,8.19479,-0.93986,0
2.71862,1.91251,2.48579,1.12867,0
-0.47040,1.86594,-1.79304,-0.71057,1
1.65234,6.61023,0.45219,-1.24053,0
2.55334,0.96514,1.31587,-0.14136,0
1.45762,4.95215,-5.14323,-3.88955,1
-1.48331,1.09029,-1.49644,-1.68250,1
-0.46948,12.09097,4.61094,-4.10756,0
2.22125,2.91511,1.73481,1.24548,0
2.95180,8.66871,-1.80645,-0.99001,0
-0.16015,-0.11650,-1.87023,1.61536,1
1.01119,9.31408,0.16188,-3.42324,0
-2.36038,-9.23155,10.38077,-0.22177,1
5.01890,0.07758,0.19718,1.15581,0
1.51380,8.43485,1.62123,0.38471,0
6.20752,-4.31538,2.84169,3.15917,0
3.60301,3.18912,0.80169,0.48312,0
-3.42695,3.47338,-1.41896,-4.22198,1
-2.44621,5.10760,-2.38255,-2.54702,1
-1.85057,-0.14748,2.41129,-0.18335,1
-2.33287,9.05416,-0.77966,-4.18617,0
-2.88422,4.99534,-1.75688,-0.90960,1
6.34397,-5.65059,-0.02716,0.13026,0
-0.33424,1.79563,-3.02426,-0.94759,1
-3.31985,0.24924,1.15915,-0.63038,1
-1.27292,4.36753,-2.39924,-3.10158,1
3.83568,4.82366,-0.72789,0.88568,0
1.47476,3.55533,-3.32433,-0.99151,1
-1.40199,11.83473,-0.66469,-6.18044,0
4.13788,-3.25428,3.89091,-0.01260,0
-1.45532,-0.23204,1.17221,0.22230,1
-0.54299,5.31219,-3.83518,-3.27891,1
1.39726,-4.89702,8.99504,-0.45628,0
1.29546,6.67454,-0.01564,-0.60045,0
-2.42625,-5.73665,7.31919,-0.88231,1
-2.29973,-6.82261,7.54055,0.06234,1
0.63815,13.16127,-3.05416,-7.89869,0
-3.53600,0.10493,2.00866,0.06533,1
5.14999,2.49856,-0.30479,1.12049,0
-2.18294,-12.98203,12.54431,-0.76496,1
-0.12308,2.59998,-2.56858,-2.68745,1
8.86390,-10.47095,11.67802,-0.76678,1
-2.51231,-0.80016,2.26902,0.91762,1
3.39884,-0.01221,2.42622,2.05046,0
-3.31637,0.32454,3.01367,-0.34965,1
-3.72279,-12.07571,12.69250,-2.05596,1
2.84171,0.75687,-4.31643,-1.37350,1
-3.94090,5.39779,-1.13286,-5.61174,1
3.87589,3.22781,-0.23451,0.85017,0
1.30119,-2.27355,3.63166,-0.67791,0
3.58540,2.01568,2.20300,0.53116,0
6.68710,6.49331,-6.33747,-1.60226,0
2.24203,10.52556,-4.34146,-5.45329,0
3.15248,10.69141,-1.73733,-3.47878,0
2.19360,-0.73086,-3.78891,-1.81439,1
4.30187,-2.22960,2.28960,0.16663,0
4.44981,0.02260,1.84389,0.66131,0
-0.76865,-0.84796,1.26622,0.96565,1
-5.40443,-11.25096,18.31676,-1.60093,1
1.80751,-3.70719,7.33155,-1.31420,0
4.38787,-9.00744,5.14411,-0.35912,0
1.30280,-4.05831,6.64760,0.17107,0
1.21704,11.53120,-1.70246,-4.84727,0
2.68949,-5.24488,4.96811,1.20448,0
0.75124,32.25783,17.72851,-1.71968,0
7.30597,3.46328,-3.67985,0.57338,0
3.53487,4.45292,-2.65943,2.59631,0
1.77648,3.23429,1.42891,0.09810,0
0.47314,4.61018,-3.24949,-2.81433,1
-0.52878,9.19881,0.75853,-3.27757,0
-2.74092,-7.27043,9.30159,0.82669,1
-1.75377,3.85719,-1.47316,-2.18987,1
-1.44566,-0.10534,0.86834,-0.79391,1
1.30818,7.31814,0.00366,-0.63016,0
3.10830,-0.24036,3.69706,1.47104,0
3.76049,-0.40744,2.79178,1.81238,0
-3.51890,4.83903,-1.38741,-2.02659,1
-1.16920,5.30746,-3.23706,-3.26862,1
-1.55722,5.89887,-2.72720,-5.55429,1
3.22367,8.77526,-3.04010,-2.13358,0
-1.83440,-5.80230,7.59310,1.95415,1
4.23640,5.49493,-1.63765,0.01558,0
-2.91594,-7.42772,9.34091,-0.38210,1
-1.55566,1.38455,0.69770,0.39381,1
0.18995,3.59132,-1.99621,-0.85138,1
-0.32501,4.69307,-2.78315,-3.96414,1
1.45140,-0.13919,6.24858,0.21400,0
-1.14996,9.04457,0.73636,-4.35837,0
1.19407,-1.12677,6.17086,0.41820,0
4.06701,1.53436,1.08932,1.17547,0
5.22571,-0.28943,0.63660,1.66184,0
-0.48157,0.40887,-2.00430,-0.53023,1
-3.12846,-7.42420,10.93540,0.48826,1
-2.41028,2.07659,-1.01512,-1.69251,1
-7.38672,8.24348,1.92078,-7.16161,1
-7.64394,7.95603,1.96455,-5.52237,1
-1.04413,5.68061,-3.50550,-4.16209,1
-1.18919,0.86113,-0.12907,-1.39504,1
-0.22875,-0.74126,-0.55679,1.17599,1
3.45737,-0.50161,-0.84364,0.04716,0
-1.16545,2.24494,-2.67988,-3.03465,1
3.69503,-0.31701,2.89254,0.79947,0
5.11852,11.19026,-6.63985,-5.50563,0
-4.49694,4.92134,0.38964,-4.07652,1
3.86731,7.51817,-5.35023,-1.99781,0
0.42969,9.66261,1.05280,-3.83682,0
-0.33032,0.59885,-0.20120,-0.35858,1
4.79904,8.56011,-5.04230,-1.48976,0
-2.67654,1.34884,-0.84224,-0.45939,1
3.98128,0.65855,0.81946,0.63974,0
1.46450,6.45852,1.48097,-0.13638,0
3.19656,9.89205,-2.09016,-2.27900,0
2.71565,3.86189,0.14781,0.40226,0
-2.57689,3.45240,-1.85236,-5.85899,1
0.66116,0.45489,4.60712,-0.22743,0
0.66295,2.62133,-4.82967,-1.38694,1
1.21682,9.46319,-0.00543,-2.73199,0
2.51045,3.04405,-0.97409,-0.50787,0
-3.68404,3.04664,0.02011,-2.08534,1
-9.06281,-19.63993,1.35920,0.19393,0
4.63769,7.78584,-3.41957,-1.79252,0
1.12389,6.86411,-2.20260,-2.16450,0
6.27792,8.60954,-5.84794,-2.93946,0
1.35718,0.70061,-1.31051,0.67389,1
1.98873,8.48745,0.01281,-3.59345,0
4.35563,-0.72060,0.74325,0.91639,0
0.23356,1.93786,-3.19397,-2.86132,1
-0.84762,3.01225,-0.99706,-1.02208,1
-3.00712,0.53848,1.71271,-0.15013,1
-3.22710,30.13300,-0.89129,4.99563,1
-1.14962,-5.31068,4.73415,-0.40045,1
-6.08495,9.88989,0.15963,-6.97009,1
-1.78955,9.31465,2.80643,-4.31478,0
3.29611,7.54455,-0.54484,-2.14138,0
-3.48342,4.76856,-0.25896,-3.02590,1
2.40581,-2.19795,4.29607,-0.12167,0
1.76927,5.65148,-0.32966,-0.37467,0
3.85476,2.73305,0.43871,0.21407,0
5.65530,9.13413,-4.43307,-4.45156,0
0.21132,2.34211,-1.74378,-0.47315,1
-3.16253,10.44340,3.90716,-6.38413,0
-1.11987,-0.46438,1.70113,0.67688,1
-1.39131,2.09427,-1.17646,0.21386,1
-1.37988,1.32228,-0.41560,0.42408,1
1.14032,-1.25365,5.35274,0.44672,0
5.40595,10.61174,-6.77197,-4.37496,0
1.78146,-2.96830,4.93932,0.28825,0
-2.09999,-6.40733,6.81502,-0.02325,1
0.06609,1.24710,-12.15269,-9.22305,0
-1.12947,-1.28804,1.37430,0.31329,1
3.36048,-0.30761,3.18359,1.93727,0
2.12291,10.20280,-1.49463,-6.00875,0
3.93464,7.10597,-0.55522,-0.91768,0
5.07736,8.42212,-3.09121,-2.82377,0
-0.86286,-0.26515,0.49391,0.47961,1
0.43551,-1.07905,7.24370,0.16665,0
-1.81903,-3.01212,2.89002,-0.19621,1
-0.83721,6.12857,1.35014,-1.40617,0
-2.99422,5.86809,-1.72971,-4.66776,1
0.92794,3.47727,-3.52556,-1.09249,1
-0.33787,-1.13168,1.05899,1.01113,1
0.12401,9.57902,0.88218,-2.75548,0
0.16671,10.13901,1.94774,-2.61352,0
-0.92990,-6.35622,5.29795,0.76620,1
1.82077,1.96285,-4.65372,-2.35224,1
-4.27734,3.11645,-0.52977,-3.64521,1
0.51146,-1.22562,1.55371,-2.16828,0
-0.60760,2.83848,-1.81037,-2.12001,1
0.94396,8.04845,-1.08928,-0.45939,0
-1.97157,-1.19628,1.17555,-0.15761,1
3.45714,-2.08003,0.90014,-0.19686,0
-0.99346,-3.01964,7.56809,-2.25206,0
-14.60810,-8.74019,11.27788,-8.99345,1
-0.33811,-5.63899,1.13039,0.66204,1
3.08825,2.14723,2.55422,0.81489,0
-4.44331,-11.85693,15.36425,-0.69529,1
-0.87732,13.12561,-0.76605,-3.72859,0
-4.50113,-3.53290,10.27674,0.05234,1
-3.74012,4.79825,-2.75778,-6.96553,1
4.65770,7.04988,-0.72576,-0.59833,0
-2.30825,12.50125,1.47128,-6.18346,0
-1.62177,0.29045,1.23475,-0.70741,1
-1.95634,-1.50285,2.15338,0.51511,1
1.21142,3.43298,2.03309,-0.47172,0
3.75695,-4.73246,3.26243,0.02112,0
3.97884,6.67733,-3.05785,-1.50592,0
-2.05571,-0.68624,3.38582,-0.52954,1
0.14333,2.82989,-2.65317,-0.28266,1
-1.53476,-8.30047,7.71633,-0.13397,1
1.69652,3.02825,2.36486,0.60924,0
1.41683,-0.70029,4.57483,0.06263,0
2.75109,5.62473,-0.29559,1.09761,0
0.21630,8.97339,-0.77449,-3.15433,0
-0.02018,1.80977,4.88676,0.63472,0
-1.04198,3.93748,-3.64836,-4.50874,1
1.27704,9.11018,-1.05898,-3.87293,0
2.69606,5.12184,-0.06325,0.24745,0
-0.55157,0.68925,-1.57025,-0.97962,1
1.74007,7.96032,-1.68114,-1.71052,0
0.06750,0.60007,8.07787,-0.14161,0
2.37403,5.39729,-0.31730,-0.16827,0
-1.00717,2.43633,-4.57742,-1.16134,1
0.54038,3.67047,-4.10810,-5.56419,1
-0.44136,10.38474,0.45618,-4.80093,0
0.38542,-0.03218,-0.06565,0.05353,1
-4.60018,3.73276,0.90289,-2.59069,1
-3.94337,7.25118,-1.62022,-6.93516,1
0.50316,6.91091,2.16993,-1.62447,0
-0.97673,8.33486,0.18074,-4.62501,0
-1.11241,7.16189,1.82975,-3.37019,0
2.14087,-5.45303,5.35485,-0.04039,0
0.03290,2.17718,-3.32363,-1.25134,1
1.31224,6.78295,-1.25332,-1.19087,0
0.77499,7.50229,-0.61824,-2.11755,0
2.37616,5.36918,-6.20902,-6.74270,1
-0.86802,-8.37479,3.66933,-1.27425,1
3.86036,9.18304,-0.65187,-2.78143,0
3.88835,-0.88572,3.86586,-0.05044,0
-1.30060,-0.19922,-0.86429,-0.14086,1
-1.45883,-0.59153,1.64844,0.67010,1
-0.32402,6.24257,0.33423,-1.00540,0
5.58898,-2.51529,0.62050,0.40473,0
-1.67165,-20.77655,-19.30204,-2.23549,1
-1.93434,-12.45992,11.35744,-2.93505,1
-2.53210,-9.74650,9.86311,0.02579,1
2.15459,4.65809,-0.01318,0.48495,0
0.62200,6.79903,1.91939,0.65415,0
-0.43891,-1.21614,0.77230,1.87613,1
0.15535,8.67567,-0.59349,-1.14081,0
-2.86924,-9.17070,10.31148,-0.66641,1
2.27276,8.46355,-0.92918,-0.42357,0
1.60305,1.77083,4.04555,0.64958,0
1.72014,0.81485,4.46859,1.57651,0
-5.74316,5.32546,1.99233,-4.43872,1
5.17157,9.08659,-9.17314,-4.25367,0
3.77791,6.84922,-3.01952,-2.64617,0
-1.13081,9.54586,2.26108,-5.07146,0
2.04425,3.46549,0.89195,-1.04884,0
-2.55976,4.82189,-1.99092,-2.14855,1
-1.96590,-5.11662,6.46579,-0.13147,1
2.55583,6.12665,-0.78135,-0.98529,0
2.89818,-4.72600,3.49778,-0.97466,0
2.63258,7.87071,-4.42214,-2.92192,0
-3.62650,5.19571,8.77423,0.06519,0
2.39696,2.12723,2.14786,1.79973,0
-1.90194,-1.48074,3.02999,1.12831,1
4.91376,-4.24002,1.72472,0.04275,0
4.59678,-2.81515,3.40064,-0.14085,0
1.14171,-2.61488,4.72641,-1.71932,0
0.37196,4.01390,-3.92211,-2.98402,1
-0.52551,7.59284,0.14853,-1.24614,0
-2.92086,-6.79912,10.92139,-0.48065,1
-3.21301,-7.71316,9.22130,0.07854,1
-0.27912,-0.15419,-0.93564,-0.21529,1
-1.48164,-9.46204,8.63913,0.18916,1
0.95131,8.05106,-2.17036,-2.85159,0
0.70575,10.30678,-0.10544,-4.30994,0
1.08606,8.96314,-1.19714,-3.70324,0
0.04685,9.00321,0.73003,-2.45340,0
-3.00886,-5.78052,8.01727,0.19620,1
-4.08537,-6.36338,10.25635,-0.44302,1
0.29672,8.01126,-3.09505,-2.64190,0
0.95428,12.40587,-1.11397,-7.74031,0
5.32589,2.17442,-0.38068,0.21664,0
-2.23766,6.12697,-3.22367,-7.19999,1
3.37450,6.24552,-1.57940,-0.28751,0
0.29759,12.66702,-2.13717,-1.65453,0
-0.84896,2.71582,-2.92780,-1.33430,1
4.55975,-0.37162,2.18938,2.01178,0
-3.08375,-2.42383,4.37737,2.47029,1
1.99601,-2.98258,3.58723,-0.15816,0
0.35167,10.02246,-0.05276,-3.01533,0
-1.70887,0.09698,-0.14993,-0.17277,1
-3.47065,-10.53768,12.22284,-1.48262,1
-4.92425,-7.95960,15.98074,-0.33353,1
-0.91890,-0.84419,-0.13527,2.38440,1
2.84659,11.05900,-1.92493,-5.11905,0
-3.00265,5.28628,-1.70286,-5.06196,1
0.72491,1.54517,1.92589,-0.37729,0
-1.54035,-6.34464,6.35229,0.00931,1
6.15700,-2.22126,2.20842,2.66674,0
-2.81335,-6.34536,9.29300,0.16065,1
-4.54254,3.22377,0.40966,-3.37425,1
0.27870,0.35687,5.87980,-0.54658,0
-0.27061,10.37731,1.84661,-4.14627,0
3.97804,-3.05670,1.51352,0.02202,0
0.29205,1.66061,-2.74858,-0.72025,1
3.81978,-0.15674,2.03464,1.43719,0
3.12128,-2.90360,4.55648,-0.69010,0
1.49098,-0.13674,-0.43549,0.59015,1
1.14057,3.01821,-3.91048,-2.89492,1
3.50099,5.24301,-4.09992,-0.82940,0
-1.03527,0.96989,-0.65306,0.32019,1
-0.00725,-0.42254,-1.54987,0.71739,1
-1.19330,10.82770,1.23541,-4.71418,0
-3.00820,-8.48711,11.15261,-0.49064,1
1.02806,6.08928,-1.37967,-1.29377,0
-0.56626,2.95172,-1.92370,-0.30953,1
-2.85660,-9.73823,11.27070,-1.00901,1
3.13975,9.33190,-0.45666,-3.99511,0
-0.76085,2.13106,-2.08145,-1.78918,1
4.90792,10.63678,-3.89014,-3.63552,0
0.53998,9.03874,-2.68990,-2.80437,0
-0.24503,-2.62037,0.38720,1.29044,1
3.86232,6.51784,-1.13869,0.37140,0
2.93262,-1.89350,2.02580,0.80281,0
2.60550,-1.02397,1.85511,-0.73612,0
3.46792,5.90601,-0.85921,0.17651,0
0.21936,0.35829,-2.08614,-0.29020,1
-0.90993,11.39256,4.41366,-2.16375,0
0.51634,4.30372,-3.76087,-2.66296,1
5.13140,9.03796,-4.94944,-4.24676,0
-1.03861,0.41862,-0.06842,0.80634,1
-0.14594,8.84850,1.73728,-4.11255,0
-1.30759,-0.47402,1.43912,0.42698,1
-1.15395,-3.95568,2.83543,1.85662,1
7.03201,6.71661,-5.80325,-1.51180,0
1.20950,5.85556,1.11377,-0.72614,0
5.18209,-7.03980,4.03456,-0.71563,0
3.99122,0.35994,1.33332,1.14441,0
0.42021,7.98295,1.32292,-2.52848,0
1.43007,8.92243,-0.12435,6.00209,0
-3.20929,-1.58193,1.74606,0.70893,1
-2.15606,-7.48180,7.16586,1.04589,1
0.86874,-1.12979,5.75236,-0.41668,0
-4.25839,4.77215,-0.71821,-3.05736,1
-1.56993,-8.30959,8.42057,0.11383,1
0.41980,7.43637,1.14093,-1.69497,0
3.72315,-7.18386,5.22679,-0.68061,0
-1.88318,-5.67481,6.30976,0.30322,1
-0.04862,-9.65270,5.77252,-1.01203,1
-4.13387,2.84525,1.00729,-2.74920,1
3.90421,7.23288,-1.29672,-1.80745,0
4.20888,1.47534,0.46846,0.17937,0
2.39040,6.19600,-1.58153,-0.68569,0
3.53238,10.80414,-1.88634,-2.99784,0
5.17714,4.59688,-0.78109,0.14000,0
-2.13006,0.84465,-0.66476,0.31740,1
-6.49752,6.30254,1.58761,0.02014,1
4.62904,4.98155,-0.52282,1.39073,0
4.36120,7.11810,-3.02114,-2.47345,0
-1.38571,7.53169,2.64000,-1.10326,0
2.01345,8.42984,-2.44035,-0.29328,0
-0.22562,11.59775,-1.60999,-5.78784,0
2.33655,-4.21456,3.24551,0.15690,0
2.72991,1.04306,3.03452,0.96050,0
4.18888,5.62414,-0.77262,-0.28090,0
0.59345,8.71091,-1.56437,-1.37895,0
2.02196,-0.97656,-2.99782,1.37300,1
-0.08699,-7.61649,5.70685,1.04222,1
-0.73476,1.71216,-1.59695,-1.83605,1
0.90308,-2.94811,6.04503,0.56158,0
-1.50460,0.59273,1.72900,0.56745,1
-1.97945,1.40933,-0.01433,-0.11602,1
2.42818,-1.42146,3.67210,-0.14390,0
0.66212,9.92269,-2.16015,-4.81795,0
-2.15556,1.01175,0.71514,-0.92064,1
-0.65213,-0.04447,6.26742,-0.38409,0
1.77968,6.46284,0.00629,-0.57495,0
-0.04194,8.84268,-1.28018,-3.68427,0
-3.00085,-16.26585,17.68515,-3.13238,1
-1.35510,0.84138,-0.98925,-0.62119,1
2.79234,-3.44179,1.87857,-0.96714,0
-4.64757,7.41096,-1.13264,-7.14679,1
0.39199,-1.79814,-0.43440,2.12831,1
1.50889,4.66358,0.53629,-0.19065,0
-2.22358,-9.95449,11.45208,-0.25020,1
2.02872,0.47362,3.75849,0.97503,0
-3.16258,10.90297,4.59453,-4.17839,0
3.68237,8.66734,-0.84420,-1.30243,0
6.19952,6.02671,-3.72395,1.62547,0
-1.07068,1.48048,-2.06946,-1.25666,1
2.23439,-4.98454,7.19287,-1.09929,0
5.52220,8.56069,-4.56909,-3.18363,0
2.91915,11.06169,-0.34210,-5.31902,0
-1.90966,0.24292,-0.63684,-0.40895,1
2.33344,10.33860,-2.80746,-3.67289,0
0.20047,11.51221,0.11139,-5.08395,0
3.94227,-1.88024,3.16591,1.71062,0
1.16479,7.66769,-3.22256,-4.46432,0
0.86272,7.55200,1.25316,-0.63164,0
3.82107,0.29889,1.27467,1.17304,0
-4.39233,5.89918,0.18979,-5.84087,1
3.38440,4.30287,2.06680,0.25883,0
0.38689,-3.22777,9.65756,-0.55065,0
-2.98045,2.54232,-1.51984,-0.85509,1
-4.00579,-6.57714,11.72634,0.91596,1
-1.37134,4.21667,-2.97167,-1.72422,1
0.47903,-0.86509,-0.21126,0.43389,1
2.97392,8.44258,-2.17086,-0.35186,0
0.01105,11.65178,-0.74079,-4.62204,0
-1.53764,-12.23869,11.31582,-1.73181,1
-2.58091,-10.26536,11.05185,-0.51249,1
4.53298,0.77513,0.65634,0.92763,0
2.29873,-1.21230,-3.61831,2.10226,1
-4.10303,-2.15775,3.95238,0.58984,1
4.29303,3.87020,-0.09709,0.36091,0
-4.14041,4.22185,-0.19602,-4.66495,1
-2.87700,4.61640,-1.23691,-1.58721,1
2.31674,8.00134,-1.86419,-1.95969,0
0.68010,2.92493,14.70833,8.62792,1
-1.51888,4.76786,-1.38678,-3.30704,1
3.56433,1.76682,2.11401,1.88516,0
-1.98784,5.39452,-1.92981,-5.67081,1
4.58583,5.48327,-2.18201,0.64794,0
1.51484,8.17503,-3.26925,-3.36216,0
-2.33184,-9.45265,9.24224,-0.82323,1
4.03130,-2.36716,3.89932,2.31608,0
-2.93006,0.30633,-0.15409,-1.22715,1
-0.21995,6.77817,0.63520,-1.10274,0
1.64849,6.29420,1.40045,-1.17722,0
1.98804,8.06562,-2.55109,-2.96021,0
-0.97989,2.35972,4.55181,-0.34498,0
-0.13639,0.25718,-0.61153,0.13812,1
-3.76245,3.71776,-0.28003,-5.13503,1
2.20089,-1.91894,6.69522,0.45467,0
2.44172,10.81890,-2.33163,-5.03027,0
3.38543,2.64480,-0.24892,0.32252,0
-1.00190,-1.88958,1.86670,1.54594,1
2.71597,1.34683,3.07842,0.08648,0
0.41141,-2.49958,4.95855,-2.00762,0
3.37209,8.02678,-1.58116,-1.05279,0
1.01839,0.65708,-1.74284,-0.68314,1
4.21928,-3.36697,4.99629,0.17211,0
0.80305,2.13425,2.76597,-0.27399,0
3.34684,6.80415,-1.43593,-1.36969,0
-3.06055,-6.79319,9.53358,-0.24991,1
2.24917,4.86713,-0.69735,-0.89617,0
-3.61374,-9.37716,11.04656,-2.07750,1
3.53187,-4.82057,4.76799,0.42291,0
2.30611,5.04926,1.15974,0.55472,0
-5.00977,5.89230,-0.04274,-3.84979,1
-0.80929,1.17879,-2.37098,-0.90546,1
-2.01992,-4.93480,4.24073,0.77842,1
-3.06203,-10.59277,13.47651,-0.57119,1
3.17079,8.10767,-2.52619,-1.55008,0
0.69536,0.34530,5.05679,-0.14381,0
-0.51884,1.51008,-0.82806,-0.01534,1
3.59057,11.57138,-3.01048,-4.15975,0
-1.02192,-6.53643,5.38607,0.07827,1
0.29295,3.93027,5.35719,0.94285,0
5.52706,9.16516,-2.99538,-2.21774,0
-8.10557,6.50106,2.31333,-4.95509,1
-1.99022,-2.40823,2.81887,1.39043,1
-2.68360,7.05215,-2.47707,-5.85958,1
-1.33841,1.15281,-0.24958,-0.94268,1
-0.56119,12.39299,1.04572,-5.23475,0
-0.89566,6.17986,-3.86300,-5.39173,1
-3.25619,-7.75982,9.89304,0.16670,1
1.68893,-1.36932,2.75126,-0.86277,0
8.01089,9.30936,-3.55376,-1.77980,0
2.11835,6.79983,-3.23791,-1.69512,0
-0.77369,10.40265,0.73915,-7.40262,0
1.25244,1.63490,3.51856,-0.51325,0
4.00902,8.40848,-2.36061,-0.01330,0
2.93004,8.96294,-5.53428,-4.25999,0
4.39541,6.01196,-1.37043,-0.17284,0
4.07815,4.69593,-0.71029,0.81315,0
-0.53328,8.91865,-1.25436,-5.28501,0
2.35219,8.84248,-0.93115,-3.19092,0
-2.75691,-0.04052,1.45817,0.69339,1
-4.60353,5.51069,-0.88883,-5.88137,1
-5.73298,2.79788,2.40820,-2.61619,1
0.18176,-3.80385,7.19745,-0.11109,0
2.65487,0.69789,2.24572,0.70934,0
2.03345,9.24347,-2.32703,-3.20923,0
-1.78971,8.84392,3.67444,-1.50792,0
2.40040,0.06840,5.33202,0.60156,0
-1.83580,3.99573,-1.87445,-1.12062,1
-1.79252,-1.41062,0.94548,0.96390,1
-6.42530,5.68416,3.23780,-2.29314,1
-3.89137,6.93656,-0.28760,-5.52786,1
-3.92439,-13.96950,16.32900,-1.34108,1
-1.49586,7.98934,1.21125,-3.08557,0
-0.11789,0.14851,-0.75450,0.54749,1
-0.86995,5.12438,-3.58109,-4.26511,1
0.03952,5.36045,1.28550,-0.11545,0
4.09399,9.97724,-4.50389,-4.99629,0
-2.00519,-0.74156,-1.68871,-0.42221,1
3.82660,4.84731,-0.30872,0.76147,0
1.43367,7.80166,0.78026,-1.73369,0
-3.62837,-19.25848,17.84184,-4.26134,1
-0.59590,-8.38284,6.50209,-0.04724,1
4.44015,0.59313,1.52031,1.16388,0
-1.44540,1.42521,-1.59769,-1.65298,1
2.82682,-2.07914,5.72501,0.59426,0
3.19142,3.16151,1.01662,0.33278,0
2.92873,10.94146,-4.07516,-5.15876,0
0.82162,9.90313,-0.63582,-5.91150,0
-7.06711,7.00401,2.14846,-2.63635,1
-1.54502,1.67106,-1.35612,-1.21533,1
-2.48402,-0.25454,1.27900,0.38683,1
-0.95147,0.17182,-0.24643,-0.52664,1
4.40517,0.03666,-0.26370,0.64021,0
3.93031,0.08096,4.24875,2.72858,0
0.63930,-4.93058,4.92336,-0.79417,0
-0.68373,1.67479,-1.79443,0.25693,1
2.59530,4.94997,-0.18777,0.04388,0
3.22545,2.53554,0.44085,0.14843,0
1.97213,5.25940,-0.75652,-2.56857,0
-1.27594,1.22350,-0.80041,-1.46994,1
2.13944,10.11277,-1.40650,-2.88381,0
3.18791,6.94356,-0.61648,0.67119,0
3.76770,6.47056,-1.54534,0.64725,0
2.75547,7.15879,-3.49559,-3.12186,0
4.17921,-6.80242,3.30458,-1.34313,0
-6.12494,10.15227,0.46917,-7.01342,1
-1.83528,4.12698,-1.40425,-2.69504,1
4.15785,5.08452,-0.51010,0.92496,0
-1.23481,0.94515,1.69347,0.23345,1
4.68406,5.14413,-0.73302,1.61676,0
3.93309,5.62381,-2.30827,-0.13511,0
-5.44060,-13.44061,19.15532,-2.39715,1
-5.63067,3.90465,2.65267,0.21522,1
-0.07865,3.99607,3.54281,-1.01403,0
2.30002,-3.20480,3.35664,-0.55201,0
1.37288,0.35569,2.83123,1.38344,0
-0.23939,-7.47695,4.48493,0.10308,1
-0.18449,6.23740,2.05882,-1.76085,0
-1.30667,-2.35579,10.34645,-1.53158,0
0.46437,-2.33630,-0.84070,2.08990,1
1.18073,0.63206,3.34090,-0.45533,0
2.27445,-5.52592,9.51998,-0.68021,0
-0.22993,6.48815,0.57693,-0.57906,0
-0.69820,-11.78789,7.54153,-0.82283,1
3.04024,-2.33457,0.76203,1.58827,0
2.40000,10.94047,-3.77415,-1.34981,0
0.93181,2.44962,-0.19647,0.87951,0
4.33971,7.13186,-2.36979,0.16662,0
-0.40880,-8.61263,4.20480,-0.15152,1
-2.02819,0.43156,1.23362,-0.62850,1
1.62244,1.38965,-4.08580,-0.40042,1
0.82071,0.54134,-2.31437,0.89286,1
3.32167,7.59135,-3.19714,-2.03403,0
-0.25466,-0.31017,0.58165,0.35674,1
-0.47012,-7.72370,6.78107,-0.45541,1
0.65121,0.24607,-1.61867,0.81821,1
-0.98687,11.58101,0.82251,-6.56402,0
-2.58986,-5.53914,9.09727,0.53465,1
-5.43184,3.86840,1.02827,-4.91836,1
-1.67972,8.68325,0.76560,-3.54579,0
2.64870,-1.65726,5.20153,1.36608,0
2.97644,1.81183,1.99427,1.04753,0
0.26085,3.42386,-3.62541,-2.71576,1
-2.71599,-9.83057,10.27730,-1.86014,1
0.62249,10.93992,-2.29248,-1.52630,0
1.38808,6.60465,-0.88956,-0.80155,0
-6.08726,7.51603,-0.00203,-5.02617,1
0.78922,-4.09755,4.33901,-2.07697,0
2.71323,7.06297,-1.44821,-0.05493,0
-0.65131,1.31587,-2.32232,-0.86922,1
-0.69488,-1.63754,1.37925,2.05404,1
-1.96472,-8.34957,10.49818,-0.22523,1
2.14550,8.57474,-0.28116,-2.38921,0
2.79702,8.26703,-3.20232,-1.93898,0
2.83276,-5.61747,6.15659,0.20902,0
-2.53200,3.55434,0.04973,-2.08930,1
-0.16856,-1.37145,-1.44848,2.31593,1
3.03630,7.03546,-2.00800,-0.53054,0
-0.23053,10.34008,-1.40924,-5.07284,0
-0.62739,-9.72491,5.51050,-0.46869,1
-3.77225,12.25895,-0.40209,-6.69014,0
-3.10417,6.26018,-2.21177,-4.55465,1
3.09839,9.76997,-0.35064,-3.79950,0
1.54434,1.84734,-4.81314,-0.82247,1
0.60237,0.89136,5.18905,0.05569,0
2.75464,4.64172,0.60449,-0.07935,0
-1.67350,9.93341,2.03600,-4.82758,0
0.39719,8.95674,-1.85584,-3.78105,0
4.46172,-2.44842,3.02417,1.69071,0
5.35852,5.17212,-2.47605,0.69302,0
1.54795,-6.60982,8.29706,-0.31658,0
-1.50839,-7.57209,6.01325,-0.98851,1
5.11074,1.81447,0.56718,1.52680,0
-3.11567,0.85593,2.26242,0.70157,1
-3.34011,10.48693,2.55112,-6.05671,0
-3.84612,-7.94547,11.29934,-0.74287,1
-1.97124,7.71923,1.46147,-3.06006,0
4.23201,3.07928,0.03418,2.03978,0
-0.82165,2.18006,-1.86535,-2.58487,1
-2.83887,4.85044,-1.13575,-2.16027,1
0.83059,9.92694,-2.31919,-5.09408,0
0.92188,-3.95365,8.91366,0.16110,0
1.80016,4.97842,0.78838,0.58931,0
1.95196,2.81700,4.12341,1.19196,0
-3.79857,-0.16769,4.74903,-0.26484,1
2.51733,4.34826,-6.06837,-5.85806,1
2.50838,5.19330,-0.73825,0.04422,0
0.65114,10.05816,0.54133,-5.29323,0
-1.78895,10.45247,2.64305,-4.13433,0
4.02271,-6.00748,7.47518,2.93027,0
-1.90099,-6.35273,5.90801,1.15098,1
-3.80205,-8.79044,10.95745,-1.22942,1
-3.55153,-9.02396,10.64628,-1.72422,1
2.12129,-0.63627,5.21383,0.07323,0
1.17349,7.34794,1.43655,-3.71604,0
4.85601,11.17427,-3.19512,-2.72926,0
0.57073,2.55277,-2.59141,-0.51363,1
-2.35522,0.98422,1.40193,-1.15861,1
1.95808,1.52628,-3.74972,0.03039,1
3.90375,0.68543,1.70747,1.37346,0
3.93098,8.48686,-2.05171,-2.69411,0
1.87326,8.15236,-1.99194,-1.02986,0
-0.61754,7.10140,-3.04432,-4.02018,1
2.39294,7.31117,-2.01989,-3.32113,0
3.53248,3.93776,-0.38149,-0.08589,0
3.54325,2.75242,1.32326,0.00393,0
-2.66164,-10.96596,13.57239,-0.49929,1
1.47951,5.40879,0.20884,-0.11874,0
1.57013,2.88448,1.42076,-0.09602,0
1.21758,4.92843,0.99836,-0.83561,0
0.02743,-0.52849,-0.09110,1.60767,1
2.39435,7.41283,-0.70269,0.32847,0
-2.91565,-7.23885,8.11002,0.12890,1
-4.19140,6.56003,-0.94147,-4.83477,1
-4.29679,6.42865,-0.98263,-2.08480,1
2.34442,7.57849,-2.02214,-1.25954,0
1.49647,2.68668,3.76424,0.75699,0
2.12094,6.26882,0.55974,0.59640,0
1.67983,9.31081,-2.04411,-3.34780,0
-2.00171,-6.76577,8.49600,2.17000,1
-3.72263,-11.75908,13.55086,-0.75457,1
-2.39168,2.33828,-1.44291,-3.59108,1
4.31699,9.47337,-3.08625,-0.77716,0
-0.32570,3.50413,-2.43657,-5.12862,1
3.90351,-1.61359,2.13591,1.65953,0
-1.82934,1.05757,-1.27013,-0.35612,1
2.39617,3.09669,1.47286,1.72558,0
0.07031,-0.13165,-1.43389,-0.60354,1
2.66630,7.76625,-0.73609,-1.16966,0
-3.16458,8.72593,3.18194,-1.10253,0
-0.62288,-4.47882,1.84795,2.14655,1
3.59795,8.81271,-5.87225,-3.59370,0
0.44537,1.11164,4.10478,-1.10921,0
3.76673,4.57684,-0.61764,0.23191,0
1.64082,8.61115,-0.40832,-2.64083,0
0.97430,9.48847,-3.65135,-5.56448,0
-0.52903,9.12109,-1.12120,-3.78348,0
3.57278,0.94881,2.06739,0.48126,0
2.43357,8.99806,-0.42441,-3.73603,0
-3.62757,11.36302,3.25762,-6.49944,0
-3.82578,3.35112,0.57813,-2.49303,1
-3.02978,-5.06121,6.64245,0.79654,1
-1.91563,2.87023,0.51122,-1.45811,1
-1.35901,0.20184,1.91246,0.02779,1
2.51533,-3.94312,4.17714,-0.27484,0
3.43619,7.84161,-2.01216,-2.27784,0
3.94242,-0.75556,0.55308,0.96112,0
2.62144,8.74735,-2.17653,-3.15195,0
1.60575,5.54113,-0.01336,-0.04513,0
0.72526,2.07876,-2.82885,-0.04601,1
-1.65078,-2.80859,3.04197,1.37340,1
2.51047,8.00246,-2.45657,-1.29776,0
4.54575,-3.76981,2.24715,-0.66113,0
-4.81749,5.06711,0.73655,-3.53981,1
3.59407,6.53923,-1.54565,-0.57119,0
8.85076,5.23770,-5.11247,1.77180,0
2.18918,10.04288,-5.69113,-6.94027,0
0.17231,7.72084,0.35459,-1.53651,0
1.73441,2.15681,3.42594,1.12713,0
-2.61190,1.98944,1.24049,-0.87053,1
3.20647,4.74905,-2.11886,0.38822,0
1.82973,-5.09324,6.69952,-0.30351,0
-0.76968,8.88343,2.79390,-2.79649,0
1.18398,8.51377,0.52198,-1.51634,0
1.36354,8.88346,-1.16401,-1.66197,0
6.07530,7.45105,-3.00073,-1.84525,0
-3.25043,-12.81521,13.66063,-2.28006,1
1.05017,-0.78347,-2.04812,0.51229,1
-0.76082,-0.16097,0.38308,4.76680,1
-4.49727,4.76940,0.71924,-3.60325,1
-0.53604,4.24041,-3.47414,-4.16527,1
-0.56289,-1.65310,5.48481,-0.93813,0
-1.93297,2.03968,-0.45401,-0.35989,1
5.26593,8.30431,-2.73611,-0.80485,0
-2.17028,-8.80146,9.01777,0.10968,1
1.46248,1.09314,3.70130,1.25527,0
3.14160,9.74929,-5.09356,-3.86284,0
-3.55545,-10.79617,14.57807,-0.34625,1
4.07957,1.38071,0.72276,1.15661,0
4.29056,-0.15805,2.13639,1.38806,0
-1.98545,-4.67890,4.96575,0.48262,1
-5.79558,7.07025,0.83807,-3.96781,1
3.97127,3.46279,-0.71592,0.85453,0
-3.13783,4.18304,0.50067,-2.06908,1
3.13894,-6.98018,7.64594,-0.11976,0
3.17380,8.08605,-3.08285,-2.18440,0
2.31150,3.46335,0.35841,0.22876,0
1.94692,6.95176,-2.16232,-0.96899,0
-1.03567,1.59545,-1.65567,-1.23981,1
1.45119,1.34384,-3.81754,-2.72995,1
-1.30574,-1.06697,2.23793,-0.25649,1
3.06111,5.18957,-2.47234,-0.34775,0
0.76894,3.50141,-3.97209,-3.29520,1
-0.30160,8.68675,-1.39855,-4.49781,0
-0.46590,-3.55032,3.19205,1.09326,1
-0.88087,-0.44144,1.88113,0.97674,1
1.44281,11.16924,-2.70457,-0.55036,0
1.88852,0.55838,3.01586,0.11253,0
-0.71893,-1.46805,0.94943,0.31801,1
3.01588,-5.62915,25.22669,-1.03928,0
2.87476,3.47606,-5.69501,-2.96572,1
1.42182,2.65746,-3.71409,-0.21021,1
0.12565,2.93400,-2.54991,-3.04514,1
0.36645,9.15133,-0.56403,-3.49454,0
3.97869,-2.56924,5.08189,0.22817,0
-1.23077,12.09388,-1.69769,-8.68103,0
-3.41968,4.54995,-0.56214,-4.75506,1
-2.28594,-6.41496,8.87395,0.57003,1
0.87866,4.88504,-4.31528,-3.36655,1
3.63247,-4.12964,2.14023,-0.59468,0
-0.86122,2.43124,-1.54870,-1.09765,1
5.58053,-2.59549,1.04171,0.25936,0
4.36381,7.23197,-5.62063,-3.35262,0
-0.55030,-1.53697,3.51004,1.54954,1
3.50864,7.04950,-1.13265,-2.22514,0
-0.31574,-6.21045,4.36704,1.30662,1
0.13178,0.67486,-0.75629,-0.36303,1
3.50547,1.15437,1.04011,1.63332,0
-0.16622,-5.06110,1.18531,0.13486,1
2.43166,5.56699,0.43759,0.20479,0
-1.44942,4.63737,-2.46764,-3.59710,1
5.52130,1.58432,-0.02883,1.91831,0
-2.51614,0.65454,-0.15308,-0.32461,1
0.76182,2.05569,-3.73907,-3.67074,1
1.62418,6.73115,-0.20385,-0.37029,0
-0.41204,4.33906,-2.26645,-1.50208,1
1.04339,5.39343,0.14996,-1.23823,0
1.12278,5.11521,-4.82478,-3.52911,1
4.19452,-6.13349,3.70686,-1.24243,0
-5.72619,3.83474,1.41285,-2.69116,1
2.54720,10.61920,-3.17347,-6.83907,0
-1.09468,10.63104,1.20440,-4.71107,0
-1.46818,-4.77855,4.22025,0.56218,1
0.22623,8.65646,-1.13001,-1.54723,0
6.05454,-0.69092,1.12839,1.82114,0
5.03294,6.32249,-0.44433,0.34506,0
2.27439,4.86036,0.19586,0.36923,0
0.67798,-0.20795,-1.53924,-0.30740,1
5.73552,-3.65529,6.52040,1.27671,0
5.59624,-1.30306,1.14721,2.06488,0
1.78704,8.08850,-0.21432,-3.66511,0
-5.72500,3.83075,1.74179,-2.70341,1
-1.95796,-9.75904,8.31001,-1.67279,1
-1.72988,1.57050,-1.25417,-0.18746,1
-3.04038,2.28170,-1.67790,-2.99087,1
-3.19860,10.84167,1.03778,-5.48538,0
2.61081,10.41217,-0.71933,-5.03750,0
-3.76281,-6.90993,10.07382,-0.73668,1
2.36728,-4.53318,5.45704,-2.12723,0
-1.36729,-1.59169,1.05861,-0.26212,1
-0.09124,-0.83622,0.89256,0.43060,1
0.59073,4.37018,-4.84083,-4.33690,1
0.47953,-0.75937,0.28979,0.89663,1
-3.44145,5.35185,-1.27582,-4.28149,1
-0.10586,2.44914,-4.16126,-0.74196,1
1.57888,-5.49168,7.15243,-1.31561,0
0.59922,-5.64499,-0.04475,1.68853,1
-2.30922,-0.91677,1.13005,-0.23764,1
4.52059,-1.24592,0.13107,-0.01397,0
1.22007,11.20364,-0.96792,-4.53986,0
-0.13673,-3.67635,4.78162,-0.85539,0
-0.97522,9.65124,3.03348,-2.62955,0
-3.03936,5.54439,-0.95157,-3.45286,1
-1.06757,-7.95077,6.34651,-0.02401,1
-0.58880,1.13206,-2.72625,-0.44665,1
-1.13928,7.67773,1.61517,-3.56310,0
2.08183,0.58274,3.83203,1.75262,0
4.12710,3.66173,0.14298,1.24122,0
-0.34221,-1.33756,0.35760,-0.48900,1
-2.06421,11.68313,1.90840,-4.87235,0
2.42464,4.52991,0.14864,0.62726,0
1.32285,0.28052,4.10783,1.41569,0
-0.32947,0.12032,-0.09987,0.33988,1
2.95606,-3.77456,6.45670,0.86794,0
-1.48646,-9.96171,6.78760,-0.10917,1
-3.10224,5.00498,-1.49211,-5.20296,1
1.48654,10.78958,-2.72092,-4.18467,0
0.92568,3.91204,-4.13126,-2.98813,1
-1.22562,-5.70243,4.58178,1.62055,1
-5.85525,6.74083,1.63543,-4.54361,1
0.96240,7.55856,0.86290,-0.67366,0
-1.57094,0.92462,-0.46937,-1.57217,1
-0.60081,2.18772,-1.39821,-0.32392,1
-2.69764,-6.50534,6.16091,-1.63046,1
5.48023,7.33666,-3.69312,-1.24952,0
-3.16007,-7.69087,9.03973,-0.72482,1
-3.23711,11.36925,2.33444,-4.30815,0
2.02236,3.55839,1.63631,0.04838,0
2.21578,-0.37564,2.15819,-0.17138,0
3.35626,-0.62462,0.62489,0.56096,0
-3.09021,-1.23256,2.13523,1.12685,1
3.44710,3.65473,-0.05612,0.00984,0
0.20309,10.19206,-1.33815,-2.72988,0
13.18164,7.56087,-0.50920,0.58852,0
4.98111,0.68463,-0.05692,1.02289,0
0.89293,-4.36722,3.68226,-1.64993,0
-2.07817,-11.32041,12.23214,-0.80671,1
4.12774,3.02348,0.78329,1.40670,0
2.64804,4.26350,0.32527,0.39129,0
-1.94438,1.53366,-0.96606,-0.99008,1
2.38752,7.91717,-1.53333,0.11924,0
-4.63360,-10.97209,14.63052,-1.20620,1
-2.03598,-8.67012,9.06004,-0.41611,1
-4.13337,4.98088,-0.17906,-2.92151,1
0.67002,6.06157,1.08700,0.49636,0
1.22569,11.91086,-1.81173,-4.68160,0
0.77914,-1.13907,5.23924,0.25294,0
-2.55200,2.59285,-1.55047,-1.78954,1
6.89260,9.48771,-7.29138,-3.70100,0
4.84044,6.88192,-3.97952,-1.89830,0
3.15158,5.04198,-1.04411,-0.29826,0
-3.56647,6.53706,-1.59265,-5.85745,1
2.58733,1.45421,5.55751,0.81111,0
4.56413,1.44422,0.35453,1.43305,0
-0.35712,1.00985,-1.92384,-0.39776,1
-0.82531,8.77011,1.09975,-3.54687,0
0.49818,7.89514,-1.48994,-2.69885,0
4.67021,-4.86580,4.76893,0.55033,0
3.24655,1.57139,-6.43240,-2.42955,1
-0.37544,9.11182,-1.58182,-4.60434,0
2.38987,9.17667,-4.89736,-2.50869,0
0.50792,10.45431,0.78805,-5.44014,0
3.24643,-0.35894,1.95105,0.45528,0
2.47625,1.76802,-3.22572,0.18768,1
